articles,million,bhd,said,share,year,wa,petrona,ha,price,market,stock,group,thi,compani,billion,sen,malaysia,contract,oil,s,us,trade,profit,expect,ga,includ,project,also,research,today,per,net,klci,point,valu,sdn,develop,last,earn,revenu,valuat,kuala,fbm,lumpur,end,hold,time,higher,activ,quarter,financi,servic,lower,close,base,say,new,bank,may,first,fundament,oper,investor,current,would,note,bursa,due,index,secur,invest,rose,accord,gainer,2015,ad,fell,product,industri,busi,counter,posit,edg,score,two,rate,corp,gain,construct,could,capit,remain,manag,percent,local,offshor,one,announc,asset,report
0,8,8,8,2,6,4,6,3,0,3,1,7,1,3,0,2,2,2,3,0,1,0,0,1,2,0,3,3,0,0,0,3,0,0,1,4,2,2,0,1,0,1,0,1,1,1,2,1,0,1,4,1,2,1,0,0,0,0,0,1,0,0,0,1,2,0,0,1,0,2,0,0,1,0,0,1,0,0,2,0,0,0,1,0,2,0,1,0,0,0,0,0,0,0,0,4,3,1,0,1
1,0,0,0,0,0,0,0,0,0,0,1,1,0,0,0,0,0,0,0,0,0,0,0,0,0,0,0,0,0,0,0,0,0,0,0,0,0,0,0,0,0,0,0,0,0,0,0,0,0,0,0,0,0,0,0,0,0,0,0,0,0,0,0,0,0,0,0,0,0,0,0,0,0,0,0,0,0,0,0,0,0,0,0,0,0,0,0,0,0,0,0,0,0,0,0,0,0,0,0,0
2,5,2,2,2,2,0,1,1,0,1,1,3,2,1,0,2,0,2,0,0,0,1,1,1,0,0,0,0,0,0,0,2,0,0,0,0,0,0,0,2,0,1,0,1,1,0,1,0,0,2,0,2,1,0,0,0,0,0,0,2,0,0,0,0,0,0,0,0,0,0,1,0,0,0,0,0,1,0,0,1,0,0,0,0,1,0,0,0,1,0,0,0,1,0,0,0,1,0,0,1
3,0,22,3,2,0,1,1,1,0,2,3,2,0,2,0,0,1,0,0,4,2,2,0,1,0,3,0,1,1,2,0,0,3,1,0,0,0,0,2,0,0,1,2,1,0,2,0,0,2,0,0,0,0,0,0,0,0,1,3,0,0,0,1,1,3,0,0,0,1,0,0,1,1,1,0,0,1,0,2,0,0,0,0,0,0,0,2,0,0,0,0,1,0,2,1,0,0,0,0,1
4,3,1,1,3,2,0,2,0,2,0,0,3,2,1,2,5,0,0,0,0,0,1,1,0,0,0,0,0,0,0,1,1,0,0,0,0,0,2,0,1,0,1,0,1,0,0,1,3,0,2,0,0,0,0,0,0,0,0,0,0,0,0,0,0,0,0,0,0,0,0,0,2,0,0,0,0,0,0,0,0,0,0,0,0,0,0,0,2,0,0,0,0,0,0,0,0,0,0,0,0
5,0,0,0,1,1,0,0,0,1,0,3,1,1,0,0,0,0,0,0,0,0,0,0,0,0,0,0,0,0,0,0,1,0,0,0,0,0,0,1,0,0,1,0,1,0,0,0,1,0,0,0,0,0,0,0,0,0,1,0,0,0,0,0,0,0,1,0,0,0,0,1,0,0,0,1,0,0,2,0,0,0,0,0,0,0,0,0,1,0,0,0,1,0,0,0,0,0,0,0,1
6,4,1,5,2,2,2,2,2,2,1,1,4,2,0,7,4,0,0,0,0,0,0,4,2,9,0,1,2,0,1,2,2,0,0,0,0,0,1,0,5,0,1,0,1,1,0,0,7,1,1,0,1,3,0,0,0,2,0,0,1,0,1,0,1,0,0,0,3,0,0,0,0,0,0,0,0,0,0,0,0,0,1,0,0,0,0,0,0,0,0,1,1,0,0,1,0,0,1,0,0
7,0,10,13,0,2,1,1,0,0,13,6,0,3,0,0,0,2,0,0,1,2,2,0,1,1,1,0,0,5,2,0,0,3,4,0,0,0,1,0,0,0,1,3,1,2,1,0,1,0,0,0,1,3,3,1,0,0,0,2,0,0,0,0,0,2,0,0,0,5,0,0,0,1,1,0,0,1,0,2,0,0,0,0,0,0,0,1,0,0,0,0,1,0,4,0,0,1,1,0,0
8,1,3,1,2,1,1,1,0,0,0,0,0,1,1,0,2,0,3,0,0,0,1,0,0,0,0,0,0,0,0,0,0,0,0,1,1,0,0,0,0,0,1,0,1,0,1,0,0,0,0,0,0,0,0,0,0,0,0,0,1,0,0,0,0,0,0,0,0,0,0,0,1,0,0,0,0,0,0,0,0,0,0,0,0,1,0,0,0,0,0,0,0,0,0,0,0,0,0,0,0
9,1,3,5,1,1,0,1,4,0,0,1,0,4,2,0,2,0,1,0,1,0,0,1,0,0,0,0,0,0,1,0,0,0,0,1,2,2,0,0,0,0,1,0,1,0,0,2,0,0,0,0,3,1,1,0,0,0,0,0,0,0,2,0,1,0,0,0,0,0,1,0,0,0,0,0,3,0,0,3,0,0,0,0,0,0,0,0,1,4,0,0,0,0,0,1,0,1,0,0,0
10,0,6,4,1,4,2,3,5,1,3,0,0,2,4,0,0,0,0,4,0,0,0,0,0,3,1,0,2,0,1,0,0,0,0,1,1,0,1,1,0,0,1,0,1,0,0,2,0,0,0,0,2,0,0,0,1,1,0,0,0,0,4,0,0,2,0,0,0,0,0,0,0,0,0,0,1,0,0,2,0,0,2,0,0,1,0,0,1,0,0,0,0,4,0,0,2,1,0,0,0
11,0,5,1,1,3,1,3,3,0,3,1,0,1,2,0,0,0,0,1,0,0,0,0,0,1,1,0,2,0,1,0,0,0,0,1,0,0,1,1,0,0,1,0,1,0,0,0,0,0,0,0,0,0,0,0,0,1,0,0,0,0,3,0,0,0,0,0,0,0,0,0,0,0,0,0,0,0,0,1,0,0,2,0,0,1,0,0,0,0,0,0,0,2,0,0,3,1,1,0,0
12,1,3,5,1,2,1,13,3,0,1,1,0,2,1,0,2,0,8,2,0,0,0,0,0,2,2,4,3,0,2,0,0,0,0,0,1,1,0,0,0,0,1,0,1,0,0,2,1,0,0,0,0,0,1,0,2,1,0,0,1,0,0,0,1,0,0,0,2,0,0,0,0,1,0,0,5,0,0,0,0,0,0,0,0,0,0,0,0,3,0,0,0,0,0,0,1,0,0,0,0
13,3,3,4,2,2,1,4,0,0,1,1,1,1,0,2,0,0,0,1,2,2,1,0,0,0,1,0,0,0,0,0,0,0,0,1,1,1,0,3,0,0,1,0,1,1,1,0,0,0,0,1,0,2,0,1,0,0,1,0,0,0,1,0,0,0,0,0,0,0,0,0,0,0,0,0,0,0,0,0,0,0,0,0,0,0,0,0,0,0,0,0,0,0,0,0,0,0,1,0,0
14,0,3,2,1,3,1,3,2,0,0,1,0,1,0,0,2,2,5,1,0,0,1,0,0,0,1,1,0,0,0,0,0,0,0,0,2,0,0,1,0,0,1,0,1,0,0,0,0,0,0,0,3,0,1,0,0,1,0,0,0,0,0,0,0,0,0,1,0,0,1,0,0,0,0,0,0,1,0,0,0,0,1,0,0,0,1,0,0,1,0,0,0,0,0,0,1,0,1,0,0
15,85,17,10,0,24,6,0,4,2,1,1,15,1,4,33,0,10,2,0,20,0,0,30,8,0,1,3,3,0,1,1,32,0,0,0,0,6,3,2,29,0,1,0,1,1,8,2,11,0,3,2,5,5,0,1,0,4,4,1,4,0,2,0,3,1,0,1,7,0,0,3,7,0,0,1,0,4,1,0,2,0,2,0,0,1,1,3,4,3,0,1,2,1,0,1,0,0,1,1,1
16,12,2,3,2,3,2,1,0,1,2,1,2,0,0,0,2,0,1,0,2,0,0,4,1,0,0,0,0,0,1,0,4,0,0,0,1,3,0,1,5,0,1,0,1,1,0,0,3,1,1,0,2,2,0,0,0,0,0,0,1,0,0,0,0,1,0,0,2,0,0,0,1,0,0,0,0,1,3,0,0,0,0,0,0,0,0,0,0,0,0,0,1,1,0,0,0,0,0,1,1
17,10,3,3,2,3,2,1,0,3,0,2,1,1,1,0,5,0,3,2,4,0,2,5,2,1,0,0,0,3,0,0,5,0,0,1,1,0,1,3,3,0,1,0,1,1,0,0,3,1,1,1,1,1,0,0,0,2,0,1,1,0,1,0,0,0,1,0,1,0,0,0,0,0,0,0,0,3,0,1,0,0,0,0,0,0,0,0,1,0,0,0,0,0,0,0,0,0,0,0,0
18,0,4,2,4,1,2,3,0,0,3,2,0,0,0,2,2,6,0,1,9,3,3,0,0,4,0,0,0,0,2,0,0,3,7,0,0,0,1,0,0,0,1,1,1,1,2,0,0,0,1,0,0,1,1,0,0,0,1,0,0,0,0,1,0,1,0,2,0,1,1,0,1,0,2,0,1,2,1,1,0,0,1,0,0,0,0,1,0,0,0,0,0,0,3,1,0,0,0,0,1
19,4,1,4,3,3,1,3,0,7,0,3,3,1,0,7,2,0,0,0,0,0,1,3,5,0,0,0,1,3,0,0,3,0,0,0,0,0,0,3,3,1,1,0,1,1,1,0,2,0,1,1,0,1,0,0,0,1,1,0,1,0,1,0,0,0,0,0,0,0,0,1,1,0,0,0,0,1,1,0,0,2,2,0,0,0,0,0,2,0,0,0,0,0,0,0,0,0,0,0,1
20,2,2,0,3,2,1,2,1,10,0,2,2,2,0,2,2,0,1,1,0,1,0,2,5,0,1,0,2,1,0,5,2,0,1,0,0,0,0,5,5,1,0,0,0,0,0,2,3,2,1,1,0,5,0,0,0,1,1,0,0,0,0,0,0,0,0,0,1,0,0,1,1,0,0,0,0,2,5,0,0,0,0,1,0,1,0,0,0,0,0,0,0,0,0,0,0,0,0,0,1
21,0,2,0,8,0,1,2,0,1,1,1,0,0,0,2,1,3,0,1,5,0,2,1,0,0,0,0,1,0,1,0,0,4,3,1,1,0,0,1,0,0,1,1,1,0,0,1,0,0,0,0,0,1,2,0,0,0,0,0,1,0,0,2,0,0,0,3,0,1,1,0,2,0,2,0,0,4,0,1,0,0,1,0,0,0,0,0,1,0,0,0,0,0,0,1,0,0,0,0,2
22,10,4,0,12,12,6,1,10,8,2,2,11,15,4,4,5,0,2,0,0,5,0,3,5,0,1,22,1,0,0,4,2,0,3,5,3,1,7,11,4,2,0,0,0,0,1,1,1,0,1,1,10,0,5,0,2,3,4,0,3,0,1,5,0,6,3,0,1,0,1,3,0,1,0,0,1,0,1,0,4,0,1,2,0,0,3,0,0,1,6,0,0,3,0,1,0,2,1,0,3
23,1,4,1,1,0,1,2,0,0,0,0,1,0,0,0,1,0,2,0,0,0,1,0,0,0,0,4,0,0,0,0,0,0,0,1,1,1,0,0,0,0,1,0,1,0,0,0,0,0,0,0,0,0,0,0,0,0,0,0,0,0,0,0,0,0,0,0,0,0,0,0,2,0,0,0,0,0,0,0,0,0,0,0,0,2,0,1,0,1,0,0,0,0,0,0,0,0,0,0,0
24,12,3,1,26,5,23,2,3,13,6,3,2,13,5,8,0,2,0,0,0,2,1,0,3,0,0,0,2,0,0,5,0,0,3,1,0,0,3,0,0,1,0,0,0,0,1,3,0,0,0,0,1,1,3,2,1,2,9,0,5,0,0,12,1,16,2,1,3,0,0,5,0,0,0,0,0,0,0,2,2,0,3,2,0,4,0,0,0,1,4,2,0,3,0,0,0,5,0,0,0
25,1,3,6,3,2,4,7,2,0,1,1,0,1,0,1,1,2,6,1,2,0,1,0,0,0,0,0,1,0,4,1,0,0,0,0,1,0,3,0,0,0,1,0,1,0,1,1,0,0,0,0,5,0,1,0,2,0,0,0,0,0,1,0,0,0,0,0,2,0,0,0,0,0,0,0,0,0,3,0,0,0,0,0,0,2,0,0,0,0,0,0,0,0,0,0,0,0,0,0,1
26,2,4,1,6,0,3,4,0,2,1,4,0,0,0,2,3,4,0,2,2,3,2,0,0,4,1,0,0,1,1,1,0,3,2,0,1,0,0,0,0,0,1,1,1,0,0,0,0,0,0,0,0,0,2,0,0,1,1,0,0,0,0,3,0,0,0,3,0,0,2,0,1,1,1,0,0,4,0,0,0,0,0,0,0,0,0,0,0,0,0,0,0,1,1,0,0,1,0,0,1
27,0,6,0,2,0,2,3,0,0,0,1,1,0,0,2,3,2,0,0,1,0,1,0,0,0,0,0,0,0,1,0,0,3,3,0,0,0,0,0,0,0,1,1,1,0,1,0,0,0,0,0,0,0,1,0,0,0,3,1,0,0,0,0,0,0,0,2,0,1,0,1,2,0,2,0,1,0,0,0,0,2,1,0,0,0,0,0,0,0,0,0,0,1,0,0,0,0,0,0,0
28,0,3,2,6,0,4,3,0,2,2,3,0,2,1,2,1,3,1,6,2,6,2,0,1,4,0,0,2,0,0,0,0,2,3,0,0,0,0,0,0,0,1,1,1,2,1,0,3,0,0,0,0,1,2,0,0,0,0,2,0,0,0,0,0,1,0,2,0,0,2,0,5,0,2,0,0,0,1,1,0,1,0,0,0,0,0,0,4,0,0,0,0,0,0,0,0,0,1,0,2
29,5,5,0,3,1,2,7,0,0,0,1,0,1,0,0,3,1,0,0,4,0,1,2,0,3,0,0,2,0,2,0,2,0,0,0,2,0,0,0,0,0,1,0,1,1,0,0,0,0,2,0,1,1,2,0,0,0,0,3,1,0,0,2,0,0,0,1,0,0,0,0,2,1,0,0,0,1,0,2,0,0,0,0,0,0,0,0,0,0,0,0,0,0,0,0,0,0,1,0,0
30,0,0,0,0,2,1,1,2,2,27,3,0,6,5,0,0,9,0,0,0,1,0,0,0,0,2,0,4,0,1,0,0,0,0,2,0,4,1,0,0,0,0,0,0,0,0,0,0,1,0,0,7,0,0,0,0,0,2,0,0,0,1,0,1,0,0,0,0,0,0,8,0,0,0,0,0,0,9,0,9,0,1,0,0,0,0,0,0,0,0,0,2,3,0,0,0,1,0,1,0
31,1,5,2,4,0,3,3,0,0,3,5,0,1,0,2,3,4,0,0,3,0,2,0,0,0,0,0,1,1,0,0,0,2,2,0,1,0,0,0,0,0,1,1,1,0,0,0,0,0,3,0,0,1,1,0,0,0,1,3,3,0,0,2,0,0,0,2,0,1,1,0,1,0,2,0,0,2,1,0,0,0,0,0,0,0,0,0,0,0,0,0,0,0,0,0,0,0,1,0,0
32,3,3,1,1,0,0,3,1,0,1,0,0,0,1,1,2,1,3,1,1,1,1,0,0,1,0,1,0,0,0,0,0,0,0,0,2,0,0,0,0,0,1,0,1,0,0,0,0,0,0,0,0,0,0,0,0,0,0,1,0,0,0,0,0,0,0,1,0,0,0,0,2,0,0,0,0,0,0,0,0,0,0,0,0,2,0,1,0,0,0,0,0,0,0,0,2,0,0,0,0
33,4,6,9,10,4,0,2,3,7,1,2,6,3,1,7,4,1,9,5,0,3,0,1,4,3,0,0,1,0,0,2,1,0,0,0,2,1,0,1,0,1,1,0,1,1,4,0,0,0,1,3,2,1,1,0,1,1,2,5,0,0,1,1,0,0,1,2,0,0,2,2,0,0,0,0,3,0,1,0,2,1,2,1,0,3,3,1,0,0,0,2,2,1,0,1,1,1,0,1,1
34,1,4,3,4,0,5,1,1,1,1,2,0,2,1,1,2,4,0,0,0,0,3,0,1,0,0,1,0,0,1,0,0,0,0,0,3,1,1,0,0,0,2,0,2,0,2,0,0,1,0,1,0,0,1,0,0,0,0,1,0,0,0,0,0,0,0,0,0,0,0,0,1,0,0,1,0,0,0,0,0,0,0,1,0,0,0,1,0,0,0,0,0,0,0,0,0,0,0,1,1
35,2,6,2,3,0,6,1,1,1,2,2,2,0,1,2,2,11,0,0,0,0,4,0,2,0,0,2,3,0,0,0,0,0,0,0,4,3,4,0,0,0,2,0,2,0,2,0,0,0,0,0,0,0,1,0,0,1,0,0,0,0,0,0,0,1,0,0,0,0,0,1,0,0,0,1,0,0,0,0,0,0,0,0,0,1,0,1,1,0,1,0,0,0,0,0,0,2,0,1,2
36,2,1,4,2,1,0,7,0,4,1,1,4,0,1,7,1,2,0,1,2,1,1,2,1,0,1,0,0,0,2,0,2,0,0,1,0,0,0,0,3,0,1,0,1,0,0,0,7,1,3,0,0,1,0,0,0,0,0,1,1,0,3,0,0,0,0,2,1,0,0,0,2,0,0,0,0,1,5,1,0,0,0,0,0,0,1,0,0,0,0,0,0,1,0,0,0,0,0,0,0
37,3,3,3,2,0,1,3,1,0,0,2,2,0,0,1,2,2,4,2,3,1,1,0,1,2,0,1,0,0,2,0,1,0,0,1,2,0,0,1,0,0,1,0,1,1,0,0,0,0,0,2,1,0,0,0,0,0,0,1,0,0,0,0,0,0,0,2,0,0,0,0,1,1,0,0,0,0,0,0,0,0,1,0,0,4,0,1,0,0,0,0,0,0,0,0,2,0,0,1,0
38,2,2,0,2,6,1,1,1,0,0,1,3,3,0,3,1,0,1,4,0,3,1,0,2,3,0,1,0,0,0,5,0,0,0,2,0,1,1,5,1,0,0,0,0,0,2,5,4,0,0,2,1,0,0,2,0,1,1,0,1,0,1,0,1,0,0,0,0,0,0,0,0,0,0,0,0,0,2,0,0,0,0,0,0,0,2,2,0,0,0,1,0,0,0,0,0,0,1,1,0
39,3,7,3,1,2,1,3,1,0,1,1,1,4,1,0,1,0,12,0,0,0,1,0,0,0,0,0,1,0,0,0,0,0,0,0,3,0,0,1,0,0,1,0,1,1,0,0,0,0,0,1,2,0,1,0,0,0,0,0,0,0,0,0,0,0,0,0,0,0,0,0,0,0,0,1,0,0,1,0,0,0,1,0,0,1,0,0,1,1,0,1,0,0,0,1,6,0,0,0,0
40,38,32,15,14,6,8,3,9,7,3,2,17,2,5,5,10,8,5,0,6,2,0,2,6,0,3,5,0,0,9,4,3,0,0,6,6,9,0,1,3,1,3,0,3,3,7,0,0,1,5,2,2,2,1,2,2,1,2,3,2,0,3,1,1,2,1,3,3,0,2,7,1,1,0,0,1,1,1,4,6,0,0,1,0,4,0,1,1,2,0,4,1,3,0,0,0,2,1,1,2
41,5,2,7,1,2,0,1,2,2,1,1,2,6,1,4,2,1,6,1,6,0,1,3,1,0,1,6,0,2,0,0,1,0,0,3,1,1,0,2,1,1,1,0,1,0,2,0,2,0,1,0,0,0,0,1,0,5,7,0,2,0,1,0,2,0,1,0,2,0,6,0,0,1,0,0,4,0,0,0,1,0,1,0,0,0,1,0,1,1,2,0,0,1,0,0,0,0,1,0,0
42,2,6,0,6,2,0,2,2,3,1,0,2,0,0,0,4,0,0,0,0,0,1,0,0,1,0,0,0,0,0,0,0,0,0,0,2,0,1,0,0,1,0,0,0,0,0,0,0,0,0,0,0,0,0,0,0,0,0,0,0,1,0,0,0,0,0,0,0,0,0,0,0,0,0,0,0,1,0,2,0,1,0,0,0,0,0,0,0,0,0,0,0,0,0,0,0,1,1,0,0
43,0,0,0,0,3,0,3,0,6,0,1,0,7,0,0,0,0,0,0,0,1,1,0,0,0,0,0,4,2,3,4,1,0,1,0,0,1,2,0,0,0,7,0,7,0,0,5,0,0,0,0,0,0,1,1,0,1,0,1,3,0,0,0,2,0,0,0,0,0,0,0,0,0,0,0,0,0,2,1,0,0,0,0,0,2,0,0,0,0,0,0,0,0,0,0,0,5,0,0,0
44,7,4,3,3,1,1,3,6,1,0,1,7,2,0,5,1,1,7,1,8,2,2,1,0,1,0,1,4,2,2,1,1,0,0,1,0,0,0,3,0,0,1,0,1,0,1,0,0,0,0,0,3,1,0,1,0,3,1,0,0,0,0,0,3,0,1,0,0,0,4,0,0,0,0,0,1,0,1,0,0,0,0,0,0,0,0,1,0,2,1,0,0,1,0,0,2,1,1,3,2
45,3,6,4,2,0,0,2,2,0,0,0,1,1,1,0,1,1,9,0,0,1,2,0,0,0,0,1,2,0,0,0,0,0,0,0,4,0,0,0,0,0,1,0,1,0,0,0,0,1,0,0,0,0,0,0,0,0,0,0,0,0,1,0,0,0,0,0,0,0,0,0,2,0,0,0,0,0,0,0,0,0,0,0,0,0,0,0,0,2,0,0,0,0,0,0,3,0,0,0,0
46,4,2,8,2,11,4,1,1,3,4,1,8,5,1,0,2,3,0,8,0,1,0,2,3,1,1,0,4,0,0,2,1,0,1,0,1,1,2,0,5,0,1,0,1,1,1,0,0,2,0,1,1,1,1,1,0,0,0,0,0,0,1,0,4,2,0,0,2,0,1,0,0,0,0,0,3,1,2,4,1,0,0,1,0,0,0,0,0,0,0,0,0,1,0,0,0,1,0,0,1
47,0,2,1,5,0,0,3,0,1,2,1,1,0,0,2,1,2,0,1,2,0,0,2,1,0,0,0,0,1,1,0,0,3,3,1,0,0,0,1,0,0,1,1,1,1,0,0,1,0,0,0,0,0,1,0,0,0,1,0,0,0,0,3,0,0,0,2,0,2,0,1,2,0,2,0,0,2,0,0,0,0,0,0,0,0,0,0,1,0,0,0,1,0,0,1,0,0,0,0,1
48,0,0,0,3,1,1,1,6,0,0,1,0,5,0,0,0,0,0,0,0,1,0,0,0,0,6,0,1,0,0,0,0,0,1,0,0,1,0,0,0,0,1,0,1,1,0,4,0,0,0,0,1,0,1,1,0,3,1,1,2,0,0,0,2,0,1,0,0,0,0,0,1,0,0,0,0,0,1,2,0,0,0,1,2,1,0,0,0,0,1,0,0,0,0,2,0,8,0,0,0
49,12,2,12,3,7,2,1,3,4,5,2,11,2,1,0,1,1,1,2,0,0,1,9,1,0,1,0,1,0,0,1,5,0,0,1,0,0,4,1,2,0,1,0,1,1,1,2,2,0,0,2,0,0,0,0,0,1,0,1,1,0,3,0,4,1,0,0,1,0,0,1,1,0,0,0,4,0,3,4,9,0,1,0,0,1,0,0,0,2,0,0,2,2,0,0,0,3,0,1,1
50,6,5,3,5,4,1,1,1,2,1,0,0,0,0,0,4,1,0,0,2,0,1,1,0,1,0,0,1,0,3,0,6,0,0,0,0,0,0,3,0,0,1,0,1,1,1,0,0,0,2,2,0,1,0,0,0,0,2,0,0,0,0,0,0,0,1,0,0,0,0,2,0,0,0,0,0,2,0,0,0,0,0,0,0,0,0,0,0,0,0,0,0,0,0,0,0,1,1,0,0
51,16,33,5,17,9,6,1,8,2,10,1,6,2,5,3,20,5,6,0,9,1,6,2,2,0,1,3,2,4,15,6,5,0,0,6,10,4,4,1,3,0,1,0,1,3,5,0,0,3,1,2,5,1,5,3,0,1,0,1,0,0,1,0,0,1,3,7,1,0,0,1,4,2,1,0,1,1,1,3,2,0,0,0,0,2,0,1,0,4,2,1,1,0,0,0,2,1,2,1,2
52,1,1,0,2,6,1,2,1,0,0,1,6,2,0,0,3,2,1,2,0,2,1,0,2,2,1,0,1,0,0,1,0,0,0,4,0,1,1,2,0,0,0,0,0,0,2,0,0,0,1,2,0,0,0,1,0,2,1,0,0,0,2,0,1,0,0,0,0,0,4,0,0,0,0,0,0,0,1,0,0,0,1,0,0,1,2,2,0,0,1,0,0,1,0,0,0,0,1,1,0
53,0,2,8,1,0,1,2,4,2,3,1,1,1,4,2,0,5,0,2,0,8,1,0,1,0,0,0,0,0,0,1,0,0,0,0,0,0,0,1,0,1,1,0,1,3,0,1,1,0,0,0,1,0,0,0,0,0,0,0,0,2,0,0,0,0,0,0,1,0,1,2,0,0,0,1,0,0,1,0,0,0,3,0,0,0,0,0,0,0,0,2,0,6,0,0,0,0,0,3,0
54,4,5,0,5,1,6,1,9,5,3,2,5,5,5,10,0,2,1,0,0,0,1,1,0,0,0,2,3,1,0,1,1,0,0,3,3,2,7,0,2,6,0,0,0,2,3,3,1,0,3,1,0,1,3,1,5,2,2,4,0,0,3,0,0,5,1,2,0,0,0,2,0,1,0,0,0,0,0,0,5,0,0,0,0,1,0,1,0,8,1,1,0,1,0,0,0,1,3,1,2
55,0,4,0,3,5,0,2,1,1,0,1,0,2,2,2,3,0,1,0,0,0,2,0,2,0,0,0,0,1,0,1,0,0,0,0,0,0,1,5,0,3,0,0,0,1,2,1,0,0,2,1,0,1,0,0,0,0,0,0,0,0,0,0,2,0,0,0,1,0,0,0,0,0,0,0,0,0,2,0,0,0,2,0,0,0,0,0,0,1,1,0,0,0,0,0,0,1,1,0,3
56,2,3,1,2,1,0,2,2,0,1,1,1,0,1,1,1,2,4,0,0,1,1,0,1,0,0,2,0,0,2,1,0,0,0,1,2,1,0,0,0,0,1,0,1,0,0,0,0,0,0,0,0,0,0,1,0,0,0,0,0,0,0,0,0,0,0,2,0,0,0,0,1,0,0,0,1,0,0,0,1,0,0,0,0,1,0,0,0,1,0,0,0,0,0,0,0,1,0,0,0
57,4,2,1,2,2,4,1,0,0,0,0,1,0,0,6,1,0,0,0,0,0,0,4,1,1,0,1,0,0,0,0,3,0,0,0,0,0,0,0,4,0,1,0,1,2,0,0,0,0,2,1,0,2,0,0,0,1,0,1,0,0,2,0,2,0,0,0,0,0,0,0,0,0,0,0,0,2,0,0,0,0,0,0,0,0,0,0,0,0,0,0,2,0,0,0,1,0,0,1,1
58,21,22,12,8,10,3,3,8,2,2,3,4,3,9,0,7,8,4,1,3,4,3,5,1,0,4,1,3,0,8,5,4,0,0,0,5,1,0,1,4,0,1,0,1,3,3,0,0,2,4,3,2,1,0,1,0,0,1,3,0,0,2,1,0,4,1,7,2,0,4,1,0,2,0,0,1,2,2,0,8,0,0,1,0,0,0,5,0,4,1,3,2,2,0,1,1,0,2,1,4
59,1,4,1,2,0,0,1,0,0,0,0,1,2,0,1,2,1,1,0,2,0,0,0,0,0,1,1,0,0,0,0,0,0,0,0,2,1,0,0,0,0,1,0,1,0,1,0,0,0,0,0,0,0,0,0,0,0,0,0,0,0,0,0,0,0,0,1,0,0,0,0,1,0,0,0,1,0,0,0,0,0,0,0,0,0,0,0,0,1,0,0,0,0,0,0,0,0,0,0,0
60,0,1,2,2,0,0,5,0,0,1,1,1,0,0,1,1,1,0,0,0,0,1,0,0,0,0,0,0,0,1,0,0,0,0,1,0,0,0,0,0,0,1,0,1,0,0,0,0,0,0,0,0,0,0,0,0,0,0,0,0,0,0,0,0,1,0,1,0,0,0,0,0,0,0,0,0,1,2,2,0,0,0,0,0,1,0,0,0,0,0,0,0,0,0,0,0,0,0,0,0
61,3,5,0,0,0,0,1,1,2,0,1,0,1,0,1,0,2,5,2,0,1,0,0,2,2,1,6,0,1,0,0,0,0,0,1,2,1,0,0,0,0,0,0,0,0,1,0,0,0,0,0,1,1,0,1,0,0,0,1,0,0,0,0,0,1,0,0,0,0,4,0,0,0,0,0,0,0,1,0,0,0,0,0,0,0,0,0,0,0,0,0,0,0,0,0,7,1,0,0,0
62,3,3,5,3,1,0,1,0,0,1,2,1,0,1,1,1,3,7,1,0,1,1,0,1,2,1,3,0,0,0,0,0,0,0,1,2,1,0,1,0,0,1,0,1,1,0,0,0,0,0,2,2,1,0,0,0,0,0,0,0,0,0,0,0,0,0,1,0,0,1,0,0,0,0,0,0,0,0,0,0,0,1,0,0,0,0,0,0,1,0,1,0,0,0,0,4,2,1,0,0
63,1,3,0,4,2,0,1,1,1,0,1,0,2,1,0,2,0,2,0,0,0,2,0,1,0,0,1,0,0,0,0,0,0,0,1,1,1,2,1,1,1,0,0,0,1,0,2,0,0,0,1,0,0,1,0,0,0,0,0,0,1,0,0,1,0,0,0,0,0,0,0,1,0,0,0,0,0,0,0,0,0,1,0,0,0,0,1,0,0,0,0,0,1,0,0,0,1,0,0,0
64,7,1,3,3,3,3,2,0,6,0,2,0,1,0,6,3,1,0,0,3,0,2,4,1,0,0,0,0,4,3,0,5,0,0,1,0,0,2,3,5,0,1,0,1,2,0,0,1,0,3,0,0,1,0,0,0,0,0,0,1,0,2,0,1,0,3,1,2,0,0,0,0,1,0,0,1,3,0,0,0,0,0,0,0,0,0,0,2,0,0,0,1,0,0,1,0,0,0,0,0
65,8,18,2,1,20,4,6,3,2,0,2,2,4,21,7,0,4,0,5,0,1,0,11,2,4,4,2,1,0,0,0,1,0,0,1,1,2,7,10,2,0,1,0,1,0,0,2,10,1,11,0,3,7,1,1,0,3,1,6,6,0,3,2,2,0,2,1,10,0,0,2,2,0,0,0,0,0,0,4,5,0,1,0,0,2,3,3,0,0,5,3,0,0,0,0,0,0,0,3,0
66,9,1,6,3,4,1,9,0,5,1,1,3,1,1,7,2,2,0,2,1,2,1,5,1,0,0,3,1,0,2,0,4,0,0,0,0,1,0,0,2,0,1,0,1,1,0,0,0,1,4,0,0,4,0,0,0,0,0,0,0,0,1,0,0,1,0,2,1,0,0,0,0,1,0,1,0,2,5,0,0,0,0,0,0,0,1,0,0,0,0,0,0,1,0,0,0,1,0,2,0
67,0,6,0,0,1,0,3,1,1,1,8,1,3,1,0,0,3,0,0,0,0,3,0,0,6,0,0,2,1,0,3,0,0,0,0,0,0,0,6,0,7,0,0,0,0,0,3,1,0,0,1,0,1,0,0,0,0,0,2,1,0,1,2,1,0,0,0,0,0,0,0,0,0,0,0,0,0,0,0,0,0,2,1,0,1,1,1,0,0,1,1,1,0,0,0,0,0,0,0,1
68,2,4,0,3,5,1,5,4,2,0,1,9,7,0,4,0,1,2,1,0,2,1,2,1,3,1,4,1,1,0,1,4,0,0,5,1,6,0,2,0,0,0,0,0,0,2,1,0,1,1,2,1,0,0,1,0,0,1,0,4,0,2,0,1,0,0,0,1,0,0,1,0,0,0,0,0,0,3,0,0,0,0,1,0,0,0,0,0,0,0,2,0,0,0,0,0,0,2,4,0
69,1,5,4,2,0,1,5,0,0,1,1,0,1,0,1,1,2,2,1,0,0,0,0,0,0,0,0,0,0,2,0,0,0,0,0,3,1,0,0,0,0,1,0,1,0,1,0,0,0,0,0,1,0,0,0,0,0,0,0,0,0,1,0,0,1,0,1,0,0,0,0,1,1,0,0,0,0,2,0,0,0,0,0,0,0,0,0,0,0,0,1,1,0,0,0,1,1,0,0,0
70,5,4,0,2,4,2,3,6,2,1,1,6,1,0,3,0,2,1,1,0,3,1,1,1,10,1,3,0,1,0,1,3,0,0,6,2,1,1,2,0,0,0,0,0,0,2,1,0,1,2,2,0,0,0,1,0,0,1,0,3,0,1,0,2,0,0,0,3,0,0,0,0,0,0,0,0,0,1,0,0,0,0,1,0,0,1,0,0,0,0,1,0,0,0,0,2,0,1,3,1
71,13,6,0,1,10,3,4,9,4,5,1,0,5,7,0,1,3,3,9,0,10,0,3,1,2,1,0,2,1,1,3,4,0,3,2,0,0,3,2,3,1,0,0,0,2,1,4,1,1,5,2,1,0,0,4,12,5,1,2,4,0,2,1,1,4,0,0,0,0,1,1,0,0,0,0,0,0,1,8,2,0,1,3,0,4,5,0,0,0,2,0,2,3,0,1,4,2,2,2,1
72,3,3,2,5,2,2,3,1,1,0,1,0,0,0,0,3,2,2,2,2,0,3,0,1,1,0,0,0,0,1,1,1,0,0,0,1,0,0,1,0,0,1,0,1,1,0,0,0,1,0,1,0,0,0,0,0,0,0,0,0,0,0,1,0,0,0,1,0,0,1,0,1,0,0,0,0,0,0,1,0,2,0,0,0,0,0,0,1,0,0,1,0,0,0,1,0,0,0,1,0
73,1,4,2,2,0,0,2,0,0,0,0,1,1,1,1,2,0,2,0,1,0,0,0,0,0,0,2,0,0,0,0,0,0,0,0,2,2,0,0,0,0,1,0,1,0,1,0,0,0,0,0,0,0,0,0,0,0,0,0,0,0,0,0,0,0,0,0,0,0,0,0,1,0,0,0,1,0,0,0,0,0,0,0,0,0,0,0,0,0,0,0,0,0,0,0,0,0,0,0,0
74,2,4,3,2,1,0,2,0,0,1,1,2,0,0,1,1,1,3,0,2,0,1,0,1,0,0,3,0,0,1,0,1,0,0,1,2,1,0,1,0,0,1,0,1,1,1,0,0,0,0,1,0,0,0,0,0,0,0,0,0,0,0,0,0,0,0,1,0,0,0,0,0,0,0,0,0,0,0,0,0,0,1,0,0,0,0,0,0,0,0,0,0,0,0,0,0,0,0,1,0
75,0,6,0,0,0,1,1,1,4,3,3,1,4,1,2,0,0,0,0,0,3,1,0,2,0,0,0,2,1,0,1,0,4,4,0,0,2,0,0,0,0,0,4,0,3,2,2,0,4,0,1,0,1,1,0,0,0,0,2,1,1,0,0,0,2,0,0,1,15,0,2,1,0,0,0,0,2,0,1,0,0,1,1,0,1,2,0,0,0,0,0,1,4,0,0,0,0,0,2,2
76,2,4,0,1,4,0,2,3,0,0,1,2,3,0,1,2,0,3,2,0,1,1,0,1,2,1,0,1,1,0,2,0,0,0,3,1,1,0,2,1,0,1,0,1,1,2,0,0,0,1,3,0,0,0,1,0,0,0,2,1,0,3,0,3,0,0,0,1,0,3,0,0,0,0,0,0,0,0,0,0,0,1,1,0,2,5,2,0,0,1,1,1,0,0,0,0,1,0,1,0
77,7,2,0,4,13,4,6,9,5,3,1,10,6,1,8,0,2,3,4,0,9,1,2,0,8,0,5,2,2,1,5,2,0,0,1,0,2,7,1,1,0,0,0,0,1,0,4,0,0,2,0,0,1,1,1,8,1,1,1,4,0,2,0,3,3,1,0,0,0,1,5,1,1,0,1,1,0,7,2,2,1,0,2,0,5,0,0,0,1,1,1,0,1,0,0,0,4,0,0,0
78,2,3,5,4,4,0,1,5,1,2,1,2,2,0,1,4,0,3,5,0,0,0,1,1,3,0,0,1,2,0,0,4,0,0,2,2,0,2,2,0,0,1,0,1,2,0,0,0,0,1,2,5,1,0,0,1,0,0,2,3,0,1,0,0,0,1,0,2,0,0,0,0,0,0,1,0,2,0,0,0,1,1,1,0,1,3,1,0,0,0,1,0,0,0,0,1,1,1,1,1
79,5,2,5,6,7,5,13,6,11,1,4,4,5,2,0,4,3,0,3,0,2,2,4,1,0,0,3,0,3,0,6,2,1,0,1,1,0,4,4,0,1,1,1,1,2,1,7,2,0,3,4,0,1,0,1,0,0,1,2,3,0,3,0,1,3,2,0,0,0,2,2,0,0,0,0,0,0,1,0,3,0,0,2,0,2,2,0,0,0,1,1,0,2,0,0,0,3,0,0,0
80,2,3,2,1,1,2,3,2,1,1,1,1,1,1,0,5,1,4,0,0,0,1,0,1,0,0,0,0,0,2,0,1,0,0,1,2,0,1,1,0,0,1,0,1,0,0,0,1,1,0,0,3,0,0,0,0,0,0,3,0,0,0,0,1,0,0,1,0,0,0,0,1,0,0,0,0,0,0,0,0,2,1,0,0,1,0,0,1,0,0,0,0,0,0,0,0,1,2,1,0
81,0,7,0,1,0,1,1,0,4,2,3,0,4,1,2,0,0,0,0,0,3,4,0,1,0,0,0,2,1,0,1,0,4,4,0,0,1,0,0,0,0,0,4,0,2,3,2,0,4,0,1,1,1,1,0,0,0,2,4,1,1,0,0,0,2,0,0,1,15,0,4,1,0,0,1,0,0,0,1,0,0,0,1,0,0,1,0,0,1,0,0,0,1,0,0,0,0,0,0,1
82,2,2,4,3,2,0,3,3,4,0,3,0,2,1,2,1,0,0,0,6,0,0,1,0,0,0,0,0,0,2,0,1,0,0,0,0,0,1,0,1,0,1,0,1,1,0,0,2,0,2,0,0,0,0,0,0,0,1,3,2,0,0,0,0,0,2,0,0,0,0,1,1,0,0,0,0,1,0,0,0,0,0,0,0,0,0,0,0,0,0,0,0,0,0,0,0,0,1,0,0
83,4,4,6,5,2,2,1,0,3,3,1,0,0,0,4,1,2,0,0,3,0,1,1,1,0,0,0,0,0,1,1,2,0,0,2,2,1,1,1,1,0,1,0,1,1,0,0,0,1,0,1,0,0,2,0,0,0,0,2,0,0,0,0,0,0,0,2,0,0,0,0,2,0,0,0,0,2,0,0,0,0,0,0,0,0,0,0,0,0,0,0,0,0,0,0,0,0,1,1,2
84,3,2,2,4,0,4,3,2,4,0,1,1,0,0,0,3,0,0,1,2,3,2,2,0,5,0,0,0,1,1,1,1,0,0,1,0,0,1,3,0,0,1,0,1,1,2,0,0,0,2,0,0,2,0,0,0,0,0,1,1,0,0,1,0,0,1,0,0,0,0,0,2,0,0,0,0,0,0,0,1,0,0,0,0,1,1,0,0,0,0,0,2,0,0,0,0,1,1,0,1
85,4,4,4,7,2,2,1,0,2,2,1,0,0,1,3,1,5,0,0,6,0,1,1,1,0,0,0,0,0,2,1,2,0,0,1,2,0,1,1,1,0,1,0,1,1,0,1,0,1,0,1,0,0,1,0,0,0,0,1,0,0,0,0,0,0,0,5,0,0,0,0,1,0,0,0,0,3,0,0,0,0,0,0,0,0,0,0,0,0,0,0,0,0,0,0,0,0,1,1,1
86,13,3,3,5,5,2,2,5,1,3,1,3,3,1,1,4,1,1,3,2,0,1,3,2,3,2,4,1,0,2,3,3,0,0,1,0,0,0,0,4,0,1,0,1,1,1,0,1,1,7,1,3,2,0,0,0,1,0,1,1,0,3,0,3,0,0,0,2,0,1,1,1,1,0,1,2,1,1,2,5,0,2,0,0,1,0,0,0,0,0,0,2,2,0,0,3,0,0,0,0
87,6,2,1,5,1,3,4,0,0,0,1,2,2,0,6,5,1,0,0,0,0,0,5,1,4,0,1,0,0,0,0,2,0,0,0,0,0,1,0,2,1,0,0,0,1,0,1,2,1,2,2,0,3,1,0,0,0,0,0,2,1,1,0,2,0,0,1,2,0,0,1,0,0,0,2,0,0,0,0,1,0,0,1,0,0,0,0,0,0,0,0,1,0,0,0,0,0,0,1,0
88,3,6,0,2,1,1,5,0,3,3,1,2,1,6,3,1,0,2,1,0,4,0,0,1,0,0,10,1,1,0,9,0,0,0,0,3,1,0,1,0,0,0,0,0,0,0,2,0,0,0,2,0,0,0,0,0,0,0,0,1,1,0,0,0,0,3,0,1,0,0,5,0,1,0,2,0,0,2,0,0,0,0,1,0,2,0,2,0,1,0,0,1,0,0,0,0,0,0,0,0
89,19,21,13,19,5,6,2,10,11,6,1,16,1,7,1,5,16,0,0,2,0,2,1,2,0,4,6,1,0,7,5,4,0,0,1,4,1,2,1,2,0,1,0,1,2,8,0,2,1,1,2,2,0,4,4,0,4,4,3,3,0,1,0,0,2,0,12,1,0,1,2,1,1,0,2,2,1,1,2,7,0,1,0,0,1,1,1,0,0,0,4,1,3,0,0,0,3,6,4,3
90,1,5,4,2,1,3,7,5,0,1,1,2,3,3,1,1,4,2,1,0,0,1,0,3,1,1,0,0,0,0,1,0,0,0,1,1,2,0,0,0,0,1,0,1,0,1,4,0,0,1,4,2,0,1,1,0,4,1,1,1,0,3,0,4,0,1,0,0,0,0,0,0,0,0,1,2,0,0,1,2,0,4,1,0,0,0,0,0,0,0,0,0,7,0,0,1,1,0,1,0
91,45,10,18,11,10,10,3,7,1,5,1,6,5,6,1,10,4,3,1,9,2,0,7,0,1,1,1,1,1,6,4,8,0,0,3,1,3,1,0,8,0,1,0,1,6,4,0,0,1,7,7,3,7,0,1,0,1,0,3,1,0,3,0,1,3,1,5,9,0,1,2,0,1,0,1,1,2,3,6,3,0,1,0,0,1,0,1,7,0,1,6,1,1,0,0,1,2,2,2,1
92,0,3,4,2,1,1,4,2,0,1,1,0,2,3,1,1,2,1,1,0,0,0,0,0,1,0,0,0,0,2,0,0,0,0,0,0,0,0,0,0,0,1,0,1,0,1,0,0,0,0,2,1,0,0,0,0,1,0,2,0,0,0,0,2,2,0,1,0,0,0,0,0,0,0,0,0,1,0,1,0,0,2,0,0,1,0,0,0,0,0,0,0,2,0,0,0,0,1,0,0
93,1,3,2,2,1,0,2,0,0,0,0,1,0,0,0,2,0,3,1,1,0,1,0,1,1,0,0,0,0,1,0,0,0,0,0,2,0,0,1,0,0,1,0,1,1,0,0,0,0,0,0,1,0,0,0,0,0,0,0,0,0,0,0,0,0,0,0,0,0,0,0,2,0,0,0,0,0,0,0,0,0,1,0,0,0,0,0,0,0,0,0,0,0,0,0,0,1,0,0,0
94,12,21,17,8,6,4,2,7,7,4,1,9,3,11,0,5,7,11,3,6,1,0,1,7,3,3,5,0,0,6,2,0,0,0,2,10,7,1,2,2,0,2,0,2,0,7,1,0,3,0,0,12,0,1,2,1,1,2,3,1,0,0,0,1,0,0,6,1,0,2,1,0,0,0,1,0,0,2,0,2,0,2,0,0,2,0,1,0,7,1,4,0,3,0,0,0,0,4,5,0
95,10,5,0,1,1,3,2,1,5,0,1,4,2,0,2,1,0,3,5,0,0,0,3,4,1,0,1,1,0,0,3,2,0,2,2,1,0,1,5,2,0,0,0,0,1,4,2,1,0,2,2,2,5,0,1,0,3,0,2,1,0,2,0,0,2,2,0,3,0,2,0,0,0,0,5,0,0,0,0,2,0,1,1,0,1,0,0,1,0,2,1,1,0,0,0,3,0,0,0,0
96,2,1,6,3,0,4,1,0,2,0,4,0,0,0,0,1,0,0,0,0,0,3,0,0,1,0,0,0,4,0,0,0,0,0,0,0,0,0,0,0,0,1,0,1,0,0,0,1,0,0,0,0,0,1,0,0,0,0,0,0,0,0,0,1,1,1,0,0,1,0,0,0,0,0,0,0,0,0,0,0,0,0,0,0,0,0,0,0,0,0,0,1,0,0,0,0,0,0,0,0
97,0,12,2,1,0,7,0,0,0,0,0,3,2,2,1,8,1,2,2,0,0,0,0,2,1,1,0,1,4,3,0,0,1,0,0,0,1,0,0,0,0,1,1,1,0,2,1,0,0,0,0,1,0,0,0,0,0,1,0,0,0,1,1,0,1,2,0,1,0,0,1,0,0,0,0,0,0,1,2,0,1,0,0,0,0,0,1,0,0,0,1,1,0,0,0,1,0,1,0,0
98,3,3,4,4,1,1,3,0,6,2,1,0,0,2,2,1,0,0,5,6,5,0,2,0,1,0,1,1,1,2,4,2,0,0,1,0,0,1,1,0,2,1,0,1,1,1,1,1,0,0,1,0,3,0,3,0,0,1,1,0,2,0,0,0,1,2,0,1,0,0,1,0,1,0,0,1,2,1,0,1,0,0,1,3,0,0,0,0,0,1,0,0,0,0,0,0,0,1,3,1
99,32,19,12,15,9,7,3,11,3,3,3,8,3,11,2,8,2,7,0,15,1,2,6,4,0,2,4,4,1,7,5,7,0,0,4,5,10,0,1,9,2,1,0,1,5,2,0,9,0,6,2,0,0,0,3,1,1,0,1,1,2,1,0,0,1,1,3,2,0,3,2,2,3,0,5,1,1,1,0,2,0,1,1,3,0,0,2,0,2,1,0,2,1,0,1,3,0,1,1,3
100,1,2,2,2,0,1,3,1,1,1,1,1,0,1,1,1,1,1,1,3,4,0,1,0,0,0,0,1,1,3,1,0,0,0,1,0,0,0,0,0,2,1,0,1,0,0,0,1,0,0,0,1,0,1,2,0,0,0,0,0,2,2,0,0,1,1,1,0,0,0,0,0,0,0,0,1,0,2,0,0,0,0,1,3,0,0,0,0,0,0,0,0,0,0,0,1,0,0,1,0
101,0,8,0,2,0,2,1,1,0,1,1,1,1,1,2,1,2,0,0,4,0,0,1,0,0,0,0,2,1,1,1,0,0,0,1,0,0,0,0,0,2,1,0,1,0,1,0,0,0,0,0,0,1,1,2,0,0,0,0,0,2,1,0,2,0,1,0,0,0,0,0,0,0,0,0,0,0,0,0,0,0,0,1,3,0,0,2,0,0,0,0,0,1,0,0,0,0,0,0,0
102,0,2,6,0,3,2,7,0,3,0,2,0,0,2,4,0,0,0,4,2,3,0,1,4,1,0,5,1,1,0,1,0,0,0,3,0,3,1,0,0,2,1,0,1,0,0,0,2,2,0,0,1,2,0,3,0,0,1,0,0,2,1,0,1,2,2,0,1,0,0,1,0,1,0,0,0,0,4,1,0,0,1,1,3,0,0,0,0,0,0,1,0,0,0,0,0,0,0,0,2
103,3,8,0,2,4,0,1,7,21,6,8,2,1,4,0,0,3,2,27,0,9,1,0,5,3,2,3,2,2,0,4,0,0,4,1,0,3,0,4,0,0,0,0,0,1,1,0,2,0,0,0,0,0,0,0,10,0,1,2,1,0,0,3,0,0,0,0,1,0,1,1,0,0,0,4,0,0,4,0,0,0,1,2,0,2,0,0,0,0,2,0,1,0,0,1,1,0,1,3,0
104,5,6,0,4,3,3,5,11,9,0,2,0,5,10,0,2,3,1,8,0,4,1,1,1,2,0,0,3,5,1,3,1,0,0,0,2,0,1,2,0,0,0,0,0,1,2,10,1,0,5,0,0,1,0,1,5,3,1,1,1,0,3,1,2,1,1,1,0,0,1,1,0,1,0,2,0,0,0,2,0,0,0,1,0,1,2,0,0,0,0,0,0,6,0,0,11,1,0,1,2
105,9,1,5,0,3,0,1,3,0,1,2,5,4,1,7,0,1,0,0,1,0,0,1,1,0,2,7,1,1,1,0,0,0,0,3,0,1,0,0,0,2,5,0,4,0,1,0,0,0,0,0,0,0,0,3,0,0,0,0,0,2,0,0,2,0,1,0,0,0,3,0,0,0,0,0,2,0,0,0,2,0,0,1,3,1,0,0,0,4,0,0,1,0,0,0,0,0,0,0,0
106,3,3,6,2,1,1,2,0,1,1,2,0,0,1,4,1,0,1,1,4,0,1,1,1,1,0,1,1,2,1,0,0,0,0,1,0,1,0,0,0,2,1,0,1,0,0,0,1,1,0,0,0,0,0,2,0,0,1,0,0,2,0,0,0,0,2,0,0,0,0,1,1,0,0,1,0,0,0,0,0,0,0,1,3,0,1,0,1,0,1,1,0,1,0,0,0,0,0,0,0
107,0,4,3,0,0,0,7,1,0,0,1,1,1,2,0,0,2,1,4,3,0,0,1,1,0,0,2,2,1,1,1,0,0,0,1,3,2,0,0,0,2,1,0,1,0,0,0,0,0,0,0,1,0,0,2,0,0,0,0,1,2,2,0,0,2,1,0,0,0,0,0,0,0,0,1,0,0,3,0,0,0,0,1,3,0,0,0,0,0,0,0,0,1,0,1,0,0,1,0,0
108,0,7,1,3,1,3,3,0,1,4,4,1,1,1,2,0,1,0,2,5,5,6,1,1,1,1,0,4,2,2,2,0,3,5,1,0,0,0,0,0,2,1,1,1,2,0,1,0,2,1,0,0,0,2,2,0,1,1,1,0,2,0,2,0,0,1,0,1,7,1,1,0,1,1,0,0,3,0,1,0,4,1,1,3,1,0,0,0,0,0,0,1,0,0,1,0,0,0,0,1
109,0,5,0,0,0,3,5,0,3,0,3,1,1,1,0,3,0,0,4,1,1,1,1,0,3,0,0,1,2,0,1,0,0,1,1,0,0,0,0,0,2,1,0,1,0,0,0,0,0,0,0,1,0,0,2,0,0,0,0,0,2,0,0,0,0,1,0,1,0,0,0,1,0,4,0,0,0,0,0,0,2,0,1,3,1,0,0,2,0,0,0,1,0,0,0,1,0,0,0,0
110,0,24,2,1,1,0,2,0,2,0,4,3,0,1,0,0,1,0,3,3,0,2,1,0,1,4,0,1,2,0,0,0,2,2,1,0,1,0,0,0,2,1,2,1,0,3,0,0,1,0,1,1,0,1,2,0,0,0,0,0,2,0,1,0,1,1,1,0,1,0,0,1,1,1,0,0,0,0,1,0,0,2,1,3,0,0,0,1,0,1,1,1,0,0,0,0,0,0,0,0
111,5,2,0,1,0,1,2,1,0,0,0,0,1,1,0,0,0,2,1,0,0,0,1,0,1,0,1,0,0,0,0,1,0,0,0,1,1,0,0,1,1,0,0,0,0,1,0,1,0,0,1,1,0,1,0,0,0,0,0,1,1,1,0,0,0,0,0,0,0,1,0,1,0,0,1,0,0,2,0,0,0,0,1,0,1,0,0,1,5,0,0,0,0,0,0,0,0,1,0,0
112,8,1,6,5,3,1,1,3,0,3,1,6,0,1,3,6,3,2,1,3,0,1,5,0,1,2,3,1,1,2,4,3,0,0,2,0,1,3,0,3,2,1,0,1,1,0,1,3,2,5,1,1,0,0,5,0,4,0,0,0,3,2,0,2,1,1,1,1,0,4,0,0,0,0,3,1,1,0,1,4,1,2,1,3,2,0,1,0,0,0,0,2,1,0,0,0,0,0,0,0
113,2,5,2,1,1,0,2,1,0,1,1,1,1,3,1,1,2,4,0,2,0,0,1,1,0,0,0,1,1,2,0,1,0,0,1,4,1,0,1,0,2,1,0,1,0,2,0,0,0,0,1,2,0,1,2,0,0,0,0,0,2,0,0,1,0,1,1,0,0,0,0,0,0,0,0,0,0,5,0,0,0,1,1,3,0,0,0,0,1,0,0,1,0,0,0,2,0,0,1,0
114,3,3,0,0,2,1,19,10,2,0,1,0,3,4,0,0,1,1,1,0,0,0,1,0,10,0,0,3,1,0,0,0,0,0,1,0,0,1,0,0,3,1,0,1,1,3,3,0,0,0,1,0,0,0,2,5,9,0,0,2,3,0,0,0,5,3,0,0,0,1,0,0,2,0,3,0,0,0,3,0,0,0,4,3,2,0,0,0,0,3,0,0,1,0,0,0,2,0,0,1
115,10,4,0,2,5,2,7,6,6,2,1,2,4,4,5,1,2,3,8,0,11,0,3,3,23,1,4,3,0,0,5,1,0,1,1,2,7,4,2,1,0,0,0,0,1,1,2,0,0,3,0,0,0,1,0,5,2,1,0,3,0,2,0,1,2,0,1,0,0,1,1,0,3,0,2,0,0,3,1,1,0,0,2,0,1,0,1,1,0,2,1,1,0,0,0,0,0,3,1,0
116,3,2,1,3,1,0,1,0,0,1,2,1,0,1,0,3,1,3,0,1,0,0,1,1,1,0,3,1,1,1,1,1,0,0,2,0,0,0,1,0,2,1,0,1,0,0,0,0,0,0,0,0,0,0,2,0,1,0,0,0,2,0,0,0,0,1,1,0,0,1,0,1,1,0,1,0,0,0,0,0,0,1,1,3,0,0,0,0,1,0,0,0,0,0,0,1,2,0,1,0
117,14,1,1,1,6,1,1,1,0,1,1,4,0,2,1,0,2,1,8,3,0,0,6,0,7,0,1,3,1,1,0,2,0,0,1,0,1,4,0,6,2,1,0,1,2,1,0,3,0,4,3,0,3,1,2,0,1,0,0,0,2,5,0,3,0,1,1,4,0,1,0,0,1,0,2,0,0,0,0,2,0,0,1,3,0,0,0,0,4,0,0,0,1,0,1,1,0,0,1,3
118,83,30,11,25,26,6,2,18,2,3,2,15,4,10,8,28,9,18,2,16,2,0,25,7,1,3,10,4,1,11,24,24,0,1,3,10,10,6,5,21,2,2,0,2,14,9,3,7,2,24,9,7,10,0,4,0,4,6,1,5,2,5,0,0,1,1,9,6,0,1,0,4,1,0,13,2,3,6,0,2,0,2,1,3,3,0,7,4,11,1,0,2,1,0,3,1,0,3,0,1
119,2,1,6,1,2,1,1,1,0,4,1,6,2,2,1,2,3,11,0,4,1,1,1,3,0,0,8,3,1,2,0,0,0,0,2,0,4,0,0,0,2,1,0,1,0,0,1,0,0,0,0,1,0,0,2,0,3,0,0,2,2,0,0,0,0,1,1,1,0,5,0,0,2,0,0,4,1,0,0,0,0,1,1,3,2,0,1,0,5,0,0,0,2,0,1,0,1,0,0,0
120,2,1,3,2,0,0,8,0,1,1,2,1,0,3,2,1,1,5,0,1,1,0,1,0,0,0,1,1,1,3,0,0,0,0,1,0,1,0,0,0,2,1,0,1,0,0,0,0,0,0,0,0,0,0,2,0,0,0,0,0,2,0,0,0,0,1,1,1,0,0,0,0,1,0,0,1,0,0,0,1,0,0,1,3,0,0,1,0,2,0,0,0,0,0,0,0,0,0,0,0
121,0,6,1,2,0,4,2,1,1,1,1,1,0,1,2,0,2,0,1,4,0,0,1,0,0,3,0,1,2,0,0,0,5,1,1,0,0,0,0,0,2,1,1,1,0,2,0,1,0,0,0,0,0,2,2,0,0,0,0,0,2,0,0,0,0,1,2,0,0,0,0,2,0,2,0,0,0,0,0,0,0,0,1,3,0,0,0,3,0,0,0,0,0,0,0,0,0,0,0,0
122,23,3,7,2,3,3,2,3,0,4,1,9,1,1,0,2,0,5,3,1,1,0,3,5,2,1,1,3,1,2,0,0,0,0,2,1,0,0,1,1,2,1,0,1,2,0,4,0,1,0,1,2,5,1,2,0,6,0,0,1,2,6,0,3,0,6,0,2,0,0,0,0,0,0,6,1,2,1,0,2,0,2,1,3,0,13,1,0,1,0,0,2,0,0,0,2,0,0,0,0
123,0,2,3,5,0,2,2,0,6,2,2,0,0,1,1,1,2,1,5,4,7,1,1,1,3,0,1,1,1,3,0,0,0,0,1,0,2,0,0,0,2,1,0,1,0,1,0,0,0,0,0,0,1,1,2,0,0,1,0,0,2,0,0,0,0,2,0,0,0,1,1,0,0,0,0,0,3,1,0,0,0,0,1,3,0,0,0,1,0,0,0,0,0,0,0,0,0,0,0,1
124,31,16,17,10,12,10,6,5,6,2,1,6,2,18,12,7,12,1,3,14,3,1,11,7,1,1,9,1,1,13,10,13,0,0,3,4,5,3,2,12,2,1,0,1,4,4,2,7,1,6,0,5,5,2,4,2,0,0,4,0,2,6,0,5,2,1,6,5,0,0,4,1,2,0,4,2,5,2,1,2,0,2,1,3,6,1,3,0,3,2,4,1,2,0,1,2,3,4,2,2
125,2,12,0,1,2,5,1,2,0,1,1,0,3,3,0,2,3,0,0,2,0,1,1,0,0,1,0,2,1,1,0,0,0,0,1,9,0,0,0,0,2,1,0,1,0,0,0,1,0,0,0,3,0,1,2,0,2,0,1,0,2,4,0,0,0,1,1,0,0,0,0,0,1,0,0,0,0,0,1,1,0,3,1,3,0,0,1,0,0,0,0,1,6,0,0,5,1,0,0,0
126,3,6,7,1,0,0,4,1,0,2,1,3,1,9,4,1,1,0,1,9,2,0,1,1,0,0,8,3,1,1,1,0,0,1,1,4,1,0,0,0,2,1,0,1,0,0,0,0,0,0,0,0,0,0,3,0,0,0,1,1,2,0,0,3,0,1,1,0,0,0,1,0,0,0,0,1,0,4,0,0,0,1,1,3,0,0,0,0,0,0,0,0,0,0,0,0,1,0,1,0
127,8,3,5,3,3,1,1,0,0,2,1,0,1,2,3,3,2,0,2,1,0,1,7,1,1,0,6,1,1,2,2,3,0,0,2,0,0,2,0,5,2,1,0,1,1,1,1,2,1,4,0,2,3,0,2,0,2,0,1,0,2,3,0,2,0,1,1,4,0,0,0,0,0,0,1,1,2,0,1,4,0,0,1,3,0,0,0,0,0,0,0,2,1,0,0,6,1,0,1,0
128,1,4,7,1,7,3,1,2,3,0,1,0,4,3,0,1,0,0,1,2,0,0,1,9,0,0,0,4,6,2,0,0,0,0,1,0,1,1,3,2,2,1,0,1,0,2,3,5,0,0,2,0,3,0,3,0,1,4,0,0,2,2,0,0,2,8,0,2,0,0,4,0,0,0,0,4,0,0,0,0,0,0,1,3,0,16,0,1,1,1,0,1,0,0,0,0,0,0,0,1
129,4,1,0,2,1,2,1,1,1,0,0,1,3,1,0,0,0,4,0,0,0,1,3,1,0,4,0,0,0,0,0,2,0,0,0,0,0,0,2,1,1,0,0,0,0,0,2,0,0,0,1,0,0,0,1,0,4,0,0,3,1,0,1,2,2,1,0,0,0,0,0,0,0,0,2,0,0,0,0,1,0,0,1,0,1,0,0,0,0,0,0,0,0,0,0,0,1,0,0,0
130,1,25,5,1,0,1,2,0,1,1,3,3,0,1,0,0,0,0,1,3,1,1,1,2,1,4,0,1,2,2,0,1,3,2,1,0,0,1,0,0,2,2,3,2,1,2,0,0,1,0,0,1,0,0,2,0,0,1,1,0,2,0,0,0,0,1,0,0,1,1,0,3,1,1,0,0,0,0,2,0,0,1,1,3,0,2,0,2,0,0,1,0,0,0,3,0,0,0,0,0
131,3,6,0,2,1,2,3,4,1,0,1,0,2,7,0,0,0,5,2,0,0,1,1,0,1,0,0,1,0,0,1,1,0,1,1,3,2,0,0,1,1,0,0,0,0,0,4,1,0,0,1,3,0,0,1,0,0,0,1,2,1,0,1,0,0,0,0,0,0,0,0,1,0,0,2,0,0,0,1,0,0,0,1,0,0,1,0,1,0,0,0,0,0,0,0,1,0,0,0,0
132,1,3,6,1,1,3,4,2,0,0,1,2,7,2,1,0,10,0,5,1,1,0,1,1,2,0,7,2,1,1,1,0,0,0,1,2,3,1,0,0,2,1,0,1,0,0,1,0,0,1,0,0,1,0,3,0,0,0,0,5,2,1,0,0,0,1,0,0,0,1,0,0,1,0,0,0,0,3,2,0,0,1,1,3,1,0,0,0,0,0,0,0,1,0,1,2,1,0,0,0
133,4,7,1,0,4,0,1,5,5,3,2,2,6,5,2,0,1,6,17,0,7,0,0,4,3,1,0,5,1,0,6,0,0,1,0,4,2,1,0,3,0,0,0,0,0,1,0,2,1,0,1,2,1,0,0,0,2,0,1,2,0,4,1,1,2,0,0,1,0,2,1,0,0,0,2,0,1,6,0,0,0,0,0,0,1,2,1,0,1,6,0,0,1,0,0,0,0,0,0,1
134,19,16,9,23,9,2,2,10,10,5,3,8,4,9,1,6,10,2,1,0,2,3,4,6,1,3,2,4,1,7,7,3,0,0,1,5,1,2,0,2,2,1,0,1,2,4,0,2,1,3,2,0,0,0,5,0,1,0,4,0,2,4,1,1,0,2,13,0,0,1,0,0,2,0,5,0,0,1,0,2,0,0,1,3,1,0,3,1,4,1,4,1,0,0,1,0,0,4,1,1
135,2,4,1,1,0,0,2,1,0,1,1,3,0,1,0,1,1,2,0,0,0,1,1,0,0,0,2,1,1,0,0,0,0,0,1,1,0,0,0,0,2,1,0,1,0,0,0,1,0,0,0,0,0,1,2,0,0,0,0,0,2,0,0,0,0,1,1,0,0,0,0,0,0,0,0,0,0,0,0,0,0,0,1,3,0,0,2,0,3,0,0,0,0,0,0,0,0,0,0,0
136,0,1,2,0,10,4,1,6,5,11,4,1,4,3,16,0,19,0,4,0,14,2,1,3,1,3,0,10,2,0,0,6,1,6,1,0,2,5,1,2,0,0,1,0,1,5,5,2,0,1,3,3,1,1,0,17,2,14,1,3,2,1,4,10,4,2,1,1,1,1,3,0,1,0,4,3,1,2,1,0,0,4,0,0,1,8,0,3,0,5,3,0,0,0,3,1,5,1,3,1
137,3,2,0,0,0,1,1,2,0,0,1,0,1,1,1,0,0,0,1,0,2,2,1,1,0,1,1,1,0,0,0,2,0,0,1,0,0,1,0,5,1,0,0,0,0,0,2,1,1,0,0,0,1,1,1,0,0,0,0,2,1,2,0,0,1,0,0,0,0,0,2,0,0,0,3,0,0,2,0,4,0,0,0,0,0,1,0,1,1,0,1,0,0,0,0,3,0,1,0,0
138,4,3,3,1,2,0,1,3,2,2,1,7,1,1,2,1,1,1,5,6,5,1,1,0,1,0,1,1,1,2,0,0,0,0,1,0,0,0,0,0,2,1,0,1,1,0,0,0,0,0,1,1,0,0,2,0,0,0,0,0,2,1,0,1,0,1,0,0,0,0,0,0,0,0,0,1,0,2,1,1,0,0,1,3,0,0,0,0,0,0,1,0,2,0,0,0,0,0,0,0
139,1,3,5,3,2,1,2,0,1,1,1,0,3,2,0,1,0,1,0,2,0,0,0,0,0,0,4,0,1,2,0,0,0,0,0,0,1,0,1,0,1,1,0,1,0,0,0,0,0,1,2,0,0,0,0,0,0,1,0,0,0,0,0,0,0,0,0,1,0,2,1,2,1,0,0,0,0,0,0,0,0,1,0,0,0,0,0,1,1,0,0,0,0,0,0,0,0,0,0,0
140,2,4,4,3,1,2,3,1,2,0,1,3,2,0,0,1,1,7,0,0,0,0,1,2,0,0,1,0,0,0,0,1,0,0,1,2,1,0,1,0,1,1,0,1,0,0,0,0,0,1,0,0,0,1,0,0,0,0,0,1,1,0,0,0,0,0,1,0,0,0,0,0,0,0,1,0,0,0,0,0,0,1,0,0,0,0,1,2,1,0,0,0,0,0,0,0,0,0,1,0
141,15,31,20,4,12,5,3,10,4,6,1,13,10,5,1,1,7,12,0,4,4,1,6,7,0,7,13,1,1,9,2,4,0,2,4,7,7,0,5,0,5,1,0,0,6,5,2,0,2,2,4,2,0,0,5,2,6,0,2,4,5,1,0,1,0,2,5,0,0,2,0,0,1,0,6,7,0,2,0,3,0,4,2,3,2,2,3,0,6,0,2,1,2,0,1,0,2,2,3,3
142,3,3,7,2,4,0,1,0,0,1,2,5,1,2,1,2,0,2,1,3,0,0,1,1,1,1,10,1,1,1,0,1,0,0,1,1,1,0,1,0,3,1,0,1,3,1,0,0,2,0,1,0,0,0,2,0,2,0,0,1,3,0,0,0,2,1,0,0,0,3,0,1,0,0,1,0,0,0,0,0,0,1,1,3,0,0,0,0,4,0,0,0,1,0,2,0,0,0,1,0
143,6,2,2,4,7,2,3,1,1,1,1,3,1,1,6,9,1,0,0,1,0,0,6,1,6,0,0,1,1,2,3,3,0,0,1,0,0,3,0,4,3,1,0,1,2,0,0,1,0,2,2,1,2,1,3,0,0,0,0,0,3,0,0,0,0,2,1,3,0,0,1,0,1,0,4,2,0,0,0,0,0,0,1,3,0,0,0,1,0,0,0,1,0,0,0,0,0,1,1,0
144,16,4,0,0,12,2,1,5,0,1,1,8,4,5,4,0,1,10,3,0,1,0,3,1,3,0,1,2,3,0,0,1,0,0,2,2,4,6,5,2,3,1,0,1,2,2,0,0,1,2,1,0,0,0,2,9,1,0,1,2,3,0,0,2,0,1,0,0,0,7,0,0,0,0,2,0,0,0,0,6,0,0,3,3,1,2,1,0,10,0,0,0,3,0,0,0,0,1,0,1
145,3,2,2,3,3,3,3,2,7,2,2,0,0,3,0,3,1,1,3,1,1,0,2,2,0,0,3,3,2,0,3,0,0,0,1,0,1,0,4,3,3,1,0,1,0,0,1,0,2,0,1,3,2,0,5,0,2,0,0,1,3,0,0,3,2,2,0,1,0,1,0,0,1,0,0,2,0,1,0,0,0,0,1,3,0,0,0,0,0,1,0,5,2,0,1,0,0,0,0,0
146,9,3,3,2,5,4,1,2,2,1,3,3,0,1,0,3,1,0,0,3,0,4,3,0,0,0,0,2,2,0,0,2,0,1,2,0,0,3,1,2,3,1,0,1,1,0,1,1,0,1,2,0,0,0,2,0,0,0,0,0,3,0,1,2,0,1,1,0,0,0,0,0,1,1,1,1,0,0,0,0,1,0,2,3,0,0,0,2,0,0,0,0,0,0,0,0,0,1,0,0
147,0,3,3,1,4,0,1,2,0,1,1,3,2,1,5,1,1,0,0,2,0,0,2,3,1,0,0,1,1,2,0,1,0,0,1,0,0,0,0,2,3,1,0,1,1,2,1,0,0,0,2,0,1,1,2,0,0,0,1,0,3,0,0,1,0,1,0,0,0,1,0,0,0,0,1,1,0,1,0,0,0,1,1,3,1,0,0,0,0,0,0,0,0,0,0,1,1,0,0,1
148,1,1,5,2,0,3,1,0,1,0,3,0,0,0,0,1,0,0,0,0,0,3,0,0,1,0,0,0,4,0,0,0,0,0,0,0,0,0,0,0,0,1,0,1,0,0,0,0,0,0,0,0,0,2,0,0,0,0,4,0,0,0,0,0,1,0,0,0,0,0,0,0,0,0,0,0,0,0,0,0,0,0,0,0,0,0,0,0,0,0,0,0,0,0,0,0,0,0,0,0
149,0,2,2,1,0,0,3,2,1,6,1,1,2,2,1,1,0,0,0,1,1,0,1,0,0,1,0,1,1,3,0,0,0,0,2,0,2,0,0,0,3,1,0,1,0,0,0,0,0,0,0,0,1,1,2,0,1,0,0,1,3,0,0,0,0,1,0,0,0,0,0,0,0,0,0,1,0,3,1,0,0,0,1,3,0,0,0,0,0,0,0,0,0,0,0,0,0,0,0,0
150,5,2,3,1,2,5,1,1,1,3,1,3,2,1,2,3,2,3,0,1,0,1,4,0,1,0,8,2,1,1,1,1,0,0,4,0,1,0,1,2,3,1,0,1,2,1,0,5,0,3,1,1,1,0,2,0,1,0,0,1,3,3,0,3,1,1,1,3,0,1,0,1,1,0,1,1,0,0,0,6,0,0,1,3,0,0,0,0,0,0,0,1,2,0,1,5,1,0,0,1
151,1,3,0,1,2,0,1,2,1,0,1,0,3,0,0,0,0,0,0,0,0,0,1,1,0,0,0,0,1,0,0,1,0,0,0,1,0,0,1,0,0,0,0,0,1,0,1,0,0,0,2,0,2,0,1,0,0,0,0,1,0,1,0,0,1,0,0,0,0,3,0,0,0,0,4,0,0,0,0,0,0,1,1,0,0,0,0,0,0,0,0,0,0,0,0,0,1,0,0,0
152,23,30,18,4,14,10,1,7,5,0,1,18,5,6,4,6,12,1,1,5,0,2,7,5,1,0,2,5,1,9,6,6,0,1,1,0,7,2,4,7,13,2,0,2,8,0,0,0,2,8,9,4,3,0,3,0,1,3,2,4,13,6,0,3,0,1,5,4,0,1,6,0,1,0,11,0,0,1,1,5,0,0,1,3,1,1,4,2,2,1,2,0,8,0,1,7,1,1,0,1
153,0,0,0,1,2,1,1,2,2,4,3,1,5,0,0,0,2,0,1,0,4,2,0,0,0,0,2,1,0,0,1,3,2,1,1,0,0,4,1,0,3,0,2,0,1,0,0,1,0,0,0,1,1,1,0,0,0,0,1,1,2,1,3,0,0,0,0,1,2,0,1,1,0,1,1,0,0,0,0,0,0,0,1,4,1,3,1,8,0,0,1,3,0,0,1,0,0,0,0,0
154,0,1,4,0,6,1,2,0,0,0,1,1,3,1,3,0,3,0,1,2,0,0,1,1,1,0,0,1,1,1,0,0,0,1,1,0,1,0,0,0,3,1,0,1,0,0,1,0,0,0,0,0,0,1,2,0,1,0,1,0,3,0,1,0,0,1,0,0,0,0,1,0,0,0,1,0,0,0,1,2,0,0,1,3,0,0,0,0,1,0,0,0,0,0,0,0,0,0,0,0
155,13,4,7,8,7,4,1,7,1,1,1,3,2,7,0,2,3,2,1,0,0,0,1,1,1,1,0,3,1,0,0,0,0,0,2,1,1,3,0,0,2,1,0,1,2,0,1,0,0,0,2,0,1,0,2,0,0,1,0,1,2,2,0,1,0,0,2,0,0,1,0,0,2,0,1,0,0,0,2,0,1,2,2,3,0,0,0,0,0,0,0,0,2,0,0,12,1,1,0,1
156,0,11,2,3,9,1,1,13,11,7,12,7,8,3,0,0,5,0,9,0,1,4,0,8,2,2,0,4,4,0,5,0,9,8,0,2,1,6,0,0,9,0,9,0,2,0,8,0,0,2,1,2,2,2,0,14,1,19,7,1,4,2,1,8,1,1,0,3,4,2,4,0,2,0,2,0,1,1,3,0,0,3,3,0,1,9,0,4,0,2,4,0,3,0,2,0,3,1,0,0
157,2,3,0,2,2,1,1,1,0,1,2,0,1,2,1,1,1,0,0,2,0,1,1,0,0,0,0,1,1,2,0,0,1,0,1,1,0,1,0,0,3,1,1,1,1,1,0,0,0,0,2,0,0,0,2,0,0,0,1,0,3,0,0,0,0,1,0,0,0,0,0,1,1,0,0,0,0,0,0,1,0,1,5,3,0,0,0,2,0,0,0,0,0,0,0,0,0,0,0,6
158,0,4,7,0,1,1,5,5,0,1,1,3,1,3,2,0,0,0,0,0,0,0,1,1,0,1,8,2,1,0,0,0,0,1,3,1,7,0,0,0,4,2,0,2,0,4,0,0,0,0,2,1,0,1,2,0,2,0,0,3,4,0,0,0,0,0,0,2,0,2,1,0,1,0,1,0,0,0,0,0,0,0,2,3,3,0,0,0,2,0,0,0,1,0,0,0,1,0,1,2
159,14,22,12,20,8,9,5,7,4,1,1,5,6,6,2,8,5,3,1,4,0,0,1,6,1,1,4,4,1,11,6,2,0,0,1,7,1,2,2,0,10,1,0,1,2,2,1,1,0,0,3,6,0,3,3,0,2,5,1,1,11,5,0,1,1,1,2,0,0,0,2,0,4,0,3,0,0,2,0,4,0,1,3,3,2,0,4,0,1,1,7,3,1,0,0,1,0,6,2,4
160,1,3,4,2,3,0,9,1,0,1,1,1,3,2,3,1,0,0,0,2,1,0,1,1,0,0,3,1,1,2,0,0,0,0,1,1,0,1,0,0,3,1,0,1,0,0,0,0,0,0,0,0,0,0,2,0,0,0,0,0,3,2,0,0,2,1,0,0,0,0,0,1,1,0,0,0,0,0,0,0,0,0,1,3,0,0,0,0,1,0,1,0,0,0,0,0,0,0,0,1
161,0,1,2,1,0,0,1,1,2,0,1,0,1,0,0,1,1,0,0,0,0,0,0,1,0,0,0,0,2,1,1,0,0,0,0,0,0,0,0,0,2,1,0,1,0,0,0,0,0,0,0,0,0,0,1,0,0,0,0,0,0,0,0,1,1,1,0,0,0,0,0,0,0,0,0,0,0,0,0,0,0,1,0,0,0,1,0,0,0,0,0,0,0,0,0,0,0,0,0,0
162,11,4,5,2,2,3,2,7,2,0,1,1,4,7,0,3,0,2,3,0,1,0,2,0,3,0,0,4,1,0,2,2,0,0,1,1,0,2,1,2,3,1,0,1,1,0,2,0,0,0,4,2,0,0,2,0,4,1,0,1,3,2,0,1,0,0,0,4,0,0,0,0,0,0,3,1,1,0,0,8,0,2,3,3,3,3,0,0,0,0,1,1,0,0,0,6,1,0,2,2
163,1,5,3,1,1,0,7,6,1,1,1,3,0,2,7,0,1,2,5,2,0,0,1,2,2,1,3,3,1,2,0,0,0,0,1,1,0,1,1,0,4,1,0,1,0,1,2,0,0,3,2,1,0,2,3,0,0,0,0,2,4,0,0,1,3,3,0,1,0,1,0,0,0,0,1,2,0,0,0,1,0,1,1,3,1,7,1,0,0,3,1,1,1,0,0,2,0,0,0,0
164,6,3,9,1,5,0,1,0,0,6,1,7,6,4,0,1,2,1,2,0,1,0,2,2,1,0,0,4,1,1,0,1,0,0,1,2,0,0,0,6,3,2,0,2,1,1,0,0,0,0,4,1,0,1,3,1,2,0,0,1,3,0,0,4,1,0,0,0,0,1,2,0,0,0,2,1,0,5,3,1,0,0,3,3,2,0,0,0,0,0,0,0,1,0,4,0,3,0,0,0
165,6,11,1,0,1,4,2,2,5,10,2,6,4,3,0,0,4,0,0,0,0,0,0,0,0,0,3,4,0,0,1,1,0,0,0,8,13,3,0,0,0,4,0,4,1,3,2,3,1,1,1,7,0,1,0,16,1,0,1,4,0,4,0,4,2,0,0,0,0,0,0,0,2,0,1,0,0,1,1,0,0,0,1,0,3,0,1,0,1,0,0,0,2,0,1,1,2,0,1,1
166,30,21,5,14,12,7,1,5,3,2,2,6,2,2,10,16,6,1,1,2,0,1,12,0,1,2,2,5,1,3,9,11,0,0,1,2,0,0,2,11,12,1,0,1,7,3,0,3,0,13,2,1,3,0,3,0,1,0,0,0,12,1,0,0,1,3,3,4,0,0,1,0,0,0,0,1,2,0,2,0,0,0,1,5,1,0,1,0,0,1,0,1,0,0,1,5,1,2,0,0
167,4,5,1,2,6,9,6,5,3,0,1,0,3,6,2,1,1,6,10,0,3,1,1,0,3,2,1,4,0,0,2,1,0,1,1,2,0,7,1,1,0,0,0,0,1,0,0,0,0,1,0,1,0,5,0,5,0,1,0,3,0,2,0,0,3,0,0,0,0,0,0,0,0,0,1,0,0,2,2,0,0,0,1,0,1,0,0,0,0,4,2,0,0,0,1,1,1,0,4,0
168,2,3,3,0,5,0,2,3,0,2,1,1,1,2,0,2,1,9,1,2,0,0,1,2,1,2,0,1,1,2,0,1,0,0,1,2,0,0,1,0,3,1,0,1,1,0,0,0,0,0,1,0,0,0,2,0,2,0,0,0,3,2,0,2,0,1,1,0,0,0,0,0,1,0,1,2,0,0,2,0,0,2,1,5,1,0,0,0,0,0,0,0,0,0,0,8,2,1,1,0
169,2,7,7,0,3,3,13,1,8,1,1,2,1,3,1,1,1,5,15,0,8,1,1,1,1,1,8,5,1,0,6,0,0,0,2,4,5,5,1,0,3,1,0,1,0,1,2,2,0,0,3,3,3,1,2,2,1,0,0,2,3,2,0,2,5,0,0,0,0,0,0,0,0,0,1,1,0,1,3,0,0,0,3,3,1,0,0,0,0,3,1,0,1,0,0,0,4,2,0,0
170,5,5,1,2,7,1,4,1,2,0,1,0,2,1,0,1,1,10,1,1,0,0,1,0,0,0,0,1,2,0,0,0,0,0,2,3,0,2,1,0,3,1,0,1,0,0,0,2,0,0,2,3,0,0,2,0,0,0,0,0,2,0,0,0,0,3,1,0,0,4,0,1,0,0,3,0,0,0,0,0,0,1,1,3,3,0,0,0,0,0,0,0,0,0,0,0,2,0,0,0
171,37,22,10,21,19,3,4,4,7,1,1,6,0,3,12,10,9,5,1,4,4,0,8,2,4,3,0,2,1,5,14,6,0,1,2,4,3,2,2,9,11,1,0,1,10,3,0,2,0,7,7,2,2,0,4,0,3,0,2,0,10,2,0,0,0,1,5,3,0,0,0,3,0,0,3,1,1,2,0,1,0,0,1,3,2,0,0,1,0,1,0,0,0,0,0,0,3,4,0,0
172,2,4,1,0,4,1,4,2,1,1,1,0,0,1,0,1,1,5,2,1,2,0,1,0,0,0,1,2,1,1,1,0,0,0,1,2,0,2,0,1,3,1,0,1,0,0,3,1,0,0,0,3,0,1,2,0,0,0,0,0,2,0,0,0,0,2,1,0,0,1,0,0,0,0,2,0,0,0,0,0,0,0,1,3,2,0,0,0,0,1,0,0,0,0,0,0,2,0,0,0
173,4,1,1,3,7,0,2,0,1,1,1,0,1,2,6,4,1,0,0,1,0,0,6,2,10,0,0,2,1,1,2,1,0,0,1,0,0,1,2,5,3,1,0,1,1,0,0,6,0,1,1,0,1,1,2,0,2,0,0,0,3,0,0,0,0,3,1,2,0,0,0,1,0,0,0,0,1,0,0,0,0,0,1,3,0,0,0,0,0,0,0,0,0,0,0,0,0,0,0,0
174,1,3,2,0,0,0,1,1,0,1,1,0,0,1,0,1,1,4,1,1,0,0,1,0,1,0,0,1,1,0,0,0,0,1,2,2,0,0,0,0,3,1,0,1,1,0,1,0,0,0,0,1,1,0,3,0,0,0,0,0,3,0,0,0,0,1,1,0,0,0,0,0,0,0,1,1,0,0,0,0,0,0,1,3,1,1,0,0,0,0,0,0,0,0,0,0,0,0,0,0
175,0,2,1,0,2,3,1,0,0,1,1,0,1,1,0,0,2,0,0,1,0,0,1,2,1,0,1,1,1,1,1,0,0,0,1,1,1,2,0,0,3,1,0,1,1,0,0,0,0,1,0,0,0,0,2,0,0,0,0,0,3,1,0,0,0,1,2,0,0,1,0,0,1,0,1,1,0,0,1,0,0,0,1,3,2,0,0,0,0,0,0,0,0,0,0,0,0,1,0,0
176,15,3,1,7,2,1,1,1,0,2,2,1,3,1,1,7,1,0,1,5,0,0,4,2,1,0,3,1,1,1,7,2,0,0,1,1,1,0,1,5,3,1,0,1,3,1,0,3,0,2,1,2,0,0,2,0,0,0,0,0,3,1,0,0,0,2,1,0,0,0,0,0,0,0,0,1,0,0,0,0,0,1,1,3,0,0,0,0,1,0,0,0,0,0,0,0,0,2,1,0
177,1,2,2,1,6,2,5,8,33,2,1,0,9,3,1,0,1,0,5,0,2,0,2,5,12,0,0,2,2,0,7,1,0,2,1,0,0,3,7,3,4,0,0,0,1,0,3,2,0,3,1,0,5,2,6,2,0,0,3,3,3,0,0,1,5,2,0,1,0,0,1,0,2,0,1,0,0,0,2,0,0,1,2,3,2,0,0,1,0,4,0,4,1,0,0,0,3,2,2,1
178,0,5,0,0,1,2,1,4,4,0,1,1,8,5,0,0,3,0,0,0,0,0,2,4,0,2,9,6,1,1,0,0,0,1,2,2,15,2,0,0,5,6,0,6,0,1,0,0,0,1,1,4,0,2,2,6,3,1,0,3,4,0,0,0,1,2,0,3,0,0,1,0,1,0,1,0,0,0,0,0,0,2,3,3,2,1,0,0,2,1,0,0,0,0,1,0,1,0,0,0
179,10,1,3,0,1,8,1,2,2,0,1,6,2,2,1,0,3,0,0,0,2,0,1,3,0,5,3,4,1,0,0,0,0,0,1,1,3,1,1,1,3,3,0,3,0,1,0,0,0,1,2,3,0,1,2,1,1,0,2,1,3,0,1,0,0,1,0,1,0,0,5,0,1,0,1,0,1,0,0,3,0,0,3,3,1,0,1,0,0,0,0,0,6,0,0,0,2,0,5,2
180,0,4,0,2,0,0,5,0,0,0,0,1,0,1,0,0,1,0,1,4,0,0,0,0,1,0,0,0,0,0,0,0,0,0,0,0,0,0,0,0,0,1,0,1,0,0,0,0,0,0,0,0,1,0,0,0,1,0,0,0,0,1,0,0,0,0,0,0,0,0,0,0,0,0,0,0,0,0,0,0,0,0,0,0,0,0,0,1,0,0,0,1,0,2,0,0,0,0,0,0
181,15,21,5,6,6,4,2,7,1,1,1,8,0,5,14,7,2,3,0,4,0,0,7,0,0,2,3,3,1,2,2,6,0,0,3,4,4,0,0,4,9,1,0,1,3,4,0,1,0,5,1,0,3,0,3,0,3,8,1,0,9,1,0,1,2,1,3,0,0,0,1,3,0,0,3,0,2,0,2,2,0,0,1,3,0,0,0,0,2,2,0,1,2,0,0,2,1,4,1,1
182,1,3,2,1,1,1,2,1,0,1,1,2,0,1,0,2,1,5,0,1,0,0,1,0,0,0,0,1,1,0,0,0,0,0,3,2,0,0,0,0,3,1,0,1,2,0,0,1,0,0,0,0,0,1,2,0,0,0,0,0,3,0,0,0,1,1,1,0,0,0,0,0,1,0,1,0,0,0,0,0,0,0,1,3,0,0,0,0,0,0,0,0,0,0,0,1,2,0,0,0
183,1,8,2,2,1,2,1,1,1,3,1,2,2,0,2,2,1,0,1,0,0,4,0,0,0,0,0,1,0,3,0,0,2,3,1,1,0,0,0,0,0,1,1,1,1,0,1,1,1,0,0,0,0,2,0,0,1,0,0,0,0,0,7,0,0,0,2,0,1,0,0,2,0,2,0,2,0,0,0,0,2,4,0,0,0,0,0,1,0,0,1,1,0,0,1,0,0,0,0,0
184,3,2,3,1,3,1,4,1,0,1,1,2,2,0,0,1,1,3,1,0,1,0,0,3,1,1,2,0,0,0,0,1,1,0,0,0,1,0,1,0,1,1,1,1,0,0,0,0,0,2,2,0,0,0,0,0,0,0,0,3,1,0,0,1,0,0,1,0,0,0,0,1,1,0,2,0,0,0,0,0,0,1,1,0,0,0,0,1,4,0,0,0,0,0,0,0,1,0,1,0
185,0,2,5,0,1,0,1,5,5,3,1,0,0,0,0,0,5,1,5,4,1,0,0,2,1,0,0,1,0,1,0,0,0,0,0,0,0,0,0,3,0,1,0,1,0,0,1,1,0,0,2,3,3,0,0,0,1,1,0,0,1,2,1,0,0,3,0,0,0,0,0,0,0,0,1,3,0,1,0,0,0,2,0,0,0,9,0,0,0,0,1,1,0,0,0,0,0,0,0,0
186,4,6,0,3,1,1,1,1,6,1,4,2,3,0,2,0,0,0,3,0,3,3,6,2,1,0,0,0,1,0,1,0,3,5,2,0,0,0,1,1,0,0,1,0,3,2,3,0,2,1,3,1,2,2,0,0,0,1,3,1,0,0,2,1,1,0,0,1,10,0,2,2,1,0,4,0,2,0,1,0,0,3,1,0,0,0,0,0,0,0,0,3,0,0,0,0,0,3,0,1
187,0,7,0,4,0,4,5,0,3,1,2,1,0,0,2,0,2,0,4,3,1,3,0,0,1,0,0,1,0,1,0,0,3,1,1,1,0,0,0,0,0,1,1,1,1,0,0,0,0,0,0,0,0,0,0,1,1,0,0,0,0,0,0,0,0,0,1,0,1,0,1,3,1,2,0,0,1,0,0,0,2,1,1,0,0,0,0,5,0,2,1,0,0,0,0,0,0,0,0,2
188,6,15,12,5,5,2,4,11,4,0,2,4,9,5,3,8,2,0,6,0,0,0,8,2,1,0,3,4,6,0,4,8,0,1,1,1,2,6,12,1,11,1,0,1,2,0,5,2,0,2,5,1,1,1,3,0,2,1,2,2,11,1,2,3,3,2,0,2,1,1,1,2,0,1,4,1,0,0,0,1,0,1,3,3,1,1,0,1,0,3,2,0,2,0,0,0,2,2,0,1
189,3,7,1,2,1,5,2,0,1,2,3,2,0,0,2,1,2,0,2,0,1,3,2,1,3,2,0,2,0,2,0,1,1,1,1,0,0,0,0,0,0,1,1,1,1,1,0,2,1,1,0,0,0,2,0,0,0,1,0,1,0,0,2,1,0,0,2,0,0,1,0,3,2,3,0,0,1,0,1,0,3,0,0,0,0,0,0,1,0,0,0,1,0,0,0,0,0,0,0,1
190,0,7,2,0,0,0,2,3,0,0,1,2,0,2,0,0,1,0,0,2,0,0,1,0,1,1,0,2,1,0,0,0,0,0,1,0,0,0,0,0,3,1,0,1,0,3,0,0,0,0,2,1,0,0,2,0,0,0,0,0,3,0,0,1,0,1,1,0,0,0,0,0,0,0,0,0,0,0,0,0,0,1,1,5,0,0,0,0,0,0,0,0,1,0,0,0,0,2,0,0
191,2,3,4,1,1,2,5,2,2,0,1,0,0,0,1,1,0,4,2,1,0,2,1,0,1,0,0,0,3,1,0,0,0,0,0,0,1,1,2,0,0,1,0,1,0,2,0,1,0,1,0,1,0,0,0,1,1,0,2,0,2,1,2,0,0,1,0,0,0,1,0,1,0,0,0,0,0,2,0,1,0,0,0,0,2,1,0,1,1,0,0,0,0,0,1,1,0,0,2,1
192,0,2,3,0,1,0,3,2,4,0,3,0,1,5,4,0,4,3,5,0,0,0,0,1,1,1,0,1,3,0,0,0,0,0,0,0,0,1,0,0,0,1,0,1,0,1,0,0,0,0,1,4,0,0,0,1,0,0,1,1,0,0,1,0,2,1,0,0,0,0,0,0,0,0,4,0,0,2,0,0,0,0,1,0,0,2,0,0,0,0,1,0,0,0,0,0,0,0,3,1
193,0,0,8,0,0,1,1,0,12,2,5,0,4,3,0,4,1,0,3,0,0,0,2,0,0,0,0,3,0,0,0,2,0,0,0,0,0,0,0,1,0,0,0,0,0,0,1,3,0,0,2,0,0,1,2,0,0,0,0,1,0,6,0,1,7,2,0,0,0,0,0,0,0,0,1,0,0,0,0,0,0,0,1,0,0,0,0,1,0,1,0,0,0,0,0,0,1,0,0,0
194,2,8,3,2,8,5,5,4,11,3,8,3,5,4,10,2,2,5,13,0,10,4,1,0,3,0,2,2,4,0,4,1,0,1,4,0,0,11,5,1,4,0,0,0,2,0,5,3,2,0,5,1,3,1,0,9,1,0,1,2,0,2,2,1,1,2,2,2,0,0,0,0,1,0,0,1,2,4,2,2,2,0,2,0,1,0,1,0,0,7,0,1,5,0,0,3,1,1,1,0
195,0,8,11,1,0,3,1,1,8,5,7,1,2,0,0,0,1,2,11,1,2,3,0,1,2,0,1,1,4,0,0,0,3,2,0,0,2,0,2,2,2,1,3,1,0,2,0,1,1,0,0,0,0,0,1,1,1,1,1,0,0,0,1,6,2,1,0,1,1,1,3,0,0,0,6,0,0,0,0,2,1,5,0,0,0,2,0,0,2,4,0,1,0,0,3,0,0,1,0,0
196,9,5,1,7,8,6,4,7,8,3,5,7,3,3,1,5,3,4,11,0,3,2,3,1,0,1,4,3,0,0,7,2,0,0,2,0,1,6,1,2,3,0,0,0,2,3,2,1,0,2,1,0,0,3,0,3,0,4,4,3,0,4,1,1,0,2,1,1,0,0,5,1,2,0,0,0,0,1,10,0,0,0,2,0,0,2,0,0,0,1,2,0,1,0,1,1,2,0,1,4
197,0,20,3,1,3,1,1,0,1,3,1,1,0,0,0,0,1,0,0,0,0,2,0,0,1,3,0,0,1,0,0,0,3,1,0,0,0,0,0,0,0,2,3,2,1,3,0,0,3,0,0,0,0,1,0,0,2,1,0,0,0,0,1,0,0,0,1,1,0,0,0,0,1,1,0,0,2,0,2,0,0,1,0,0,0,0,0,0,0,0,2,1,0,0,0,0,0,0,0,0
198,10,3,6,3,4,4,1,2,5,4,0,1,2,2,0,2,5,4,0,2,0,0,1,2,0,0,2,1,5,1,3,2,0,0,0,2,1,0,4,1,0,1,0,1,0,0,1,0,0,0,1,0,1,0,1,0,2,1,1,0,0,0,1,0,1,1,1,2,0,1,1,0,0,0,1,1,0,0,1,0,1,5,0,0,1,1,1,1,1,0,0,0,0,0,0,0,0,2,0,0
199,2,19,5,4,0,4,2,0,0,5,3,1,1,0,1,0,2,0,1,5,0,2,0,2,1,4,0,1,2,1,0,0,3,4,1,0,0,1,0,0,0,2,3,2,0,1,0,0,1,0,0,0,0,0,0,0,0,1,0,0,0,0,1,0,0,0,0,0,4,1,0,3,1,2,0,0,0,0,3,0,2,1,0,0,0,0,0,4,0,0,0,0,0,2,3,2,0,0,0,0
200,2,2,4,3,1,1,2,0,0,0,0,1,1,1,1,2,0,1,2,2,0,1,0,2,2,0,4,0,0,2,0,0,1,1,0,0,0,0,0,1,0,1,1,1,1,0,0,0,0,0,1,0,1,0,0,0,0,1,0,0,0,0,0,0,1,1,0,0,0,0,1,1,1,0,0,1,0,1,0,0,0,1,0,0,1,0,0,1,1,0,1,0,0,0,0,0,0,1,0,0
201,6,3,0,2,6,0,2,4,7,2,1,4,8,1,8,0,4,13,10,0,4,0,1,2,5,0,4,2,1,0,7,0,0,0,0,0,2,1,1,0,0,0,0,0,0,1,4,1,0,0,1,0,7,1,0,0,1,0,2,2,0,1,0,0,0,0,0,2,0,6,0,0,0,0,2,0,0,1,3,2,0,0,1,0,0,1,1,0,3,1,2,0,1,0,2,0,0,0,0,1
202,2,2,0,0,2,0,2,1,1,4,1,0,1,0,0,0,0,3,0,0,0,0,0,1,0,0,2,0,1,0,0,0,0,0,0,1,1,0,0,0,0,0,0,0,0,0,1,0,0,0,1,0,0,0,0,0,0,0,0,1,0,0,0,2,0,0,0,0,0,0,0,0,0,0,0,0,0,1,0,0,0,1,1,0,1,0,1,0,0,1,0,0,0,0,0,0,0,0,0,0
203,0,23,3,2,0,2,2,0,0,0,1,2,1,0,0,0,0,1,0,2,0,1,0,1,1,4,0,0,1,0,0,0,3,1,0,0,0,0,0,0,0,1,3,1,0,1,0,0,1,0,0,0,0,1,0,0,0,0,0,0,0,0,1,0,0,0,0,0,1,0,0,2,1,1,0,0,0,0,1,0,1,0,0,0,1,0,0,0,0,0,0,0,0,2,0,1,0,0,0,0
204,7,5,2,2,4,1,4,6,5,1,2,6,3,1,2,0,2,1,10,0,4,0,0,2,3,0,0,3,3,0,3,1,0,0,1,2,0,2,3,0,0,0,0,0,1,2,2,0,0,0,0,1,0,1,0,5,0,0,1,3,0,2,0,2,0,0,1,0,0,0,1,0,1,0,2,1,0,7,0,0,0,0,3,0,3,1,0,0,0,1,1,0,0,0,0,0,1,2,17,3
205,1,1,0,0,1,1,1,1,2,1,2,2,7,1,0,0,0,4,1,0,0,0,2,0,0,0,3,1,1,0,2,1,0,0,0,0,1,0,2,0,2,0,0,0,1,1,4,0,0,0,3,0,0,1,0,0,2,0,0,1,0,0,0,1,0,0,0,0,0,0,0,0,0,0,1,0,0,0,1,0,0,2,1,0,0,0,0,0,0,0,0,0,1,0,0,0,1,1,0,0
206,7,5,1,2,7,3,7,9,7,3,1,7,2,6,5,0,6,2,10,0,5,0,1,5,4,1,3,4,0,0,4,1,0,4,1,2,1,6,1,1,0,0,0,0,2,5,2,0,2,1,2,1,0,2,0,1,4,0,1,1,0,1,0,5,0,1,1,1,0,1,0,0,2,0,0,0,1,3,3,1,0,0,2,0,1,3,0,0,2,0,3,0,0,0,1,3,1,1,1,0
207,0,1,4,2,0,0,2,2,11,0,0,3,0,0,0,1,0,0,2,0,0,2,0,2,0,0,0,0,2,0,0,0,0,0,1,0,0,0,3,0,0,1,0,1,0,0,0,0,0,0,0,0,7,0,1,0,0,0,0,0,0,0,0,0,0,1,0,0,1,0,0,0,0,0,0,1,2,0,0,1,0,2,0,0,0,1,0,0,0,0,0,0,0,0,0,0,0,0,0,0
208,0,1,0,2,1,1,1,3,8,0,2,0,3,6,3,0,0,2,7,0,0,2,0,0,1,0,0,1,1,0,2,0,0,0,0,0,0,0,1,0,1,0,0,0,0,0,3,0,0,0,1,0,2,0,0,0,2,0,0,1,0,0,0,0,0,0,0,0,0,2,0,0,0,0,0,0,0,0,0,1,0,0,1,0,0,0,0,0,0,0,0,1,0,0,1,0,1,1,0,0
209,3,26,3,2,0,3,3,2,0,2,2,5,0,0,0,1,1,0,0,1,2,2,0,0,1,3,0,0,1,0,0,0,2,1,1,0,0,0,0,0,0,2,2,2,0,1,0,0,2,0,0,1,0,0,0,0,0,0,1,0,0,0,2,0,0,0,1,0,1,0,0,1,1,2,0,0,2,0,2,0,2,0,0,0,0,0,0,2,0,0,3,2,0,0,0,0,0,0,0,1
210,1,1,4,2,0,2,1,0,7,0,2,2,0,2,4,2,1,5,6,0,1,2,0,0,2,0,1,1,3,1,4,0,0,0,1,0,0,1,2,1,1,1,0,1,0,0,5,0,1,0,0,0,5,0,1,0,2,0,0,0,0,0,0,3,0,3,1,0,0,0,0,1,0,0,0,1,0,0,2,0,2,1,0,0,0,2,0,0,0,1,0,1,0,0,1,0,1,1,0,0
211,13,7,1,2,0,0,2,4,2,0,1,1,1,7,1,0,2,16,4,0,6,0,0,4,1,0,3,1,0,1,0,0,0,0,3,6,3,0,0,0,0,1,0,1,0,1,0,0,1,2,0,1,1,0,0,0,0,0,0,0,0,1,0,0,1,0,1,0,0,0,0,0,2,0,4,0,0,1,0,1,0,0,0,0,4,0,0,0,4,0,0,0,0,0,0,4,2,1,0,0
212,7,3,1,8,2,2,1,1,2,1,1,0,3,2,0,1,1,0,1,2,0,2,2,3,1,0,0,0,0,2,1,0,0,0,0,2,1,0,0,1,0,1,0,1,0,1,0,0,0,0,0,5,0,0,0,0,1,0,0,0,0,1,0,1,0,0,1,0,0,0,0,0,2,0,0,1,1,1,0,0,0,1,0,0,0,1,0,0,0,0,0,2,1,0,2,0,0,0,0,0
213,17,21,9,22,3,6,1,14,7,13,2,5,3,8,11,10,9,8,2,9,2,0,0,2,1,2,3,2,0,8,0,0,0,0,2,5,2,3,0,0,1,1,0,1,0,4,0,3,1,1,0,0,1,7,2,0,5,0,1,4,0,0,1,1,1,0,5,0,0,0,2,0,1,0,1,0,0,1,0,0,1,1,0,0,4,0,0,0,2,1,2,0,0,0,0,1,4,4,1,0
214,0,6,1,1,0,3,1,1,6,3,4,1,0,0,2,0,2,0,7,2,5,2,0,0,0,1,1,1,1,4,1,0,3,2,0,1,0,1,1,0,0,2,1,2,0,0,0,0,1,0,0,0,2,1,0,0,0,2,0,0,0,0,1,1,1,0,1,1,1,0,0,2,0,2,0,0,1,0,0,0,2,0,0,0,0,0,0,1,0,1,0,2,0,0,0,0,0,0,0,3
215,15,11,1,0,6,4,13,10,3,1,1,2,6,2,2,3,2,3,6,0,9,0,1,0,5,0,3,1,1,0,0,2,0,0,1,4,1,2,4,3,0,0,0,0,0,1,2,0,0,3,1,0,2,1,0,3,1,0,1,3,0,1,0,0,0,0,0,1,0,2,0,0,0,0,0,0,0,1,3,0,0,0,3,0,1,0,1,0,0,1,1,0,1,0,3,0,1,0,4,1
216,0,1,3,0,0,0,0,1,3,1,1,1,1,0,0,0,0,2,1,2,0,0,0,0,0,0,0,0,2,0,0,0,0,0,0,0,0,0,0,0,0,1,0,1,0,0,0,0,1,0,0,0,2,0,0,0,0,0,0,0,0,0,0,0,0,1,0,0,0,0,1,0,0,0,0,0,0,0,0,0,0,0,0,0,1,1,0,0,0,0,0,1,2,0,0,0,0,1,0,0
217,1,2,0,1,0,3,2,1,2,0,0,0,0,3,0,2,0,1,4,1,0,0,0,0,1,0,1,0,0,0,0,0,0,0,0,0,0,2,0,0,0,1,0,1,0,0,0,0,0,0,1,1,0,0,0,0,0,0,0,0,0,0,0,1,1,0,0,0,0,2,0,0,0,0,0,0,0,0,2,0,0,0,3,0,1,0,0,0,0,0,1,0,0,0,0,0,1,1,0,4
218,2,22,6,3,0,3,2,1,1,1,3,1,0,0,1,2,0,0,1,2,1,2,1,0,1,3,0,1,1,1,0,2,5,1,0,0,0,0,2,0,1,2,4,2,0,2,0,1,2,0,0,0,3,1,0,0,0,2,2,0,0,0,1,0,1,0,0,0,1,1,0,0,1,1,0,1,3,0,0,0,2,0,0,0,0,0,0,0,0,0,2,1,0,1,0,0,0,0,0,1
219,0,8,4,1,2,2,5,2,4,2,6,2,3,5,5,1,0,2,6,0,6,0,1,2,1,0,0,2,5,0,3,1,1,1,1,0,0,0,4,0,2,1,1,1,1,1,2,0,0,1,2,1,1,1,2,0,1,0,1,1,2,2,1,0,1,2,0,0,0,2,1,0,1,1,2,3,0,0,1,0,3,1,2,0,1,2,0,0,0,0,1,4,0,0,0,1,0,0,0,1
220,1,1,5,0,1,1,2,0,0,0,1,0,1,2,0,0,1,2,1,0,0,0,0,1,5,0,2,0,0,1,0,0,0,0,0,0,2,0,0,0,0,1,0,1,0,0,0,0,0,2,0,0,0,0,0,0,1,0,0,1,0,2,0,0,0,0,0,0,0,0,0,0,0,0,0,0,0,2,0,1,0,0,0,0,3,0,0,0,0,0,0,0,0,0,0,1,0,0,0,0
221,16,7,0,1,7,4,4,6,1,1,2,4,8,4,5,0,1,9,6,0,0,0,3,0,6,0,6,1,1,0,2,3,0,0,0,3,1,4,3,3,0,0,0,0,1,1,2,0,0,0,2,0,0,1,0,5,4,0,2,3,0,0,0,0,0,2,0,0,0,3,0,1,1,0,0,0,0,0,1,2,1,0,2,0,0,0,0,0,7,2,0,1,0,0,0,1,0,0,0,0
222,1,4,5,2,1,1,2,1,1,0,0,3,0,0,0,2,3,1,2,0,0,0,0,2,1,1,2,0,2,1,1,1,0,0,1,2,0,0,1,0,0,1,0,1,0,2,0,0,0,0,0,0,0,0,0,0,2,0,0,0,0,2,0,1,0,2,0,1,0,1,0,1,0,0,0,1,0,1,0,0,1,1,0,0,0,0,0,1,0,1,0,0,0,0,0,2,0,2,1,0
223,4,3,3,3,4,2,4,1,1,1,2,2,1,6,1,3,3,0,3,0,0,0,1,1,1,1,0,2,0,1,1,2,0,0,0,1,0,2,4,1,0,1,0,1,1,6,1,0,2,0,5,1,0,0,0,0,2,0,1,1,0,1,0,1,1,0,1,0,0,0,0,0,3,0,0,0,0,2,3,0,0,1,1,0,0,0,0,0,0,1,3,0,0,0,1,4,3,2,1,1
224,1,24,5,2,1,2,2,0,0,3,1,1,0,0,0,2,2,0,0,0,5,2,0,1,1,3,0,0,2,1,0,2,3,2,0,0,0,0,0,0,0,2,3,2,2,3,0,1,2,0,0,2,1,0,0,0,0,2,0,0,0,0,3,0,1,0,0,0,1,1,0,1,1,1,0,0,0,0,2,0,2,1,1,0,0,1,0,2,0,1,0,3,0,0,5,0,0,0,0,1
225,0,2,2,0,1,0,1,3,7,1,1,1,1,0,1,2,8,0,0,0,0,0,0,0,11,0,0,0,0,2,0,0,0,0,0,0,0,0,0,0,0,1,0,1,0,0,0,1,0,0,0,0,0,1,1,0,0,0,0,0,0,0,0,0,0,0,1,0,0,0,0,0,0,0,0,2,0,0,0,0,0,0,0,0,1,0,0,0,0,0,1,0,0,0,0,0,0,2,0,0
226,13,17,0,6,4,6,3,12,28,4,1,4,7,1,7,7,6,15,7,0,7,3,3,11,1,1,7,3,11,0,9,3,0,1,4,2,4,2,9,3,1,1,0,1,0,3,9,3,3,2,2,4,1,2,2,0,7,1,2,1,0,3,1,7,4,0,0,3,0,2,5,1,0,0,2,0,3,2,4,3,0,5,1,0,5,4,1,0,5,5,1,4,5,0,0,1,0,3,1,1
227,0,24,1,2,5,1,1,6,9,8,12,4,7,4,6,1,6,2,1,0,0,2,0,8,1,1,1,7,6,0,8,0,2,6,3,1,0,0,5,2,3,1,2,1,0,3,3,5,1,1,0,3,2,0,3,9,4,0,4,4,1,2,4,2,3,3,0,1,3,1,2,0,1,0,8,1,0,0,2,2,1,0,1,0,1,1,1,0,0,5,1,1,2,0,1,1,0,0,0,1
228,0,0,4,1,1,0,1,0,1,5,2,0,0,0,0,0,0,0,1,4,3,1,0,3,0,3,0,0,1,0,0,0,4,4,0,0,0,0,1,0,0,1,3,1,0,0,0,0,1,0,1,0,1,1,0,0,0,1,0,0,0,0,2,0,0,0,0,0,0,1,0,0,1,1,0,1,1,0,0,0,0,0,0,0,0,1,0,0,0,0,0,1,1,0,1,0,0,1,0,1
229,0,8,4,2,0,3,2,2,0,2,5,0,1,0,2,0,3,0,0,1,2,2,0,0,2,1,0,1,0,3,0,0,2,2,1,1,0,0,0,0,0,2,1,2,0,1,0,1,0,0,0,0,0,1,0,0,0,2,0,0,1,0,1,0,1,0,2,0,1,0,0,3,0,2,0,0,0,0,1,0,1,0,0,0,2,0,0,1,0,0,1,0,0,0,1,0,0,0,0,1
230,1,0,6,2,0,1,1,1,0,3,3,0,1,0,1,0,1,0,0,1,0,2,0,2,1,3,0,0,1,0,0,0,3,1,1,0,0,1,0,0,0,1,3,1,2,0,0,1,1,0,0,0,0,0,0,0,0,0,0,0,0,0,2,0,0,0,0,1,0,2,0,1,1,2,0,0,1,0,1,0,2,0,0,0,0,0,1,3,0,0,1,1,0,0,2,0,0,0,0,0
231,2,4,0,2,0,5,2,0,2,3,2,0,0,0,0,0,3,0,6,4,4,1,0,0,3,1,0,0,0,1,0,0,3,4,0,0,0,1,2,0,0,2,1,2,0,0,0,0,0,0,0,0,0,1,0,1,0,0,0,1,0,0,0,0,0,0,2,0,1,0,0,5,0,3,0,1,0,0,0,0,0,0,0,0,0,0,0,2,0,0,1,0,1,0,0,0,1,0,0,2
232,0,1,0,0,2,0,1,3,4,2,1,2,1,0,1,0,1,0,5,0,1,0,0,1,2,1,0,1,1,0,2,0,0,0,1,0,0,0,2,0,1,0,0,0,0,2,2,0,0,1,2,0,0,0,1,0,1,0,0,1,0,1,0,0,0,0,0,0,0,2,0,0,0,0,1,0,0,2,0,0,0,0,1,0,0,2,1,0,0,1,0,1,1,0,0,0,1,0,0,0
233,5,1,0,3,1,1,1,2,1,2,1,0,1,3,0,3,4,0,2,0,0,1,3,0,3,1,1,0,0,0,2,2,0,0,0,0,2,1,0,3,0,0,0,0,0,0,4,0,0,0,1,1,0,0,0,0,0,0,0,1,0,3,0,1,0,0,0,0,0,1,0,1,0,0,0,0,0,1,1,0,0,1,1,0,0,0,0,0,0,0,0,0,0,0,0,0,0,0,1,0
234,0,0,0,0,2,14,2,2,2,14,2,0,0,4,0,0,4,0,6,10,2,2,0,8,2,0,0,2,0,0,0,0,0,26,0,0,0,0,0,0,0,0,0,0,16,0,2,2,0,2,0,0,6,10,0,0,4,4,0,0,0,0,2,0,0,0,0,0,4,0,0,2,0,0,0,6,16,0,0,0,0,2,0,0,6,0,0,6,0,0,2,0,0,78,0,0,2,0,0,0
235,0,0,5,4,1,3,1,1,2,6,4,1,1,0,0,0,1,0,3,8,1,3,0,2,1,1,0,1,1,0,0,0,0,0,0,0,1,1,3,0,1,1,0,1,0,0,1,0,0,2,1,0,0,1,0,1,0,4,0,0,0,0,0,1,2,0,0,2,4,2,1,0,0,0,0,0,2,0,0,0,0,0,0,0,1,0,3,1,0,0,0,0,0,9,0,1,1,0,0,0
236,2,5,1,1,0,2,2,0,1,4,5,0,1,0,0,0,2,0,1,5,1,1,0,0,2,1,0,0,0,3,0,0,3,2,0,0,0,1,0,0,0,2,1,2,1,1,0,0,0,0,0,0,0,1,0,0,0,0,1,0,0,0,2,0,0,1,1,0,1,1,0,0,0,2,0,0,3,0,0,0,0,0,0,0,0,0,0,0,0,2,0,0,0,1,0,0,0,0,1,1
237,11,19,0,7,3,1,1,5,4,1,2,7,4,7,0,3,6,9,6,1,3,0,2,4,7,1,6,2,0,7,4,2,0,0,1,5,4,0,3,1,0,1,0,1,2,3,0,2,0,3,1,4,0,0,2,10,2,0,1,2,0,1,3,1,1,0,4,1,0,3,2,2,1,0,2,0,0,0,1,2,0,0,0,0,1,0,6,0,7,0,3,2,3,0,0,1,1,3,0,2
238,3,0,6,4,0,4,1,0,0,2,2,0,0,0,1,2,0,1,0,3,0,2,1,0,0,3,0,0,2,1,0,1,3,3,1,0,0,1,2,0,0,1,3,1,1,0,0,1,4,0,0,0,0,0,0,0,0,2,0,0,0,0,2,1,0,0,0,1,3,2,0,1,1,1,0,0,0,0,1,0,2,1,0,0,0,0,0,0,0,0,0,2,0,2,2,0,1,0,0,0
239,4,0,5,3,0,4,1,0,1,3,2,0,1,0,0,1,0,0,0,0,3,2,0,1,1,3,0,2,2,1,0,0,3,3,1,0,0,0,0,0,1,1,3,1,1,0,0,1,3,1,0,0,3,1,0,0,0,1,1,1,0,0,3,1,1,0,0,2,0,1,0,1,1,2,0,1,2,0,0,0,2,0,0,0,0,1,2,2,0,0,0,0,0,0,2,0,0,0,1,0
240,4,0,5,3,0,4,1,0,1,3,2,0,1,0,0,1,0,0,0,0,3,2,0,1,1,3,0,2,2,1,0,0,3,3,1,0,0,0,0,0,1,1,3,1,1,0,0,1,3,1,0,0,3,1,0,0,0,1,1,1,0,0,3,1,1,0,0,2,0,1,0,1,1,2,0,1,2,0,0,0,2,0,0,0,0,1,2,2,0,0,0,0,0,0,2,0,0,0,1,0
241,1,1,3,1,1,0,1,1,1,6,2,0,1,0,0,0,3,0,3,2,0,2,0,0,0,0,0,1,0,0,0,0,0,0,0,0,0,0,0,0,0,2,0,2,2,0,0,1,0,0,1,1,1,2,0,0,0,2,0,0,0,0,3,3,0,0,0,1,4,1,0,1,0,0,0,0,2,0,0,0,0,0,1,0,0,0,0,0,0,0,1,0,0,2,0,1,0,1,0,0
242,0,1,3,1,0,0,1,1,1,5,3,0,1,0,0,0,3,0,3,2,0,3,0,0,0,0,0,1,0,0,0,0,0,0,0,0,0,0,0,0,0,1,0,1,1,0,0,1,0,0,0,1,0,2,0,0,0,0,0,0,0,0,2,2,0,0,0,1,3,1,0,1,0,0,0,0,1,0,0,0,0,1,2,0,0,0,0,0,0,0,1,0,0,2,0,1,0,1,0,0
243,0,0,6,0,0,6,2,0,0,8,3,0,0,0,0,0,0,0,0,2,5,1,0,1,1,1,0,1,2,0,0,0,4,2,0,0,0,0,0,0,0,1,4,1,1,0,1,2,0,0,0,0,0,1,0,0,0,0,0,0,0,0,2,0,2,0,0,0,2,1,0,2,1,1,0,0,0,0,1,0,0,2,0,0,0,2,0,2,0,0,0,2,0,0,0,0,0,1,0,0
244,0,0,6,0,0,6,2,0,0,8,3,0,0,0,0,0,0,0,0,2,5,1,0,1,1,1,0,1,2,0,0,0,4,2,0,0,0,0,0,0,0,1,4,1,1,0,1,2,0,0,0,0,0,1,0,0,0,0,0,0,0,0,2,0,2,0,0,0,2,1,0,2,1,1,0,0,0,0,1,0,0,2,0,0,0,2,0,2,0,0,0,2,0,0,0,0,0,1,0,0
245,0,1,4,2,0,2,3,0,0,0,0,1,1,3,0,1,0,0,0,0,0,1,0,0,3,0,0,0,0,1,1,0,0,0,0,0,0,1,0,0,0,1,0,1,0,0,1,0,0,0,0,0,0,0,0,0,0,0,0,0,0,1,0,0,0,0,0,0,0,0,0,0,0,0,0,0,0,0,0,0,0,0,0,0,0,0,0,0,0,0,0,0,0,0,0,0,0,0,0,0
246,0,1,4,2,0,2,3,0,0,0,0,1,1,3,0,1,0,0,0,0,0,1,0,0,3,0,0,0,0,1,1,0,0,0,0,0,0,1,0,0,0,1,0,1,0,0,1,0,0,0,0,0,0,0,0,0,0,0,0,0,0,1,0,0,0,0,0,0,0,0,0,0,0,0,0,0,0,0,0,0,0,0,0,0,0,0,0,0,0,0,0,0,0,0,0,0,0,0,0,0
247,0,0,0,1,0,0,1,0,0,0,1,0,0,1,0,0,0,0,0,0,0,0,0,0,1,0,0,0,0,0,0,0,0,0,0,0,0,0,0,0,0,0,0,0,0,0,0,0,0,0,0,0,0,0,0,1,0,0,0,0,0,0,0,0,0,0,0,0,0,0,0,0,0,0,0,0,0,0,0,0,0,0,0,0,0,0,0,0,0,0,0,0,0,0,0,0,1,0,0,0
248,4,0,6,5,0,3,1,0,1,2,3,0,1,0,1,2,0,1,1,2,1,3,1,1,1,3,0,0,3,2,0,2,4,3,1,0,0,0,0,0,1,1,4,1,0,0,0,2,2,0,0,0,0,2,0,0,0,0,0,0,0,0,1,0,1,0,0,0,2,1,0,1,1,2,0,1,0,0,2,0,2,1,1,0,0,0,0,3,0,0,0,2,0,1,3,0,1,0,0,0
249,4,0,6,5,0,3,1,0,1,2,3,0,1,0,1,2,0,1,1,2,1,3,1,1,1,3,0,0,3,2,0,2,4,3,1,0,0,0,0,0,1,1,4,1,0,0,0,2,2,0,0,0,0,2,0,0,0,0,0,0,0,0,1,0,1,0,0,0,2,1,0,1,1,2,0,1,0,0,2,0,2,1,1,0,0,0,0,3,0,0,0,2,0,1,3,0,1,0,0,0
250,4,0,6,2,0,2,2,0,1,5,3,0,0,1,0,2,1,0,1,0,2,2,1,2,1,3,0,2,2,1,0,1,2,4,1,0,0,0,0,0,2,1,2,1,0,1,1,2,2,0,0,1,0,1,0,0,0,1,2,0,0,0,5,0,1,1,0,0,1,1,0,2,1,2,0,1,0,0,1,0,2,0,0,0,0,0,3,1,0,0,0,2,0,0,1,0,0,0,1,1
251,4,0,6,2,0,2,2,0,1,5,3,0,0,1,0,2,1,0,1,0,2,2,1,2,1,3,0,2,2,1,0,1,2,4,1,0,0,0,0,0,2,1,2,1,0,1,1,2,2,0,0,1,0,1,0,0,0,1,2,0,0,0,5,0,1,1,0,0,1,1,0,2,1,2,0,1,0,0,1,0,2,0,0,0,0,0,3,1,0,0,0,2,0,0,1,0,0,0,1,1
252,4,0,6,2,0,2,2,0,1,5,3,0,0,1,0,2,1,0,1,0,2,2,1,2,1,3,0,2,2,1,0,1,2,4,1,0,0,0,0,0,2,1,2,1,0,1,1,2,2,0,0,1,0,1,0,0,0,1,2,0,0,0,5,0,1,1,0,0,1,1,0,2,1,2,0,1,0,0,1,0,2,0,0,0,0,0,3,1,0,0,0,2,0,0,1,0,0,0,1,1
253,16,2,1,6,6,1,1,12,1,3,1,0,5,10,4,2,3,2,0,0,2,0,5,0,0,0,11,5,0,0,1,2,0,0,2,0,9,2,0,6,0,0,0,0,4,1,1,0,0,4,1,2,0,3,0,9,2,2,1,3,0,2,1,1,1,0,1,0,0,0,0,0,1,0,0,0,0,0,0,4,0,0,2,0,2,0,0,0,5,2,1,0,0,0,0,0,0,0,0,0
254,16,2,1,6,6,1,1,12,1,3,1,0,5,10,4,2,3,2,0,0,2,0,5,0,0,0,11,5,0,0,1,2,0,0,2,0,9,2,0,6,0,0,0,0,4,1,1,0,0,4,1,2,0,3,0,9,2,2,1,3,0,2,1,1,1,0,1,0,0,0,0,0,1,0,0,0,0,0,0,4,0,0,2,0,2,0,0,0,5,2,1,0,0,0,0,0,0,0,0,0
255,3,0,3,3,0,3,1,0,0,2,2,0,2,0,0,2,1,1,0,1,1,3,1,1,1,3,0,0,1,2,0,0,3,3,1,0,0,1,0,0,0,1,2,1,0,1,0,1,2,0,0,0,0,1,0,0,0,2,2,0,0,0,1,0,0,0,0,1,2,1,0,1,1,1,0,1,0,0,0,0,2,0,0,0,0,0,1,3,0,0,0,1,0,1,1,0,0,0,0,0
256,2,0,3,2,0,3,2,0,0,3,2,0,2,0,0,0,0,0,0,2,1,4,0,1,1,3,0,0,1,2,0,0,3,3,1,0,0,1,0,0,0,1,2,1,1,0,0,0,1,0,0,0,0,1,0,0,0,1,2,0,0,0,1,0,0,0,0,2,3,1,0,1,1,2,0,1,0,0,0,0,2,0,0,0,0,0,0,1,0,0,1,1,0,2,2,0,0,0,0,0
257,2,0,3,2,0,3,2,0,0,3,2,0,2,0,0,0,0,0,0,2,1,4,0,1,1,3,0,0,1,2,0,0,3,3,1,0,0,1,0,0,0,1,2,1,1,0,0,0,1,0,0,0,0,1,0,0,0,1,2,0,0,0,1,0,0,0,0,2,3,1,0,1,1,2,0,1,0,0,0,0,2,0,0,0,0,0,0,1,0,0,1,1,0,2,2,0,0,0,0,0
258,2,0,6,3,0,3,1,0,1,6,3,0,0,0,0,0,0,1,1,2,2,3,0,2,1,1,0,1,3,0,0,0,3,2,1,0,0,0,0,0,0,1,3,1,1,0,1,0,0,0,0,0,0,1,0,0,0,1,1,1,0,0,0,0,0,1,0,0,2,2,1,1,1,2,0,3,1,0,0,0,1,0,1,0,0,0,1,2,0,0,0,1,0,2,1,0,0,0,1,1
259,2,0,6,3,0,3,1,0,1,6,3,0,0,0,0,0,0,1,1,2,2,3,0,2,1,1,0,1,3,0,0,0,3,2,1,0,0,0,0,0,0,1,3,1,1,0,1,0,0,0,0,0,0,1,0,0,0,1,1,1,0,0,0,0,0,1,0,0,2,2,1,1,1,2,0,3,1,0,0,0,1,0,1,0,0,0,1,2,0,0,0,1,0,2,1,0,0,0,1,1
260,3,0,5,6,0,3,1,0,0,1,1,0,0,0,2,2,0,0,0,1,1,3,2,2,1,3,0,0,1,0,0,0,5,4,2,0,0,0,0,0,0,1,4,1,0,1,0,0,2,0,0,0,0,0,0,0,0,1,3,0,0,0,0,0,0,1,0,0,2,0,0,0,1,2,0,1,1,0,0,0,3,0,0,0,0,0,1,2,0,0,1,0,0,1,1,0,0,0,0,0
261,3,0,5,6,0,3,1,0,0,1,1,0,0,0,2,2,0,0,0,1,1,3,2,2,1,3,0,0,1,0,0,0,5,4,2,0,0,0,0,0,0,1,4,1,0,1,0,0,2,0,0,0,0,0,0,0,0,1,3,0,0,0,0,0,0,1,0,0,2,0,0,0,1,2,0,1,1,0,0,0,3,0,0,0,0,0,1,2,0,0,1,0,0,1,1,0,0,0,0,0
262,12,8,0,0,12,9,5,4,0,0,1,2,4,9,0,0,2,2,7,6,0,0,3,0,2,1,0,3,2,0,1,5,0,0,0,3,2,5,3,2,0,0,0,0,2,1,2,1,2,1,5,1,0,1,0,4,1,1,1,1,0,1,0,2,2,3,0,1,0,0,0,1,1,0,0,0,1,3,4,0,0,3,1,0,0,0,1,1,0,3,0,0,0,0,0,1,2,1,0,1
263,12,8,0,0,12,9,5,4,0,0,1,2,4,9,0,0,2,2,7,6,0,0,3,0,2,1,0,3,2,0,1,5,0,0,0,3,2,5,3,2,0,0,0,0,2,1,2,1,2,1,5,1,0,1,0,4,1,1,1,1,0,1,0,2,2,3,0,1,0,0,0,1,1,0,0,0,1,3,4,0,0,3,1,0,0,0,1,1,0,3,0,0,0,0,0,1,2,1,0,1
264,3,0,6,3,0,5,1,0,0,3,2,0,1,0,0,1,0,0,0,0,3,3,0,1,1,3,0,0,1,0,0,0,2,1,1,0,0,0,0,0,0,1,2,1,0,0,1,1,3,0,0,0,0,0,0,0,0,0,1,0,0,0,2,0,0,0,0,0,1,1,0,0,1,2,0,1,0,0,0,1,2,0,0,0,0,0,2,0,0,1,0,0,1,0,0,0,0,0,0,0
265,3,0,9,3,0,5,1,0,1,3,2,0,2,0,0,2,0,0,0,0,7,4,0,1,0,3,0,1,1,0,0,0,2,1,1,0,0,0,0,0,0,1,2,1,1,0,1,1,4,0,0,0,0,1,0,0,0,0,1,0,0,0,2,0,1,0,0,0,2,1,0,0,1,2,0,2,0,0,0,1,2,0,0,0,0,1,3,2,0,1,0,0,2,0,0,0,0,0,0,0
266,3,0,9,3,0,5,1,0,1,3,2,0,2,0,0,2,0,0,0,0,7,4,0,1,0,3,0,1,1,0,0,0,2,1,1,0,0,0,0,0,0,1,2,1,1,0,1,1,4,0,0,0,0,1,0,0,0,0,1,0,0,0,2,0,1,0,0,0,2,1,0,0,1,2,0,2,0,0,0,1,2,0,0,0,0,1,3,2,0,1,0,0,2,0,0,0,0,0,0,0
267,2,0,3,1,0,1,1,0,0,2,1,0,0,0,0,0,0,0,0,0,1,2,0,1,0,1,0,0,1,0,0,0,2,2,1,0,1,0,0,0,0,1,2,1,1,0,0,1,0,0,0,0,0,1,0,0,0,0,2,0,0,0,0,1,0,0,1,0,0,0,0,0,1,1,0,0,0,0,0,0,1,1,0,0,0,0,0,0,0,2,1,0,0,2,0,0,0,0,0,0
268,2,0,3,1,0,1,1,0,0,2,1,0,0,0,0,0,0,0,0,0,1,2,0,1,0,1,0,0,1,0,0,0,2,2,1,0,1,0,0,0,0,1,2,1,1,0,0,1,0,0,0,0,0,1,0,0,0,0,2,0,0,0,0,1,0,0,1,0,0,0,0,0,1,1,0,0,0,0,0,0,1,1,0,0,0,0,0,0,0,2,1,0,0,2,0,0,0,0,0,0
269,2,0,3,5,0,5,1,0,0,1,4,0,1,0,1,2,1,0,0,2,0,3,0,0,0,3,0,0,2,0,0,0,4,1,1,0,0,0,1,0,0,1,4,1,1,0,1,1,2,0,0,0,0,2,0,0,0,1,0,1,0,0,0,0,0,0,0,0,3,0,0,0,1,2,0,2,0,0,0,0,2,0,0,0,0,0,1,2,0,0,0,0,1,1,0,0,1,0,0,0
270,2,0,3,5,0,5,1,0,0,1,4,0,1,0,1,2,1,0,0,2,0,3,0,0,0,3,0,0,2,0,0,0,4,1,1,0,0,0,1,0,0,1,4,1,1,0,1,1,2,0,0,0,0,2,0,0,0,1,0,1,0,0,0,0,0,0,0,0,3,0,0,0,1,2,0,2,0,0,0,0,2,0,0,0,0,0,1,2,0,0,0,0,1,1,0,0,1,0,0,0
271,3,0,3,5,0,3,1,0,0,1,2,0,1,0,0,2,1,0,0,2,0,3,0,1,0,3,0,1,1,0,0,0,4,4,1,0,0,1,0,0,0,1,4,1,1,0,0,3,2,0,0,0,0,2,0,0,0,0,0,0,0,0,1,0,0,0,0,1,2,0,0,1,1,2,0,2,0,0,1,0,2,0,0,0,0,0,1,1,0,0,1,0,0,1,1,0,0,0,0,0
272,3,0,3,5,0,3,1,0,0,1,2,0,1,0,0,2,1,0,0,2,0,3,0,1,0,3,0,1,1,0,0,0,4,4,1,0,0,1,0,0,0,1,4,1,1,0,0,3,2,0,0,0,0,2,0,0,0,0,0,0,0,0,1,0,0,0,0,1,2,0,0,1,1,2,0,2,0,0,1,0,2,0,0,0,0,0,1,1,0,0,1,0,0,1,1,0,0,0,0,0
273,3,0,3,5,0,2,1,0,0,1,3,0,0,0,0,2,0,0,0,1,1,3,0,1,0,3,0,0,1,0,0,0,3,1,1,0,0,0,0,0,0,1,3,1,0,0,0,0,2,0,0,0,0,0,0,0,0,1,0,0,0,0,0,0,0,0,0,0,1,0,0,2,1,2,0,1,1,0,0,0,2,1,0,0,0,0,1,1,0,0,2,0,0,2,1,0,0,0,0,0
274,3,0,3,5,0,2,1,0,0,1,3,0,0,0,0,2,0,0,0,1,1,3,0,1,0,3,0,0,1,0,0,0,3,1,1,0,0,0,0,0,0,1,3,1,0,0,0,0,2,0,0,0,0,0,0,0,0,1,0,0,0,0,0,0,0,0,0,0,1,0,0,2,1,2,0,1,1,0,0,0,2,1,0,0,0,0,1,1,0,0,2,0,0,2,1,0,0,0,0,0
275,4,0,5,4,0,5,1,0,0,2,2,0,0,1,0,1,1,2,0,0,2,2,0,0,0,4,0,0,1,2,0,0,3,1,1,0,0,1,0,0,0,1,3,1,0,0,0,0,2,0,0,0,0,1,0,1,3,0,3,0,0,0,2,0,2,0,0,0,0,0,0,0,1,2,0,3,0,0,0,0,2,3,0,0,0,0,0,0,0,1,1,1,0,0,0,0,1,1,0,2
276,4,0,5,4,0,5,1,0,0,2,2,0,0,1,0,1,1,2,0,0,2,2,0,0,0,4,0,0,1,2,0,0,3,1,1,0,0,1,0,0,0,1,3,1,0,0,0,0,2,0,0,0,0,1,0,1,3,0,3,0,0,0,2,0,2,0,0,0,0,0,0,0,1,2,0,3,0,0,0,0,2,3,0,0,0,0,0,0,0,1,1,1,0,0,0,0,1,1,0,2
277,3,0,3,3,0,2,1,0,0,0,2,0,0,0,0,1,1,0,0,1,0,2,2,0,0,3,0,0,1,0,0,0,2,2,1,0,0,2,0,0,0,1,2,1,0,1,0,0,3,0,0,0,0,0,0,0,1,0,1,0,0,0,1,0,1,1,0,0,1,0,0,1,1,2,0,0,1,0,0,0,2,0,0,0,0,0,0,0,0,0,1,0,0,1,3,0,0,0,0,0
278,11,9,5,1,7,8,1,2,0,1,1,8,8,5,1,0,5,5,2,0,1,0,2,3,1,0,2,1,0,0,0,1,0,0,0,4,1,2,1,6,1,0,0,0,1,1,2,0,0,2,3,2,1,0,0,1,0,0,0,2,0,1,0,2,0,0,2,0,0,4,1,0,1,0,0,2,0,0,2,3,0,0,2,0,2,0,9,0,1,1,1,2,1,0,1,4,0,0,0,0
279,11,9,5,1,7,8,1,2,0,1,1,8,8,5,1,0,5,5,2,0,1,0,2,3,1,0,2,1,0,0,0,1,0,0,0,4,1,2,1,6,1,0,0,0,1,1,2,0,0,2,3,2,1,0,0,1,0,0,0,2,0,1,0,2,0,0,2,0,0,4,1,0,1,0,0,2,0,0,2,3,0,0,2,0,2,0,9,0,1,1,1,2,1,0,1,4,0,0,0,0
280,1,7,3,3,0,4,2,2,0,7,4,0,0,1,1,3,3,0,0,9,2,1,0,2,2,0,0,0,2,2,0,0,3,1,0,1,0,0,0,0,0,1,1,1,0,2,1,0,0,0,0,0,0,0,0,0,1,0,0,0,0,1,2,0,1,2,1,0,0,1,0,0,0,2,0,1,1,0,1,1,0,0,0,0,0,1,0,2,0,0,0,0,0,0,0,0,0,0,0,1
281,3,0,7,1,1,3,2,1,1,4,2,0,2,1,0,0,0,0,0,0,4,3,0,1,1,1,0,0,2,2,1,0,3,1,1,0,0,0,0,0,0,2,3,1,1,1,0,0,0,0,0,0,0,0,0,0,1,2,1,0,0,0,2,0,0,0,0,1,0,0,0,0,1,1,1,1,2,0,0,0,1,0,0,0,0,4,2,1,0,4,0,0,0,0,0,0,0,1,1,0
282,3,0,7,1,1,3,2,1,1,4,2,0,2,1,0,0,0,0,0,0,4,3,0,1,1,1,0,0,2,2,1,0,3,1,1,0,0,0,0,0,0,2,3,1,1,1,0,0,0,0,0,0,0,0,0,0,1,2,1,0,0,0,2,0,0,0,0,1,0,0,0,0,1,1,1,1,2,0,0,0,1,0,0,0,0,4,2,1,0,4,0,0,0,0,0,0,0,1,1,0
283,4,0,4,7,0,3,1,1,1,1,2,0,2,0,0,2,0,1,2,3,2,4,0,0,0,4,0,0,1,1,1,0,3,1,1,0,0,1,0,0,0,1,3,1,0,2,0,2,2,0,0,0,0,1,0,0,1,0,2,0,0,0,2,0,1,0,0,0,1,0,0,1,1,2,0,5,0,0,0,0,2,1,0,0,0,0,1,2,0,1,0,2,0,2,0,0,0,0,0,0
284,4,0,4,7,0,3,1,1,1,1,2,0,2,0,0,2,0,1,2,3,2,4,0,0,0,4,0,0,1,1,1,0,3,1,1,0,0,1,0,0,0,1,3,1,0,2,0,2,2,0,0,0,0,1,0,0,1,0,2,0,0,0,2,0,1,0,0,0,1,0,0,1,1,2,0,5,0,0,0,0,2,1,0,0,0,0,1,2,0,1,0,2,0,2,0,0,0,0,0,0
285,3,0,5,3,0,4,3,1,0,5,4,0,0,0,2,2,1,1,0,0,1,2,0,1,2,3,0,0,1,1,1,0,3,3,2,0,0,1,0,0,0,1,3,1,0,0,0,0,2,0,0,0,2,1,0,0,0,0,2,0,0,0,2,0,0,0,0,0,3,1,0,1,1,2,0,0,4,0,1,0,2,0,0,0,0,0,0,1,0,0,0,0,0,0,1,0,1,0,0,0
286,3,0,5,3,0,4,3,1,0,5,4,0,0,0,2,2,1,1,0,0,1,2,0,1,2,3,0,0,1,1,1,0,3,3,2,0,0,1,0,0,0,1,3,1,0,0,0,0,2,0,0,0,2,1,0,0,0,0,2,0,0,0,2,0,0,0,0,0,3,1,0,1,1,2,0,0,4,0,1,0,2,0,0,0,0,0,0,1,0,0,0,0,0,0,1,0,1,0,0,0
287,3,0,2,2,0,4,2,1,0,3,2,0,1,0,0,2,0,0,0,0,0,2,0,1,1,3,0,0,1,0,0,0,3,1,1,0,0,0,0,0,0,1,3,1,0,0,0,0,2,0,0,0,1,1,0,0,0,0,0,0,0,0,1,0,0,0,0,0,0,0,0,0,1,2,0,0,4,0,1,0,2,0,0,0,0,0,0,0,0,0,1,1,0,1,0,0,0,0,0,0
288,3,0,2,2,0,4,2,1,0,3,2,0,1,0,0,2,0,0,0,0,0,2,0,1,1,3,0,0,1,0,0,0,3,1,1,0,0,0,0,0,0,1,3,1,0,0,0,0,2,0,0,0,1,1,0,0,0,0,0,0,0,0,1,0,0,0,0,0,0,0,0,0,1,2,0,0,4,0,1,0,2,0,0,0,0,0,0,0,0,0,1,1,0,1,0,0,0,0,0,0
289,3,0,3,2,0,1,1,1,0,4,5,0,1,1,0,0,0,2,0,1,1,3,0,0,1,2,0,0,1,2,0,0,3,2,1,0,0,1,0,0,0,1,3,1,1,0,0,0,0,0,0,0,2,1,0,0,0,1,1,0,0,0,1,0,0,0,0,0,1,0,0,0,1,1,0,0,2,0,0,0,1,0,1,0,0,1,0,0,0,1,1,0,0,2,0,0,0,0,1,0
290,3,0,3,2,0,1,1,1,0,4,5,0,1,1,0,0,0,2,0,1,1,3,0,0,1,2,0,0,1,2,0,0,3,2,1,0,0,1,0,0,0,1,3,1,1,0,0,0,0,0,0,0,2,1,0,0,0,1,1,0,0,0,1,0,0,0,0,0,1,0,0,0,1,1,0,0,2,0,0,0,1,0,1,0,0,1,0,0,0,1,1,0,0,2,0,0,0,0,1,0
291,3,0,4,5,1,4,1,2,1,4,1,1,0,0,0,2,2,0,0,4,0,3,0,1,1,4,0,0,1,0,0,0,4,3,1,0,2,0,0,0,0,1,4,1,0,0,1,2,3,0,0,0,0,1,0,0,1,2,0,0,0,0,1,0,1,0,1,0,2,0,0,2,2,2,0,0,0,0,0,0,2,2,1,0,1,1,1,2,0,0,1,3,0,3,1,0,0,0,0,1
292,3,0,4,5,1,4,1,2,1,4,1,1,0,0,0,2,2,0,0,4,0,3,0,1,1,4,0,0,1,0,0,0,4,3,1,0,2,0,0,0,0,1,4,1,0,0,1,2,3,0,0,0,0,1,0,0,1,2,0,0,0,0,1,0,1,0,1,0,2,0,0,2,2,2,0,0,0,0,0,0,2,2,1,0,1,1,1,2,0,0,1,3,0,3,1,0,0,0,0,1
293,3,0,4,2,2,3,1,3,1,2,1,0,0,0,0,2,0,1,0,2,0,2,0,1,1,4,0,0,1,0,0,0,4,3,1,0,2,0,0,0,0,1,4,1,0,0,1,1,2,0,0,0,0,1,0,0,2,2,0,0,0,0,1,0,1,0,1,0,0,0,0,1,1,2,0,0,0,0,0,0,2,1,0,0,1,1,1,1,0,0,0,3,0,0,1,0,0,0,0,1
294,3,0,4,2,2,3,1,3,1,2,1,0,0,0,0,2,0,1,0,2,0,2,0,1,1,4,0,0,1,0,0,0,4,3,1,0,2,0,0,0,0,1,4,1,0,0,1,1,2,0,0,0,0,1,0,0,2,2,0,0,0,0,1,0,1,0,1,0,0,0,0,1,1,2,0,0,0,0,0,0,2,1,0,0,1,1,1,1,0,0,0,3,0,0,1,0,0,0,0,1
295,11,8,0,11,2,6,0,1,0,3,1,1,5,4,1,2,3,0,0,0,0,0,2,0,0,1,1,1,0,0,1,3,0,0,1,2,1,0,0,2,0,0,0,0,2,2,2,1,0,1,1,1,2,2,0,0,0,0,0,2,0,0,0,0,0,0,2,1,0,0,1,0,4,0,0,0,1,1,0,0,0,0,1,0,0,0,2,0,0,0,0,0,1,0,0,0,2,1,0,0
296,2,0,5,5,0,3,1,1,0,5,1,0,2,0,3,2,1,1,0,1,1,3,1,2,1,3,0,1,1,0,0,0,5,4,2,0,0,0,0,0,0,1,5,1,0,0,0,0,2,0,0,0,1,2,0,0,0,1,0,0,0,0,0,0,0,1,0,1,5,0,0,0,1,2,0,1,4,0,0,0,3,0,0,0,0,0,1,0,0,0,0,0,0,1,1,0,1,0,0,0
297,2,0,5,5,0,3,1,1,0,5,1,0,2,0,3,2,1,1,0,1,1,3,1,2,1,3,0,1,1,0,0,0,5,4,2,0,0,0,0,0,0,1,5,1,0,0,0,0,2,0,0,0,1,2,0,0,0,1,0,0,0,0,0,0,0,1,0,1,5,0,0,0,1,2,0,1,4,0,0,0,3,0,0,0,0,0,1,0,0,0,0,0,0,1,1,0,1,0,0,0
298,0,4,6,1,1,2,6,1,1,0,1,0,1,5,3,0,2,0,3,1,0,0,1,2,1,0,1,1,2,1,0,0,0,0,0,1,0,1,5,0,1,1,0,1,0,0,0,0,0,0,2,0,0,0,0,0,0,0,0,0,0,0,0,0,0,4,0,1,0,0,0,0,2,0,1,0,0,1,0,0,0,0,0,0,0,0,0,0,0,1,2,1,0,0,2,0,0,0,0,2
299,3,0,5,6,0,2,2,0,1,2,2,0,0,1,0,2,0,0,1,1,1,3,0,0,1,3,0,1,2,2,0,0,4,2,1,0,2,0,0,0,0,1,4,1,0,0,0,0,2,0,0,1,0,0,0,0,0,1,1,0,0,0,1,1,0,1,0,1,1,0,0,0,1,2,0,1,0,0,0,1,2,0,0,0,0,1,1,0,0,2,0,1,0,3,1,0,0,0,0,0
300,3,0,5,6,0,2,2,0,1,2,2,0,0,1,0,2,0,0,1,1,1,3,0,0,1,3,0,1,2,2,0,0,4,2,1,0,2,0,0,0,0,1,4,1,0,0,0,0,2,0,0,1,0,0,0,0,0,1,1,0,0,0,1,1,0,1,0,1,1,0,0,0,1,2,0,1,0,0,0,1,2,0,0,0,0,1,1,0,0,2,0,1,0,3,1,0,0,0,0,0
301,4,10,1,1,11,3,1,6,5,10,1,2,12,0,25,0,5,0,0,0,5,0,0,3,0,2,6,2,2,1,0,0,0,1,2,3,12,2,1,0,0,0,0,0,0,4,2,4,0,0,1,0,3,1,5,11,1,1,0,2,0,0,1,1,1,1,0,3,0,1,28,1,3,0,1,2,0,0,0,2,0,1,1,0,2,1,0,1,0,2,2,1,7,0,4,0,2,2,12,1
302,4,10,1,1,11,3,1,6,5,10,1,2,12,0,25,0,5,0,0,0,5,0,0,3,0,2,6,2,2,1,0,0,0,1,2,3,12,2,1,0,0,0,0,0,0,4,2,4,0,0,1,0,3,1,5,11,1,1,0,2,0,0,1,1,1,1,0,3,0,1,28,1,3,0,1,2,0,0,0,2,0,1,1,0,2,1,0,1,0,2,2,1,7,0,4,0,2,2,12,1
303,27,7,0,16,10,2,1,14,19,2,2,2,11,5,10,1,1,7,1,0,3,6,8,6,2,1,4,3,12,0,10,5,0,0,16,4,6,2,8,0,3,0,0,0,0,8,12,4,0,0,0,1,1,0,9,0,1,3,2,3,3,7,2,2,6,0,0,5,0,0,2,0,1,0,1,0,0,1,1,1,0,7,1,0,2,5,2,2,7,5,4,7,1,0,0,0,1,0,2,0
304,17,7,0,4,6,3,5,4,5,2,1,8,2,2,4,4,2,0,1,0,0,0,1,2,2,1,0,2,0,0,0,3,0,0,0,2,0,2,0,0,0,0,0,0,5,2,2,0,0,2,3,0,1,1,0,6,1,1,1,1,0,2,2,2,0,1,1,0,0,0,0,0,1,0,0,0,0,2,3,0,0,1,1,0,1,0,0,1,0,3,3,2,2,0,1,0,0,2,0,0
305,17,7,0,4,6,3,5,4,5,2,1,8,2,2,4,4,2,0,1,0,0,0,1,2,2,1,0,2,0,0,0,3,0,0,0,2,0,2,0,0,0,0,0,0,5,2,2,0,0,2,3,0,1,1,0,6,1,1,1,1,0,2,2,2,0,1,1,0,0,0,0,0,1,0,0,0,0,2,3,0,0,1,1,0,1,0,0,1,0,3,3,2,2,0,1,0,0,2,0,0
306,0,4,0,4,2,6,3,0,2,0,2,1,1,2,2,0,1,0,0,0,0,0,3,1,0,0,0,1,0,0,0,2,0,0,1,0,0,7,1,1,0,0,0,0,0,0,1,0,0,0,2,0,1,2,0,0,0,0,0,1,0,0,0,0,1,0,0,1,0,0,0,0,0,0,0,0,0,0,1,1,0,0,1,0,1,0,0,1,0,0,1,0,0,0,0,0,0,1,1,0
307,0,0,3,4,0,1,2,0,0,3,1,0,0,0,2,0,1,1,0,2,2,2,0,2,1,3,0,1,1,1,0,0,3,4,1,0,0,0,0,0,0,1,3,1,0,0,0,2,3,0,0,0,1,2,0,0,0,0,0,0,0,0,1,0,0,1,0,1,0,0,0,1,1,2,0,1,0,0,0,0,1,2,1,0,0,0,2,0,0,0,1,0,0,2,0,0,0,0,0,0
308,0,0,3,4,0,1,2,0,0,3,1,0,0,0,2,0,1,1,0,2,2,2,0,2,1,3,0,1,1,1,0,0,3,4,1,0,0,0,0,0,0,1,3,1,0,0,0,2,3,0,0,0,1,2,0,0,0,0,0,0,0,0,1,0,0,1,0,1,0,0,0,1,1,2,0,1,0,0,0,0,1,2,1,0,0,0,2,0,0,0,1,0,0,2,0,0,0,0,0,0
309,3,0,3,6,0,2,2,0,0,1,1,0,0,0,0,2,0,1,0,3,0,2,0,0,1,3,0,0,1,0,0,0,1,1,1,0,0,0,0,0,0,1,1,1,0,0,1,0,3,0,0,0,0,0,0,0,0,0,0,0,0,0,1,1,0,0,0,1,2,0,0,0,1,2,0,2,0,0,0,0,2,1,1,0,0,0,2,1,0,1,1,0,1,3,1,0,0,0,1,0
310,3,0,3,6,0,2,2,0,0,1,1,0,0,0,0,2,0,1,0,1,0,2,0,0,1,3,0,0,1,0,0,0,1,1,1,0,0,0,0,0,0,1,1,1,0,0,3,0,3,0,0,0,0,0,0,0,2,0,0,0,0,0,1,1,0,0,0,1,2,0,0,0,1,2,0,2,0,0,0,0,2,1,1,0,0,0,2,1,0,1,1,0,1,3,1,0,0,0,1,0
311,1,0,6,3,1,2,2,1,0,0,3,0,1,0,2,2,0,1,0,1,1,2,2,1,1,3,0,0,2,1,0,1,2,2,1,0,0,1,0,0,0,1,2,1,1,0,0,1,2,0,0,0,0,2,0,0,0,1,0,0,0,0,2,0,0,1,0,0,3,2,0,1,1,2,0,0,1,0,0,0,2,1,0,0,0,0,1,1,0,0,0,1,0,0,2,0,1,0,0,0
312,1,0,6,3,1,2,2,1,0,0,3,0,1,0,2,2,0,1,0,1,1,2,2,1,1,3,0,0,2,1,0,1,2,2,1,0,0,1,0,0,0,1,2,1,1,0,0,1,2,0,0,0,0,2,0,0,0,1,0,0,0,0,2,0,0,1,0,0,3,2,0,1,1,2,0,0,1,0,0,0,2,1,0,0,0,0,1,1,0,0,0,1,0,0,2,0,1,0,0,0
313,3,0,5,2,0,2,2,1,0,0,3,0,0,0,0,2,0,0,0,0,0,2,2,1,1,3,0,0,2,1,0,1,3,2,1,0,0,1,0,0,0,1,3,1,1,0,0,1,2,0,0,0,0,2,1,0,0,1,0,0,0,0,2,0,0,1,0,0,1,2,0,1,0,2,0,0,1,0,0,0,2,1,0,0,0,0,0,0,0,0,1,0,0,0,2,0,0,0,0,0
314,3,0,5,2,0,2,2,1,0,0,3,0,0,0,0,2,0,0,0,0,0,2,2,1,1,3,0,0,2,1,0,1,3,2,1,0,0,1,0,0,0,1,3,1,1,0,0,1,2,0,0,0,0,2,1,0,0,1,0,0,0,0,2,0,0,1,0,0,1,2,0,1,0,2,0,0,1,0,0,0,2,1,0,0,0,0,0,0,0,0,1,0,0,0,2,0,0,0,0,0
315,0,7,0,2,2,3,3,6,6,4,11,1,4,6,9,0,4,3,2,0,0,2,0,0,2,1,0,0,5,0,6,0,3,1,0,0,0,5,5,0,3,0,3,0,1,0,6,2,0,0,0,0,0,4,0,5,0,0,0,1,0,0,0,0,1,2,0,2,1,1,4,1,2,0,2,0,0,0,2,0,1,0,1,0,1,2,1,0,0,0,2,1,0,0,9,0,0,0,0,0
316,0,7,0,2,2,3,3,6,6,4,11,1,4,6,9,0,4,3,2,0,0,2,0,0,2,1,0,0,5,0,6,0,3,1,0,0,0,5,5,0,3,0,3,0,1,0,6,2,0,0,0,0,0,4,0,5,0,0,0,1,0,0,0,0,1,2,0,2,1,1,4,1,2,0,2,0,0,0,2,0,1,0,1,0,1,2,1,0,0,0,2,1,0,0,9,0,0,0,0,0
317,2,0,4,4,0,2,1,0,0,1,2,0,0,0,1,2,0,1,0,2,3,2,3,0,0,3,0,1,1,0,0,0,4,4,1,0,0,0,0,0,0,1,4,1,0,0,0,1,4,0,0,0,1,2,0,0,0,0,0,0,0,0,0,0,0,1,0,1,2,0,0,3,1,2,0,2,1,0,0,0,2,0,0,0,0,0,1,1,0,0,1,0,0,2,0,0,0,0,0,0
318,2,0,4,4,0,2,1,0,0,1,2,0,0,0,1,2,0,1,0,2,3,2,3,0,0,3,0,1,1,0,0,0,4,4,1,0,0,0,0,0,0,1,4,1,0,0,0,1,4,0,0,0,1,2,0,0,0,0,0,0,0,0,0,0,0,1,0,1,2,0,0,3,1,2,0,2,1,0,0,0,2,0,0,0,0,0,1,1,0,0,1,0,0,2,0,0,0,0,0,0
319,2,1,2,1,0,1,3,2,2,0,3,1,1,4,0,4,1,0,0,0,0,3,0,0,1,0,0,0,1,0,0,1,0,0,0,1,0,0,1,0,0,1,0,1,0,0,1,1,1,0,2,0,0,0,0,0,0,0,1,0,0,0,0,0,3,0,1,1,0,1,0,1,0,0,0,0,0,1,0,0,0,1,0,0,0,1,0,0,0,1,0,1,0,0,0,0,0,3,0,2
320,2,1,2,1,0,1,3,2,2,0,3,1,1,4,0,4,1,0,0,0,0,3,0,0,1,0,0,0,1,0,0,1,0,0,0,1,0,0,1,0,0,1,0,1,0,0,1,1,1,0,2,0,0,0,0,0,0,0,1,0,0,0,0,0,3,0,1,1,0,1,0,1,0,0,0,0,0,1,0,0,0,1,0,0,0,1,0,0,0,1,0,1,0,0,0,0,0,3,0,2
321,4,3,3,2,3,1,7,1,0,0,1,3,2,3,0,2,2,0,0,0,0,0,0,1,2,1,0,1,0,0,1,2,0,0,0,1,0,1,2,1,0,1,0,1,2,1,0,0,0,3,5,0,1,1,1,0,0,0,0,2,0,4,0,0,0,0,2,0,0,1,0,0,0,0,0,0,0,1,0,0,0,1,1,0,1,0,0,0,0,0,1,0,0,0,0,0,0,2,0,0
322,4,0,4,4,0,3,2,1,0,2,4,0,0,0,0,3,0,1,0,2,2,4,0,0,1,5,2,0,1,2,0,1,4,1,2,0,0,1,1,0,0,1,4,1,0,0,0,1,3,0,0,0,1,0,0,0,0,0,1,0,0,0,1,1,0,1,0,0,3,1,0,1,2,2,0,2,0,0,0,0,2,1,1,0,0,1,0,0,0,1,2,0,0,2,3,0,0,0,0,1
323,4,0,4,4,0,3,2,1,0,2,4,0,0,0,0,3,0,1,0,2,2,4,0,0,1,5,2,0,1,2,0,1,4,1,2,0,0,1,1,0,0,1,4,1,0,0,0,1,3,0,0,0,1,0,0,0,0,0,1,0,0,0,1,1,0,1,0,0,3,1,0,1,2,2,0,2,0,0,0,0,2,1,1,0,0,1,0,0,0,1,2,0,0,2,3,0,0,0,0,1
324,2,0,3,3,1,3,2,0,0,1,1,0,0,0,1,2,1,0,0,0,0,3,1,0,1,4,0,0,1,1,0,0,1,1,1,0,0,1,0,0,0,1,1,1,0,0,0,0,3,1,0,0,0,0,0,0,0,3,0,0,0,0,0,1,1,1,1,0,1,0,0,0,1,2,0,0,0,0,1,0,2,0,0,0,0,0,1,1,0,0,1,1,0,0,0,0,0,1,0,0
325,2,0,3,3,1,3,2,0,0,1,1,0,0,0,1,2,1,0,0,0,0,3,1,0,1,4,0,0,1,1,0,0,1,1,1,0,0,1,0,0,0,1,1,1,0,0,0,0,3,1,0,0,0,0,0,0,0,3,0,0,0,0,0,1,1,1,1,0,1,0,0,0,1,2,0,0,0,0,1,0,2,0,0,0,0,0,1,1,0,0,1,1,0,0,0,0,0,1,0,0
326,14,1,4,1,6,4,1,0,0,0,1,0,3,3,2,3,2,0,0,0,1,0,5,1,0,1,1,0,0,0,1,3,0,0,0,0,1,0,0,5,0,1,0,1,1,1,0,1,0,2,1,1,5,1,0,0,0,0,0,1,0,0,0,0,0,0,1,2,0,0,0,0,0,0,0,0,1,1,0,2,0,0,1,0,1,0,0,0,1,0,0,0,0,0,0,2,0,0,0,0
327,1,1,5,2,2,1,1,2,1,0,1,0,1,0,2,1,1,2,0,0,0,0,0,1,0,1,0,1,4,2,1,0,0,1,1,0,0,0,1,0,0,1,0,1,0,0,0,0,0,0,0,0,0,1,0,0,0,1,0,0,0,0,0,0,1,2,0,0,0,0,1,1,0,0,0,0,0,0,0,0,0,0,0,0,0,1,0,0,1,0,0,0,0,0,0,0,0,0,2,0
328,1,1,5,2,2,1,1,2,1,0,1,0,1,0,2,1,1,2,0,0,0,0,0,1,0,1,0,1,4,2,1,0,0,1,1,0,0,0,1,0,0,1,0,1,0,0,0,0,0,0,0,0,0,1,0,0,0,1,0,0,0,0,0,0,1,2,0,0,0,0,1,1,0,0,0,0,0,0,0,0,0,0,0,0,0,1,0,0,1,0,0,0,0,0,0,0,0,0,2,0
329,3,0,5,2,0,1,2,0,0,2,2,0,1,1,0,0,0,1,0,0,2,2,0,0,1,2,0,0,1,2,0,0,3,1,1,0,0,0,0,0,0,1,3,1,0,0,0,1,0,0,0,0,0,1,0,0,0,4,1,0,0,0,1,1,1,0,0,0,1,0,0,1,1,2,0,2,0,0,0,0,1,0,0,0,0,0,0,0,0,2,0,1,0,0,1,0,0,0,0,1
330,3,0,5,2,0,1,2,0,0,2,2,0,1,1,0,0,0,1,0,0,2,2,0,0,1,2,0,0,1,2,0,0,3,1,1,0,0,0,0,0,0,1,3,1,0,0,0,1,0,0,0,0,0,1,0,0,0,4,1,0,0,0,1,1,1,0,0,0,1,0,0,1,1,2,0,2,0,0,0,0,1,0,0,0,0,0,0,0,0,2,0,1,0,0,1,0,0,0,0,1
331,3,0,7,4,0,4,2,1,2,6,2,0,0,0,0,1,1,0,0,1,1,2,0,2,1,4,0,1,1,0,0,0,4,1,1,0,0,0,0,0,0,1,3,1,0,0,1,0,2,0,0,0,1,1,0,0,0,0,0,1,0,0,1,2,0,0,0,0,1,0,1,0,1,2,0,1,2,0,1,0,2,1,0,0,0,0,0,0,0,2,0,0,0,1,1,0,0,0,0,0
332,3,0,8,4,0,4,2,1,2,6,2,0,0,0,0,1,1,0,0,1,1,2,0,2,1,4,0,1,1,0,0,0,4,1,1,0,0,0,0,0,0,1,3,1,0,0,1,0,2,0,0,0,1,1,0,0,0,0,0,1,0,0,1,2,0,0,0,0,1,0,1,0,1,2,0,1,2,0,1,0,2,1,0,0,0,0,0,0,0,2,0,0,0,1,1,0,0,0,0,0
333,4,0,7,4,1,6,2,0,0,3,2,0,0,0,0,1,1,0,0,1,4,6,0,4,1,3,0,2,2,1,0,1,3,3,1,0,0,4,0,0,0,1,3,1,0,0,0,0,3,0,0,0,0,1,0,0,0,0,2,1,0,0,1,0,0,2,0,0,3,2,0,0,1,2,0,0,1,0,0,0,2,0,0,0,0,0,0,2,0,0,1,0,0,1,2,0,0,0,0,0
334,4,0,7,4,1,6,2,0,0,3,2,0,0,0,0,1,1,0,0,1,4,6,0,4,1,3,0,2,2,1,0,1,3,3,1,0,0,4,0,0,0,1,3,1,0,0,0,0,3,0,0,0,0,1,0,0,0,0,2,1,0,0,1,0,0,2,0,0,3,2,0,0,1,2,0,0,1,0,0,0,2,0,0,0,0,0,0,2,0,0,1,0,0,1,2,0,0,0,0,0
335,2,0,2,4,0,2,2,0,0,3,2,0,0,0,1,2,1,0,0,2,1,2,0,0,2,4,0,0,1,0,0,0,2,1,1,0,0,0,0,0,0,1,2,1,0,0,0,1,2,0,0,0,0,1,0,0,0,1,0,1,0,0,1,0,0,0,0,0,1,0,0,1,1,2,0,0,2,0,0,0,2,1,0,0,0,1,0,2,0,0,0,1,0,3,1,0,0,1,0,0
336,3,0,3,3,0,3,1,0,0,2,3,0,0,0,0,2,0,0,2,0,0,2,0,0,1,3,0,2,1,0,0,0,3,2,1,0,0,0,0,0,1,1,2,1,0,0,0,0,2,0,0,0,0,0,1,0,0,0,0,0,0,0,0,0,0,1,0,0,1,0,0,0,1,2,0,2,0,0,0,0,2,1,0,0,0,0,1,1,1,0,1,1,1,0,1,0,0,0,0,0
337,3,0,3,3,0,3,1,0,0,2,3,0,0,0,0,2,0,0,2,0,0,2,0,0,1,3,0,2,1,0,0,0,3,2,1,0,0,0,0,0,1,1,2,1,0,0,0,0,2,0,0,0,0,0,1,0,0,0,0,0,0,0,0,0,0,1,0,0,1,0,0,0,1,2,0,2,0,0,0,0,2,1,0,0,0,0,1,1,1,0,1,1,1,0,1,0,0,0,0,0
338,3,0,3,2,0,3,1,0,0,1,4,0,0,0,0,2,0,0,2,0,0,2,0,0,1,3,0,2,1,0,0,0,2,2,1,0,0,0,0,0,1,1,1,1,0,0,0,0,2,0,0,0,0,0,1,0,0,0,0,0,0,0,0,0,0,1,0,0,1,0,0,1,1,2,0,1,0,0,0,0,2,0,0,0,1,0,1,1,1,0,0,0,0,0,0,0,0,0,0,0
339,3,0,3,2,0,3,1,0,0,1,4,0,0,0,0,2,0,0,2,0,0,2,0,0,1,3,0,2,1,0,0,0,2,2,1,0,0,0,0,0,1,1,1,1,0,0,0,0,2,0,0,0,0,0,1,0,0,0,0,0,0,0,0,0,0,1,0,0,1,0,0,1,1,2,0,1,0,0,0,0,2,0,0,0,1,0,1,1,1,0,0,0,0,0,0,0,0,0,0,0
340,3,0,6,4,2,4,2,0,0,2,2,0,0,0,0,2,1,0,0,2,0,3,0,2,0,4,0,1,2,0,0,2,1,2,1,0,0,0,0,0,0,1,1,1,4,1,0,0,3,0,0,0,2,0,0,0,2,2,0,0,0,0,2,0,0,1,0,2,2,2,0,1,1,1,0,0,3,0,0,0,3,0,0,0,0,0,2,0,0,0,2,1,0,2,3,0,0,1,1,1
341,3,0,6,4,2,4,2,0,0,2,2,0,0,0,0,2,1,0,0,2,0,3,0,2,0,4,0,1,2,0,0,2,1,2,1,0,0,0,0,0,0,1,1,1,4,1,0,0,3,0,0,0,2,0,0,0,2,2,0,0,0,0,2,0,0,1,0,2,2,2,0,1,1,1,0,0,3,0,0,0,3,0,0,0,0,0,2,0,0,0,2,1,0,2,3,0,0,1,1,1
342,4,0,6,3,0,3,1,0,1,5,4,0,1,0,0,2,0,0,0,2,1,1,0,0,0,3,0,1,2,1,0,2,3,4,1,0,0,0,2,0,0,1,3,1,4,1,1,1,2,0,0,0,1,0,0,0,0,0,0,0,0,0,2,0,0,1,0,0,3,1,0,0,1,2,0,0,2,0,0,0,1,0,0,0,0,1,0,0,0,0,2,0,0,2,2,0,1,0,0,0
343,4,0,6,3,0,3,1,0,1,5,4,0,1,0,0,2,0,0,0,2,1,1,0,0,0,3,0,1,2,1,0,2,3,4,1,0,0,0,2,0,0,1,3,1,4,1,1,1,2,0,0,0,1,0,0,0,0,0,0,0,0,0,2,0,0,1,0,0,3,1,0,0,1,2,0,0,2,0,0,0,1,0,0,0,0,1,0,0,0,0,2,0,0,2,2,0,1,0,0,0
344,0,3,6,3,0,2,1,3,0,10,5,5,0,0,3,1,2,0,0,1,3,5,0,1,1,2,0,3,1,6,0,0,2,2,1,0,1,0,1,0,3,1,1,1,1,1,0,0,0,0,1,0,0,2,0,0,1,4,0,0,0,0,0,0,0,1,1,1,2,1,1,3,0,1,0,0,0,0,0,1,0,0,0,0,0,0,0,1,0,0,0,0,0,1,3,0,0,0,0,3
345,0,3,6,3,0,2,1,3,0,10,5,5,0,0,3,1,2,0,0,1,3,5,0,1,1,2,0,3,1,6,0,0,2,2,1,0,1,0,1,0,3,1,1,1,1,1,0,0,0,0,1,0,0,2,0,0,1,4,0,0,0,0,0,0,0,1,1,1,2,1,1,3,0,1,0,0,0,0,0,1,0,0,0,0,0,0,0,1,0,0,0,0,0,1,3,0,0,0,0,3
346,8,3,0,4,4,1,2,2,6,0,1,0,4,3,0,0,1,7,0,0,7,0,0,0,1,2,0,1,1,0,4,0,0,0,0,1,0,0,10,0,1,0,0,0,3,0,2,1,0,3,2,0,1,1,0,0,1,0,1,7,0,1,1,2,0,0,0,1,0,5,0,0,0,0,3,0,0,3,1,0,0,0,1,0,4,5,0,0,0,2,0,2,0,0,0,3,0,1,3,1
347,8,19,11,4,4,4,6,8,6,1,6,7,3,11,2,2,3,4,3,3,2,2,3,5,3,1,4,4,2,6,2,2,0,0,2,10,2,1,3,1,0,2,0,2,2,2,1,1,1,1,2,6,0,1,2,0,3,0,2,0,0,0,1,2,1,0,1,0,0,3,0,1,2,1,1,1,0,1,1,3,0,0,0,0,0,0,1,1,2,0,0,1,1,0,1,0,4,7,0,5
348,8,19,11,4,4,4,6,8,6,1,6,7,3,11,2,2,3,4,3,3,2,2,3,5,3,1,4,4,2,6,2,2,0,0,2,10,2,1,3,1,0,2,0,2,2,2,1,1,1,1,2,6,0,1,2,0,3,0,2,0,0,0,1,2,1,0,1,0,0,3,0,1,2,1,1,1,0,1,1,3,0,0,0,0,0,0,1,1,2,0,0,1,1,0,1,0,4,7,0,5
349,3,0,6,4,5,4,1,0,0,0,1,1,1,0,0,1,2,0,0,2,2,4,2,1,0,3,0,2,1,0,0,0,2,2,1,0,0,1,0,0,0,1,2,1,1,0,0,0,4,0,0,1,1,2,0,0,2,2,2,0,0,0,3,0,1,1,0,1,1,1,0,0,1,2,0,0,1,0,0,0,2,0,1,0,0,2,2,0,0,1,0,0,0,0,0,0,0,1,0,0
350,3,0,6,4,5,4,1,0,0,0,1,1,1,0,0,1,2,0,0,2,2,4,2,1,0,3,0,2,1,0,0,0,2,2,1,0,0,1,0,0,0,1,2,1,1,0,0,0,4,0,0,1,1,2,0,0,2,2,2,0,0,0,3,0,1,1,0,1,1,1,0,0,1,2,0,0,1,0,0,0,2,0,1,0,0,2,2,0,0,1,0,0,0,0,0,0,0,1,0,0
351,0,4,6,3,2,2,3,0,1,1,5,1,2,0,0,2,0,0,1,0,0,3,0,1,4,1,2,2,3,4,0,0,1,0,0,0,1,0,0,0,0,1,1,1,0,0,0,0,3,1,0,0,0,1,0,1,0,0,2,1,1,0,1,0,1,2,0,3,0,0,1,1,0,3,0,0,2,0,0,0,3,0,0,0,0,1,0,0,0,2,0,0,0,0,1,0,0,0,0,0
352,0,4,6,3,2,2,3,0,1,1,5,1,2,0,0,2,0,0,1,0,0,3,0,1,4,1,2,2,3,4,0,0,1,0,0,0,1,0,0,0,0,1,1,1,0,0,0,0,3,1,0,0,0,1,0,1,0,0,2,1,1,0,1,0,1,2,0,3,0,0,1,1,0,3,0,0,2,0,0,0,3,0,0,0,0,1,0,0,0,2,0,0,0,0,1,0,0,0,0,0
353,2,0,3,3,0,2,2,0,0,1,2,0,1,0,1,2,0,0,0,2,2,3,0,2,1,3,0,0,1,0,0,0,3,1,1,0,0,2,0,0,0,1,2,1,0,0,0,0,2,0,0,2,1,0,0,0,0,1,1,0,0,0,1,0,0,0,0,0,0,0,0,0,1,2,0,1,1,0,0,0,2,0,0,0,0,0,2,0,0,0,0,0,0,0,0,0,0,0,0,0
354,2,0,3,3,0,2,2,0,0,1,2,0,1,0,1,2,0,0,0,2,2,3,0,2,1,3,0,0,1,0,0,0,3,1,1,0,0,2,0,0,0,1,2,1,0,0,0,0,2,0,0,2,1,0,0,0,0,1,1,0,0,0,1,0,0,0,0,0,0,0,0,0,1,2,0,1,1,0,0,0,2,0,0,0,0,0,2,0,0,0,0,0,0,0,0,0,0,0,0,0
355,3,0,4,4,1,2,1,0,0,1,2,0,1,0,0,1,0,0,0,1,2,3,0,0,0,3,0,0,1,0,0,0,3,1,1,0,0,2,0,0,0,1,2,1,0,0,0,0,2,0,0,0,1,0,0,0,0,1,1,0,0,0,2,0,0,0,0,0,2,0,0,1,1,2,0,2,0,0,0,0,2,0,0,0,0,0,2,1,0,0,0,2,0,3,0,0,0,0,0,0
356,3,0,4,4,1,2,1,0,0,1,2,0,1,0,0,1,0,0,0,1,2,3,0,0,0,3,0,0,1,0,0,0,3,1,1,0,0,2,0,0,0,1,2,1,0,0,0,0,2,0,0,0,1,0,0,0,0,1,1,0,0,0,2,0,0,0,0,0,2,0,0,1,1,2,0,2,0,0,0,0,2,0,0,0,0,0,2,1,0,0,0,2,0,3,0,0,0,0,0,0
