articles,bhd,share,million,bank,said,price,market,stock,thi,year,wa,ha,group,malaysia,billion,maybank,research,trade,index,sen,expect,invest,also,compani,us,hold,point,profit,s,high,earn,klci,low,time,growth,net,financi,say,last,per,target,may,level,analyst,would,valuat,cimb,end,note,valu,fbm,close,investor,lower,higher,first,buy,2015,oil,base,declin,manag,busi,rate,daili,includ,2014,quarter,report,sell,kuala,fell,edg,lumpur,month,new,remain,could,today,due,fundament,2016,revenu,recent,like,week,activ,sinc,continu,industri,averag,one,current,rose,capit,support,move,oper,asset,dividend
0,3,2,3,2,11,7,1,2,3,5,1,5,0,2,1,11,0,0,0,1,0,2,1,0,0,1,0,0,0,0,4,0,0,1,0,1,2,0,0,5,3,1,0,3,0,0,10,1,3,3,0,1,1,2,0,1,0,0,0,0,0,1,0,1,0,0,0,0,0,1,1,0,0,1,5,2,0,2,2,0,0,0,1,0,1,0,0,1,0,0,2,0,5,0,0,0,1,0,0,0
1,1,2,1,2,4,0,1,1,2,1,0,0,2,0,5,4,0,1,0,0,0,0,0,0,0,0,0,0,1,0,0,0,0,0,0,0,1,0,1,0,0,0,0,0,0,0,0,0,0,3,0,0,0,0,0,0,0,0,0,0,0,0,0,0,0,0,0,0,0,0,1,0,0,1,0,2,0,0,2,0,0,0,0,0,0,0,0,0,0,0,0,0,0,0,0,0,0,0,0,0
2,1,3,2,1,6,2,0,5,0,0,3,0,0,0,0,2,4,3,1,1,0,0,0,0,0,0,0,0,0,1,0,0,0,0,0,0,0,0,0,0,0,0,0,0,1,0,0,0,0,0,0,0,0,0,1,0,1,0,0,0,1,0,0,0,0,0,0,0,0,0,1,0,0,1,0,0,1,0,0,0,0,0,0,1,1,0,0,0,1,0,3,0,1,0,0,1,3,0,0,0
3,6,0,7,2,0,0,0,1,3,5,11,3,3,6,6,2,0,0,0,0,1,4,0,0,0,1,0,0,0,1,0,0,0,1,0,2,0,3,0,0,1,6,0,0,0,1,0,1,0,2,0,0,0,0,1,1,0,2,0,0,0,9,0,1,0,0,0,1,1,0,2,0,4,2,0,0,1,0,0,0,0,0,0,1,0,0,0,0,0,0,0,0,0,0,0,0,0,0,11,0
4,27,0,1,15,1,4,6,1,13,12,5,13,5,5,2,0,0,1,0,0,1,6,3,14,4,3,0,0,0,0,0,0,1,8,1,0,2,16,6,1,0,2,0,0,3,1,0,1,0,0,0,0,1,0,0,2,0,1,20,0,1,3,1,1,0,0,0,0,3,0,0,1,4,0,2,1,0,3,0,0,1,0,0,3,2,0,7,1,2,11,0,2,3,0,2,5,0,0,2,0
5,18,1,7,9,2,0,4,2,0,6,2,7,1,7,0,0,0,0,0,1,1,0,6,5,0,0,1,0,0,0,0,0,0,0,1,1,2,2,5,0,1,1,0,0,0,0,1,0,1,0,0,1,0,0,0,2,0,1,0,1,0,2,5,1,0,1,0,0,1,1,0,0,2,0,2,4,0,0,0,0,0,0,0,1,0,0,1,0,0,0,0,0,1,0,0,0,2,1,0,0
6,5,16,4,1,3,15,1,4,3,5,8,12,9,1,0,1,1,5,0,4,2,2,7,1,5,4,0,3,0,0,5,0,2,0,1,4,2,0,3,8,1,1,4,4,3,1,0,2,0,4,0,2,8,2,0,1,7,0,3,4,0,3,0,0,0,1,0,4,1,1,1,1,0,1,1,2,3,2,1,2,0,0,0,1,0,1,0,4,3,0,1,0,6,0,1,1,0,1,1,6
7,2,5,1,0,9,4,4,2,2,1,0,1,1,0,3,4,11,1,0,1,0,0,2,2,1,1,1,0,10,0,1,0,0,5,0,2,1,0,1,2,4,0,0,0,0,0,8,1,4,0,0,0,0,0,2,0,0,0,0,3,0,0,0,0,0,2,0,0,0,0,1,0,0,1,1,0,1,0,0,0,0,0,0,0,0,0,0,0,0,0,0,1,1,1,1,0,0,0,0,0
8,1,2,0,0,0,1,0,1,0,3,0,1,0,0,0,2,0,2,0,0,0,0,0,0,0,4,0,0,1,0,0,0,0,0,0,0,0,0,1,0,2,0,0,2,1,0,0,0,0,0,0,0,1,1,0,0,2,0,0,0,0,0,0,3,0,0,0,0,0,3,1,2,0,1,2,0,0,0,0,0,0,0,0,0,0,0,0,0,0,0,2,0,0,0,0,0,0,0,0,0
9,6,2,3,1,0,3,5,2,4,1,6,2,1,0,4,0,0,5,10,0,0,3,2,0,7,0,9,0,0,1,0,4,0,0,0,2,2,0,10,2,0,2,7,0,0,0,0,1,0,1,4,2,0,0,1,0,1,0,4,2,8,0,0,0,2,0,0,0,0,2,0,4,0,0,1,0,1,0,0,0,0,0,0,0,0,13,0,1,5,0,4,0,1,0,0,4,2,0,0,0
10,2,0,0,6,0,1,0,1,4,1,1,1,0,0,0,0,1,0,0,0,3,0,3,0,1,0,0,0,0,2,0,0,0,0,11,1,0,0,0,0,1,1,1,0,2,0,0,0,0,0,0,0,0,0,0,0,0,0,0,0,0,0,3,1,0,0,0,1,0,0,0,0,0,0,0,0,1,0,0,2,0,0,0,0,1,0,0,0,2,0,0,0,0,0,0,1,0,0,0,1
11,1,2,0,2,3,1,0,0,1,1,0,0,3,0,3,4,1,1,0,1,0,0,0,0,0,1,0,0,1,0,0,0,0,0,1,0,0,0,0,0,1,0,0,0,0,0,1,0,0,2,0,0,0,0,2,0,0,0,0,0,0,0,0,1,0,0,0,0,0,0,1,0,0,1,0,0,0,0,0,0,0,0,0,0,0,0,0,0,0,0,0,0,0,2,0,0,0,0,0,0
12,12,0,0,1,9,0,13,7,2,0,2,0,2,0,0,0,4,3,3,0,1,0,0,1,2,2,4,1,2,0,0,3,1,0,0,0,0,0,2,0,0,2,3,0,2,0,0,1,1,0,3,3,1,1,1,0,2,0,0,1,0,0,0,0,0,1,0,0,0,8,1,1,0,1,0,0,0,1,2,0,0,0,0,0,2,0,0,0,0,2,1,0,0,1,0,2,0,0,0,1
13,1,2,1,1,2,0,1,1,3,3,0,1,2,1,5,4,0,1,0,0,0,0,0,0,0,0,0,0,0,0,0,0,0,0,2,0,0,0,0,0,0,0,0,0,1,0,0,0,0,5,0,0,0,0,1,0,0,1,0,0,0,0,0,0,0,1,0,0,1,0,1,0,0,1,0,1,0,0,1,0,0,0,0,0,0,0,0,1,0,0,0,0,0,0,0,0,0,0,0,0
14,2,0,0,3,2,3,1,1,0,0,0,3,6,2,0,0,0,0,0,0,0,0,2,2,0,0,0,0,0,1,0,0,0,0,0,0,0,0,0,0,0,0,0,0,0,0,0,0,0,0,0,0,0,0,1,0,0,0,0,0,0,0,0,2,0,1,0,0,0,0,0,0,0,0,0,0,1,0,1,0,0,0,0,0,0,0,0,0,1,0,0,0,0,0,0,0,0,0,0,0
15,5,6,5,1,1,1,0,2,1,0,2,0,3,0,0,1,0,3,0,2,0,2,0,0,0,0,0,0,0,0,0,0,0,0,0,0,1,0,2,0,0,0,0,3,0,0,0,0,0,1,0,0,2,0,0,0,1,0,0,0,1,0,0,0,1,0,0,0,1,0,1,0,1,1,0,0,0,0,0,0,0,0,1,0,0,0,1,0,0,0,1,2,0,1,1,0,0,1,0,0
16,3,3,5,0,0,3,0,1,2,2,0,0,2,0,0,1,1,0,0,1,0,0,0,0,0,2,0,0,0,0,2,1,0,4,1,1,1,0,0,6,1,0,0,0,0,1,0,2,0,2,1,0,0,1,1,0,0,0,0,0,0,1,3,1,0,0,0,0,0,0,0,0,0,0,0,2,2,1,0,0,0,0,0,0,0,0,0,0,0,0,0,1,1,0,0,0,0,1,0,0
17,1,1,0,0,0,2,0,2,0,2,0,1,3,0,0,2,0,0,1,0,0,0,0,2,0,5,0,0,3,0,0,0,0,0,0,0,0,0,1,0,3,0,0,3,1,0,0,0,0,0,0,1,1,0,0,0,5,0,0,0,0,0,0,7,0,0,0,0,0,1,0,0,0,0,2,0,0,0,2,0,0,0,0,0,0,0,0,0,0,0,2,0,0,2,0,0,0,0,0,0
18,5,1,5,1,1,18,2,5,5,6,3,8,5,0,0,1,2,2,0,2,2,1,3,8,6,2,2,1,0,1,3,0,3,2,0,0,0,2,8,3,3,1,1,2,2,0,0,3,0,2,0,0,0,2,1,3,1,0,23,0,0,0,0,0,0,0,0,1,3,0,0,0,0,0,2,1,2,4,0,2,0,0,0,1,7,6,2,1,0,3,0,0,0,0,1,1,1,0,2,0
19,3,3,0,2,2,0,1,1,0,1,0,2,3,3,1,9,0,2,0,0,1,0,0,0,0,1,0,0,1,0,1,0,0,0,0,1,2,0,0,0,0,0,0,0,0,0,0,1,0,1,0,0,0,0,0,0,0,0,0,0,0,0,0,0,0,0,0,0,0,0,1,0,0,1,0,0,0,0,1,0,0,0,0,0,0,0,0,0,0,0,0,0,0,0,0,0,0,0,1,0
20,11,21,16,1,0,5,5,5,2,8,3,5,0,2,3,1,0,5,0,13,0,0,1,0,0,5,0,0,0,2,0,0,2,1,0,1,0,0,6,1,0,1,2,0,3,0,0,1,1,0,0,7,0,0,0,2,0,0,0,1,2,1,1,0,0,1,3,1,0,0,0,0,0,0,2,1,3,0,0,0,0,2,0,0,0,1,0,12,1,0,0,0,0,0,0,0,0,0,0,0
21,5,3,3,1,3,0,1,1,0,0,1,1,1,1,0,1,0,3,0,1,1,1,0,0,0,0,0,0,4,0,1,0,0,0,0,0,0,0,0,0,0,0,0,0,1,0,0,0,0,1,0,0,0,0,0,0,0,0,0,0,0,0,0,0,0,0,0,0,0,0,1,0,0,1,0,1,0,0,1,0,0,0,0,0,1,0,0,1,0,0,0,0,0,0,0,0,0,0,0,0
22,6,2,2,16,2,2,2,4,1,0,2,2,2,1,0,4,0,0,0,0,8,0,2,0,1,2,0,1,0,0,0,1,0,0,0,2,0,1,0,0,0,0,0,4,2,0,4,0,1,0,1,0,0,0,1,0,0,0,0,0,0,0,0,0,0,0,0,1,0,0,1,0,0,1,2,0,0,0,0,2,0,0,0,0,1,0,0,1,0,1,2,0,0,0,0,0,1,0,0,0
23,4,4,1,1,0,0,0,1,2,0,1,2,1,2,2,1,0,1,0,4,0,1,0,0,0,1,3,0,2,0,0,3,2,0,0,0,1,0,0,0,0,1,0,0,0,0,3,1,0,0,1,2,0,0,1,0,1,0,1,0,1,0,0,0,0,0,0,1,1,0,1,2,0,1,0,0,0,0,1,0,0,0,0,1,0,0,0,0,0,0,0,0,0,2,0,0,0,0,0,0
24,6,2,1,16,2,2,2,4,1,0,2,2,2,1,0,4,0,0,0,0,9,0,2,0,1,2,0,1,7,0,0,1,0,0,0,2,1,0,0,0,0,0,0,4,2,0,4,0,1,0,1,0,0,0,1,0,0,0,0,0,0,0,0,0,0,0,0,1,0,0,1,0,0,1,2,0,0,0,1,2,0,0,0,0,1,0,0,1,0,1,2,0,0,0,0,0,1,0,0,0
25,8,15,20,3,0,7,4,5,3,5,9,3,2,1,0,1,0,5,0,6,0,0,2,0,0,5,0,0,0,1,0,0,0,0,0,1,1,0,4,0,0,1,0,0,0,0,0,4,0,0,0,3,0,1,1,0,0,0,0,0,1,0,0,0,0,2,0,0,1,1,0,0,0,0,0,0,0,0,0,0,0,0,1,0,1,2,0,2,0,0,0,0,3,0,0,0,0,1,0,0
26,6,4,0,5,7,0,2,2,4,0,1,1,6,1,2,3,0,0,0,0,0,0,1,1,0,2,1,2,0,0,1,0,0,2,0,0,1,0,0,0,0,0,0,0,1,0,2,0,0,0,0,0,0,0,0,0,0,0,0,0,0,0,3,0,0,0,0,0,0,0,1,0,0,1,0,1,0,1,1,0,0,0,0,0,1,0,1,1,0,0,0,1,1,0,1,1,0,0,0,1
27,10,9,2,46,0,3,3,1,4,6,4,13,8,2,1,5,0,4,0,1,1,1,2,0,0,4,3,0,0,0,0,0,1,5,1,0,0,5,4,1,0,1,0,8,4,0,4,0,0,1,0,1,0,0,0,3,0,0,0,4,0,3,2,0,0,0,0,0,0,3,0,0,2,0,3,0,1,1,0,0,0,0,0,1,2,1,0,1,1,4,0,4,0,0,0,0,1,1,2,0
28,1,2,5,0,2,3,0,2,2,2,5,3,0,1,0,3,5,7,0,7,0,0,2,0,0,1,0,0,5,3,0,0,0,0,1,0,0,0,1,0,2,0,0,1,0,0,0,0,0,0,0,1,0,1,2,0,3,0,0,0,0,0,0,0,0,0,0,0,1,0,1,0,0,1,0,1,0,0,1,1,0,0,0,1,0,2,1,0,0,0,1,2,0,2,0,0,0,0,0,0
29,1,2,5,0,2,3,0,1,3,2,5,2,0,1,0,2,5,7,0,7,0,0,2,0,0,1,0,0,5,2,1,0,0,0,1,0,1,0,1,0,2,0,0,1,0,0,0,1,0,0,0,1,0,2,2,0,3,0,0,0,0,0,0,0,0,0,0,1,1,0,1,0,0,1,0,1,0,0,0,1,0,0,0,1,0,2,1,0,0,0,1,2,0,1,0,0,0,0,0,0
30,1,2,2,1,6,1,0,4,0,0,3,0,0,0,0,2,4,2,1,0,0,0,0,0,0,0,0,0,0,0,0,0,0,0,0,0,0,0,0,0,0,0,0,0,1,0,0,0,0,0,0,1,0,1,1,0,1,0,0,0,1,0,0,0,0,0,0,0,0,0,1,0,0,1,0,0,1,0,0,0,0,0,0,0,1,0,0,0,1,0,3,0,1,0,0,2,3,0,0,0
31,12,13,7,4,1,8,8,1,4,2,12,3,0,3,6,3,0,0,0,0,0,10,1,2,0,1,1,0,0,2,0,0,0,2,0,0,0,9,3,6,1,2,0,0,2,2,1,0,0,1,0,1,8,0,0,0,0,3,0,0,1,6,1,1,0,2,1,1,0,1,0,0,0,0,0,0,0,1,0,0,0,1,0,0,0,0,0,0,1,0,0,0,0,0,2,0,0,0,2,0
32,2,10,3,1,9,13,1,1,3,8,2,5,2,1,2,1,3,0,0,0,4,2,1,3,0,2,0,0,1,2,9,0,0,0,1,0,0,0,3,0,3,0,0,4,0,2,0,0,3,1,0,2,1,0,1,1,2,2,0,0,0,2,0,1,0,1,0,2,0,0,1,0,0,1,0,2,1,1,0,2,0,1,0,2,1,0,0,1,0,0,0,0,0,0,0,0,0,2,0,0
33,15,1,0,9,0,5,18,4,10,19,0,11,1,7,1,0,7,1,1,0,7,7,6,4,4,2,4,1,0,5,8,6,2,9,12,5,2,15,6,5,1,1,3,3,2,2,3,2,0,1,6,2,5,0,1,2,0,0,2,0,1,10,4,2,0,2,1,1,2,0,0,1,1,0,3,2,7,7,0,1,0,0,0,1,7,1,1,1,4,2,2,4,0,0,1,3,2,0,5,1
34,8,3,0,1,3,2,1,3,0,0,2,1,1,5,1,2,1,1,0,1,0,1,1,1,0,0,0,0,1,0,2,0,0,0,0,0,0,0,0,0,2,0,0,1,0,0,0,0,1,0,0,1,1,0,1,0,0,0,1,0,0,0,1,0,0,1,0,0,0,0,1,1,0,1,0,0,0,0,1,0,0,0,0,0,0,0,0,0,0,0,0,0,0,2,0,0,0,0,0,0
35,2,13,2,1,4,5,4,1,1,0,1,2,0,2,4,5,0,1,0,0,1,1,0,2,0,1,0,0,5,0,0,0,0,0,0,0,0,0,0,0,0,3,0,0,0,0,0,0,0,1,0,0,0,1,0,0,2,0,0,3,0,4,0,0,0,0,0,0,0,0,1,0,0,1,0,1,0,0,2,0,0,0,0,0,0,0,0,0,0,0,0,0,0,0,0,0,0,0,0,0
36,8,6,4,28,8,3,2,4,10,3,14,2,11,5,3,1,5,6,0,0,1,5,5,2,1,4,3,0,0,0,0,0,0,6,0,1,2,6,5,0,0,3,1,4,18,1,2,0,3,4,0,2,0,0,2,0,1,1,0,2,0,3,1,0,4,3,0,0,2,4,0,2,2,0,1,2,2,4,0,0,0,0,2,1,2,0,0,0,0,2,2,0,4,1,2,1,0,1,6,0
37,1,2,1,6,2,0,0,0,2,0,1,0,3,0,0,1,4,2,0,1,0,0,0,0,0,2,1,4,2,0,0,0,0,0,5,5,0,0,0,0,0,0,0,0,0,0,7,3,2,0,0,0,0,1,0,1,0,0,0,0,1,0,0,0,0,0,0,3,0,0,1,0,0,1,0,0,0,0,0,0,0,2,1,0,0,0,1,0,0,0,0,0,0,0,0,0,0,1,0,0
38,14,0,0,6,0,0,5,1,5,7,2,3,9,12,8,0,0,0,0,0,0,0,3,14,0,1,0,3,0,0,0,0,0,1,2,0,0,6,0,0,1,1,0,0,2,0,1,0,0,3,0,0,0,0,0,1,0,0,0,1,0,3,4,1,0,1,0,0,0,0,0,0,12,0,0,1,0,0,0,0,0,0,1,0,1,0,0,1,3,2,0,2,0,0,0,2,0,0,0,0
39,0,2,0,0,0,2,2,1,0,1,0,1,3,0,0,1,2,2,0,0,1,0,1,0,0,0,0,1,0,0,2,0,0,1,1,0,0,2,0,0,1,0,0,2,0,0,0,0,0,0,0,0,0,1,2,1,1,0,0,0,1,0,0,1,0,0,0,0,1,0,0,0,0,0,0,1,1,4,0,1,0,0,0,0,0,0,0,0,2,0,0,0,2,0,0,0,0,3,0,0
40,1,4,0,30,0,4,10,1,12,19,6,14,12,4,6,2,6,1,0,0,6,6,1,0,1,2,0,3,0,0,4,0,2,2,7,1,1,13,8,0,11,2,0,4,3,1,18,1,1,0,0,0,0,1,0,1,1,2,0,2,1,6,3,0,0,2,0,0,0,0,0,0,1,0,0,2,1,1,1,1,0,2,2,0,3,0,0,1,2,2,2,6,1,0,1,0,5,2,2,0
41,9,4,1,2,1,0,3,2,0,0,2,0,1,3,2,3,0,1,2,7,0,1,0,0,0,1,6,1,4,1,0,4,1,0,0,0,0,0,0,0,0,3,0,0,0,0,0,1,0,0,1,2,2,1,1,0,0,0,1,0,3,0,0,0,0,0,0,0,0,0,1,3,0,1,0,0,0,0,3,0,0,0,0,0,0,0,0,0,1,1,0,0,0,2,0,1,0,0,0,0
42,5,4,0,4,1,1,1,1,2,0,2,3,0,5,0,1,0,3,0,1,1,4,1,5,0,3,0,0,2,0,0,0,0,0,0,0,0,0,1,0,0,5,0,0,0,0,1,0,1,0,0,0,0,0,0,0,0,0,0,0,0,1,0,0,0,0,0,0,0,1,2,1,0,2,0,0,0,0,1,0,0,0,0,0,0,0,0,1,0,0,0,0,0,0,0,0,0,0,0,0
43,19,3,2,6,0,0,13,4,14,14,6,4,3,5,14,4,0,2,1,0,1,10,1,1,6,6,0,0,0,1,3,1,0,3,0,0,0,5,6,0,0,1,1,0,1,0,2,1,0,1,1,2,4,2,0,0,0,0,0,0,0,0,2,0,3,2,0,2,2,0,0,0,1,0,3,5,0,5,0,0,0,0,0,0,1,1,3,3,0,0,3,2,1,0,0,0,2,1,0,0
44,1,1,5,1,3,7,3,1,0,7,1,5,10,0,2,1,9,1,0,6,6,1,3,1,8,3,0,2,0,1,0,0,0,2,1,2,3,5,3,4,4,2,0,3,0,0,1,2,3,0,0,1,1,0,0,2,1,0,0,2,5,2,3,1,5,0,0,3,2,2,0,1,0,0,1,1,4,1,1,2,0,3,2,0,0,0,0,0,5,2,0,5,3,0,1,0,0,2,0,9
45,27,0,0,3,4,0,4,3,1,1,1,1,1,6,0,0,1,0,1,0,2,0,1,0,1,4,1,0,0,0,0,3,0,0,1,0,0,0,0,0,0,1,1,0,2,0,0,1,0,0,3,0,1,0,0,0,0,0,0,0,0,0,0,2,0,3,0,0,0,0,2,1,0,2,0,0,0,2,1,0,0,0,0,0,2,0,2,0,0,1,0,0,0,0,0,0,0,0,0,0
46,0,5,1,1,0,4,2,2,2,3,1,5,6,0,1,3,4,2,0,0,1,0,3,0,1,1,0,4,0,0,0,0,0,0,3,6,1,2,0,1,2,1,0,2,0,0,0,0,2,0,0,2,0,0,2,0,1,0,3,0,0,3,0,2,0,0,0,3,3,0,0,1,0,0,0,1,1,2,0,0,0,1,0,0,2,0,0,0,1,0,1,1,0,0,0,1,0,1,2,0
47,1,3,3,1,3,2,0,0,1,1,1,0,1,4,1,2,2,2,0,1,0,1,1,0,0,1,0,0,1,0,0,0,0,0,5,0,0,0,0,0,0,0,0,1,0,0,0,1,1,1,0,0,0,0,0,1,0,0,0,1,0,0,0,0,0,0,0,1,1,0,1,0,0,1,0,0,0,1,2,1,0,0,0,1,0,0,0,1,0,2,0,0,2,1,0,0,0,1,0,0
48,10,20,21,1,0,3,1,4,3,0,5,4,1,3,2,0,0,16,0,17,0,0,4,1,0,4,0,0,0,2,0,0,0,1,0,0,0,0,3,3,0,0,0,0,0,0,0,0,0,0,0,3,0,0,1,0,0,0,0,0,0,0,0,0,0,6,0,0,0,0,0,0,0,0,0,0,0,1,0,0,0,0,0,0,3,0,1,2,0,0,0,1,0,0,0,0,0,0,0,0
49,3,6,0,3,0,1,3,1,2,2,2,0,1,4,2,1,0,2,0,2,2,3,1,0,6,2,2,0,4,1,0,3,0,0,1,0,0,1,0,0,0,0,1,0,0,1,2,0,0,1,1,1,0,1,0,0,0,0,0,0,3,0,0,2,0,0,0,0,1,0,1,6,0,1,0,0,0,0,1,0,0,0,0,0,2,0,0,0,0,1,1,0,0,0,0,0,0,0,0,0
50,1,2,2,2,6,1,0,1,0,2,2,1,2,5,4,1,0,0,0,0,0,2,0,2,4,2,0,0,3,0,0,0,0,0,0,0,0,1,1,0,1,0,0,0,0,0,1,0,0,0,0,0,0,0,0,0,0,0,0,0,0,0,0,0,0,0,0,2,0,0,1,0,0,1,0,0,0,2,0,0,0,0,0,0,1,0,0,1,0,0,0,2,0,0,0,0,0,0,0,0
51,0,0,0,1,2,2,2,7,2,1,0,0,1,1,0,1,0,0,2,0,0,0,1,0,4,1,0,0,1,5,1,0,0,0,1,0,2,0,0,0,0,0,0,1,0,0,0,6,1,0,0,7,1,1,6,0,0,0,0,0,0,0,0,0,0,0,0,0,0,1,0,0,0,0,0,0,0,0,0,1,0,1,0,1,0,1,0,0,0,0,0,0,0,2,1,0,1,0,0,0
52,5,1,4,2,1,44,0,5,20,30,15,2,0,1,0,2,4,1,0,0,8,3,3,1,1,0,1,0,0,2,2,0,4,1,3,0,0,5,10,5,14,0,0,3,5,0,3,0,6,0,0,0,2,6,3,7,2,3,20,0,2,0,0,1,0,2,1,0,1,2,1,1,1,1,6,0,0,4,0,3,0,4,0,3,3,0,0,0,0,1,5,2,0,0,0,0,0,0,0,0
53,0,1,0,0,0,0,3,2,4,10,1,1,0,0,0,1,2,0,0,0,0,2,1,1,2,0,1,0,0,0,0,0,1,2,3,0,1,3,2,0,0,0,0,1,1,1,0,0,0,0,0,0,3,0,2,0,0,0,0,0,1,0,1,6,0,0,0,0,1,0,0,0,1,0,0,1,0,2,0,1,0,0,0,0,3,1,0,0,0,1,0,1,0,0,1,1,0,0,1,0
54,7,2,5,34,1,2,7,3,13,18,4,8,15,4,0,1,3,0,0,0,2,8,3,0,5,6,4,8,0,2,2,0,0,4,6,4,4,14,7,0,2,1,2,6,8,0,0,1,2,1,0,2,0,4,5,3,1,1,2,1,2,1,7,1,0,1,0,7,1,2,0,0,5,0,7,6,2,2,1,0,0,1,2,2,5,0,0,2,5,3,1,2,2,0,3,0,2,1,6,1
55,5,4,5,5,0,0,0,2,3,1,1,2,6,3,0,0,0,0,0,0,1,1,0,0,0,2,0,0,0,0,2,0,0,3,1,2,1,0,0,2,1,0,0,0,0,1,10,1,0,2,0,0,0,2,4,0,3,0,0,1,1,0,4,0,0,0,0,0,1,0,0,0,0,0,0,0,0,1,0,0,0,3,0,0,0,0,0,0,0,1,1,1,0,1,0,0,0,3,0,0
56,8,6,0,33,1,11,0,8,6,11,1,10,2,2,5,2,4,1,0,1,3,2,2,1,0,3,1,2,0,1,2,0,1,2,12,6,1,13,5,1,0,5,1,1,0,3,1,1,1,0,0,3,3,0,0,0,1,0,2,2,2,5,2,0,0,1,1,0,2,0,0,0,0,0,2,1,4,2,0,2,1,1,0,1,5,0,0,1,3,1,2,1,1,1,1,0,0,3,7,2
57,1,4,0,2,1,1,3,5,2,3,0,0,1,0,0,0,1,0,2,0,1,0,0,0,2,0,1,0,1,0,0,0,0,0,1,0,2,0,0,0,0,2,0,0,0,0,0,0,0,0,0,6,0,3,0,0,0,0,3,0,0,0,0,3,0,0,0,0,1,0,0,3,0,0,0,0,0,0,0,0,0,0,0,0,0,1,0,2,0,1,0,0,0,0,0,0,0,0,0,0
58,3,2,2,1,4,0,0,0,2,0,0,1,1,1,0,1,0,0,0,2,0,0,0,1,0,0,0,0,0,0,0,0,0,0,0,0,2,0,1,0,0,0,0,0,0,0,0,0,0,0,0,0,0,0,0,0,0,0,0,0,0,0,0,0,0,0,0,0,0,0,1,0,0,1,0,0,0,0,1,0,0,0,0,0,0,0,0,0,0,0,0,1,0,1,0,0,0,0,0,0
59,22,9,10,1,14,1,4,1,3,3,1,10,6,10,0,1,0,2,0,2,1,0,2,8,0,5,0,0,1,0,1,0,0,0,0,0,3,0,1,2,1,1,0,0,1,0,0,1,1,0,0,0,1,0,0,0,1,0,0,1,0,4,0,0,0,0,0,2,0,0,1,0,0,1,1,1,1,1,7,0,0,0,0,0,1,0,0,0,0,5,0,1,1,0,3,0,0,1,0,0
60,6,0,0,4,4,0,0,1,1,2,2,7,4,2,0,9,0,0,0,0,0,1,0,3,0,1,0,0,0,0,0,0,0,0,0,0,0,0,1,0,0,0,0,0,0,0,0,1,0,0,0,0,0,0,0,0,0,0,0,0,0,0,0,0,0,1,0,0,0,0,2,0,0,2,1,2,0,0,0,0,0,1,0,0,0,0,1,2,1,1,0,0,3,0,0,0,0,0,0,0
61,0,1,0,2,3,1,5,2,3,2,4,2,0,0,1,1,0,1,3,0,1,0,0,0,15,0,1,0,17,3,2,0,1,1,0,0,1,0,0,2,0,1,1,0,0,0,0,0,0,0,0,1,1,1,2,1,0,0,0,0,0,0,0,5,0,1,0,0,1,0,0,0,0,0,0,0,1,0,0,1,0,0,0,2,0,0,2,2,0,0,0,0,0,5,0,1,0,0,0,0
62,0,7,1,0,3,1,1,1,1,1,0,0,0,0,7,1,0,0,0,0,2,2,0,3,3,0,0,0,0,0,1,0,0,0,0,0,0,0,1,1,0,2,0,2,0,0,0,1,1,1,0,1,1,0,0,1,1,0,0,0,0,3,0,0,0,1,0,0,0,0,0,0,0,0,2,0,0,0,0,0,0,0,0,0,0,0,0,0,0,0,0,0,0,0,0,0,0,0,1,0
63,2,2,0,5,11,0,4,2,3,3,2,5,0,14,5,5,0,12,0,0,1,10,3,0,3,1,0,0,0,0,0,0,0,2,5,0,3,1,0,0,0,0,0,0,9,0,0,0,1,0,0,0,1,0,0,0,0,0,0,2,0,0,2,0,2,0,0,0,0,0,1,0,2,1,0,1,0,3,0,0,0,4,0,2,1,0,0,0,0,0,0,0,0,0,0,2,1,0,0,0
64,4,1,0,1,0,4,2,3,1,1,0,1,0,0,2,0,0,3,1,0,0,0,0,0,2,0,3,0,7,0,1,2,0,0,0,0,0,0,1,0,0,0,0,0,0,0,0,0,1,1,2,1,1,0,0,0,1,0,3,0,1,1,0,0,0,0,0,0,1,0,1,0,0,1,0,0,0,1,2,2,0,0,0,0,0,0,0,1,3,0,0,0,0,0,1,1,0,0,0,0
65,0,5,4,0,6,3,5,3,2,6,0,1,0,0,1,2,3,1,0,0,3,3,1,0,1,0,1,0,0,0,5,0,2,0,0,0,0,1,0,1,3,0,0,5,7,0,0,0,4,1,0,0,1,6,3,0,0,0,0,0,1,2,4,2,0,0,0,0,0,3,0,3,0,0,0,3,2,3,0,1,0,0,11,0,1,0,0,0,2,0,0,0,0,1,1,0,0,3,0,2
66,25,12,21,0,4,15,5,3,4,16,16,3,7,0,10,3,5,3,0,2,4,1,1,4,1,7,2,10,0,3,7,1,2,0,4,11,6,0,1,0,7,0,0,8,4,2,0,7,9,2,1,7,1,5,5,4,5,1,1,0,3,3,6,1,0,0,0,3,2,1,1,5,0,1,4,1,2,2,0,10,0,33,5,0,0,0,1,1,2,1,1,1,0,1,2,1,0,1,1,1
67,3,1,2,0,0,3,1,1,0,2,0,0,0,3,0,1,1,1,0,0,1,0,1,0,0,0,0,1,0,0,5,0,0,3,1,1,1,0,0,7,1,2,1,0,2,1,0,2,0,0,0,0,0,2,2,0,0,0,0,3,0,0,0,0,0,0,0,2,0,2,0,0,0,0,1,0,1,3,0,0,0,4,0,0,0,0,1,1,0,1,2,0,1,0,0,0,0,0,0,1
68,1,1,0,1,2,0,5,4,1,2,1,0,0,1,0,0,0,1,2,0,0,1,0,0,2,1,0,0,3,0,0,0,1,2,0,0,3,0,0,0,0,1,1,1,1,0,0,6,0,0,0,1,2,6,1,0,0,0,0,0,0,0,0,0,0,0,0,0,1,0,0,2,0,0,0,0,0,0,1,0,0,0,0,0,0,0,0,1,0,2,0,0,0,0,0,0,0,0,0,0
69,6,0,0,16,11,1,0,1,7,6,0,3,2,2,0,2,3,1,0,0,16,0,3,0,0,1,2,1,0,0,3,0,0,2,7,1,2,0,0,0,2,1,1,2,2,0,0,1,5,0,0,1,0,6,1,0,0,1,3,1,0,1,0,1,0,1,0,0,0,0,1,0,0,1,0,0,2,3,0,0,1,8,0,1,2,0,0,0,3,2,2,0,0,0,1,1,0,1,5,0
70,21,17,47,1,19,24,7,11,4,24,17,19,13,14,14,1,6,9,1,2,3,2,6,8,3,6,2,17,0,6,6,2,2,10,4,14,8,2,7,3,6,3,1,1,1,0,0,16,4,7,2,1,4,5,3,1,1,3,2,3,6,5,5,1,1,0,3,9,4,5,1,10,2,1,8,7,8,5,0,4,0,24,12,2,3,0,1,5,6,9,2,1,6,3,3,1,1,6,1,5
71,23,3,2,1,4,0,3,1,0,0,4,0,2,6,0,0,1,1,4,0,0,0,0,0,1,4,2,0,3,0,0,3,0,0,0,0,0,0,0,0,0,0,1,0,0,0,0,0,1,1,3,0,1,0,0,0,0,0,1,0,1,0,0,0,1,3,0,0,0,0,2,1,0,2,0,0,1,0,0,0,0,0,0,0,0,1,1,0,0,2,0,0,0,0,0,1,0,0,0,0
72,1,2,1,4,5,0,2,1,2,0,0,0,1,2,1,10,0,1,0,1,0,0,1,0,1,0,0,0,4,0,0,0,0,0,0,0,2,0,0,0,0,0,0,0,0,0,0,0,0,1,0,0,0,0,0,0,0,0,0,0,0,0,0,0,0,1,0,0,0,0,1,1,0,1,0,1,0,2,2,0,0,0,0,0,0,1,0,0,0,0,0,1,1,0,0,0,1,0,0,0
73,2,4,16,1,1,1,0,2,4,7,5,5,1,2,1,2,0,1,1,2,1,1,2,5,0,2,0,2,0,0,2,0,0,0,0,2,2,6,2,2,1,1,0,1,1,0,0,2,0,0,0,0,0,2,1,0,0,0,2,3,1,0,2,0,0,0,0,1,2,0,0,0,1,0,1,0,0,1,0,0,0,1,1,1,1,1,0,0,0,0,0,1,0,0,0,0,1,1,1,0
74,0,0,0,2,4,0,6,2,2,1,0,3,3,1,0,7,1,0,0,0,0,4,2,2,0,0,0,0,0,0,0,0,0,0,0,0,0,0,0,0,0,0,0,0,1,0,0,1,0,0,0,0,0,0,0,0,0,0,0,1,0,0,1,0,0,0,0,0,0,0,1,0,0,1,0,1,0,0,0,0,0,1,0,0,0,0,0,0,1,1,0,1,1,0,2,0,0,0,0,0
75,12,13,18,7,0,3,1,5,3,2,9,1,2,3,3,2,0,8,0,2,0,0,0,4,2,5,0,1,0,1,0,0,0,1,0,1,1,0,1,0,0,1,0,0,0,0,2,1,0,1,0,2,0,0,0,0,0,0,0,0,0,1,0,0,0,1,0,1,1,2,0,0,0,0,0,0,0,0,0,0,0,0,1,0,0,1,0,0,0,0,1,1,0,0,0,0,0,0,0,0
76,3,0,3,9,0,5,34,1,16,14,8,18,2,13,2,1,4,1,5,0,13,22,9,2,9,4,6,1,0,5,0,3,7,15,8,0,7,45,6,1,0,8,1,8,0,3,0,2,0,2,3,1,27,3,2,9,0,0,0,4,1,14,1,19,0,4,0,1,3,0,1,0,0,1,6,7,3,8,1,3,3,1,0,7,1,0,2,1,3,11,2,6,6,0,5,1,6,4,31,10
77,4,0,23,1,0,0,0,1,4,8,1,10,10,1,0,1,1,1,0,0,1,2,2,1,0,0,0,8,0,0,5,0,0,4,1,12,0,3,2,1,0,0,0,0,1,0,0,2,3,7,0,1,0,0,2,1,0,3,0,3,1,1,9,0,0,3,0,0,4,1,1,2,2,1,1,4,2,0,0,1,0,0,4,0,0,0,2,0,2,2,1,1,2,1,1,0,0,1,0,2
78,2,5,0,1,1,7,1,2,1,3,4,1,2,0,0,1,1,0,0,6,0,3,0,0,0,2,0,0,0,1,0,0,0,3,0,0,0,0,4,0,1,0,0,1,2,0,0,0,0,2,0,5,0,0,0,0,1,0,0,0,0,0,0,0,0,0,0,0,0,1,0,0,1,0,2,1,0,2,0,0,0,0,0,0,0,0,0,1,0,0,0,0,0,1,0,0,0,0,0,0
79,2,9,9,5,0,12,0,3,6,13,1,6,2,12,3,4,5,2,0,0,2,5,4,5,1,0,2,1,0,3,4,0,1,3,1,1,0,6,3,1,4,3,0,2,1,0,0,1,2,0,0,3,1,0,3,3,1,1,0,0,2,1,1,0,0,0,0,1,4,0,0,0,0,0,2,6,0,2,0,2,0,1,1,6,0,1,0,2,0,4,2,1,2,2,0,0,0,0,0,2
80,0,2,0,1,0,8,3,2,2,2,0,5,1,0,0,2,2,3,0,0,2,0,1,2,0,0,0,0,0,1,1,0,0,0,4,1,1,2,0,0,4,1,0,3,0,0,0,0,3,2,0,0,0,2,1,1,1,0,0,0,0,0,2,1,0,1,0,3,2,1,0,0,0,0,0,0,1,0,0,1,1,1,0,0,1,0,0,0,0,0,0,0,0,0,1,1,0,1,4,0
81,9,1,0,2,1,2,9,7,5,9,3,6,3,12,1,1,3,2,4,0,5,4,7,2,7,3,12,0,0,0,4,6,0,5,0,0,0,8,3,0,1,4,0,0,3,0,0,4,5,0,9,1,3,1,4,2,0,2,0,0,2,5,0,2,0,5,2,0,1,1,2,0,0,2,5,2,2,8,0,0,0,2,0,0,5,0,0,0,1,0,0,9,1,0,0,0,0,0,2,1
82,9,2,0,1,2,0,6,1,0,0,3,0,1,2,2,0,1,1,5,0,0,0,0,0,3,0,1,0,0,0,0,2,1,1,0,0,1,0,0,0,0,0,2,0,1,0,0,0,0,1,2,0,1,0,1,0,0,0,1,0,0,1,0,1,0,2,0,0,1,1,2,3,0,2,0,0,0,0,3,0,0,0,0,0,0,1,1,1,0,1,0,0,0,0,1,0,0,0,0,0
83,17,0,0,1,3,0,2,1,0,0,0,0,0,1,0,0,1,1,1,0,0,0,0,0,3,3,1,0,0,1,0,4,0,0,0,0,0,0,0,0,0,2,0,0,0,0,0,0,0,0,4,0,1,0,0,0,0,0,0,0,0,0,0,0,0,3,0,0,0,0,1,1,1,1,0,0,0,0,1,0,0,0,0,0,1,0,1,0,0,2,0,0,0,0,0,0,0,0,1,0
84,0,2,1,0,0,3,1,2,1,1,3,0,0,0,0,3,1,1,0,0,0,0,0,0,0,1,0,0,0,0,2,0,1,0,0,1,0,4,1,2,3,0,1,2,0,0,2,0,0,1,0,0,0,2,2,0,0,0,0,0,0,0,0,0,0,0,0,3,2,0,0,0,0,0,0,0,1,0,0,1,0,0,3,0,0,0,0,0,2,0,0,0,0,0,0,0,0,0,0,1
85,2,2,7,3,1,3,1,1,3,9,5,10,7,8,0,2,1,0,0,0,3,3,3,1,2,0,0,6,0,1,4,0,0,0,5,2,7,10,1,1,1,3,1,1,4,1,0,3,2,0,0,1,1,3,1,2,2,0,0,0,3,0,1,1,0,0,3,1,1,1,0,1,1,0,3,3,3,2,0,1,0,2,3,0,0,0,0,3,3,1,0,2,0,1,0,0,0,2,0,0
86,0,8,1,0,0,3,0,1,0,1,1,1,2,0,0,3,1,1,0,0,0,1,3,2,0,1,0,0,0,0,2,0,3,0,0,0,0,2,0,1,1,2,0,2,0,4,0,2,1,0,0,0,2,0,2,0,0,0,0,1,1,0,0,0,0,0,0,0,1,0,0,0,0,0,0,0,0,0,0,0,0,0,0,0,0,0,0,1,0,0,0,1,1,0,1,0,0,0,0,0
87,7,2,0,1,2,1,1,1,0,0,3,1,0,1,2,0,0,2,2,0,0,0,0,0,2,0,1,0,3,2,1,4,0,0,0,0,0,0,1,0,0,0,0,1,0,0,0,0,1,0,1,2,2,1,0,0,0,0,1,0,3,0,0,0,0,0,0,0,1,0,1,1,0,1,0,0,0,0,3,0,0,0,0,0,0,0,0,0,0,1,0,0,0,1,0,0,2,0,0,0
88,8,6,2,2,9,3,1,11,5,11,1,6,6,12,2,1,5,0,0,2,4,3,7,3,0,1,0,0,0,2,5,0,5,0,2,1,4,2,8,0,1,1,0,7,0,0,0,3,2,0,0,3,0,3,2,1,1,2,0,0,0,0,2,2,2,0,0,0,3,0,1,0,2,1,0,2,4,5,0,3,0,2,5,3,3,0,1,0,1,3,0,3,1,0,0,1,0,4,0,5
89,2,4,0,2,0,5,18,6,11,9,0,7,0,8,3,1,0,2,3,0,1,9,1,6,2,3,0,0,0,0,2,4,3,0,4,2,1,0,5,0,0,0,0,0,1,4,0,0,2,0,4,0,4,1,0,1,1,2,1,0,1,0,0,0,0,0,0,0,0,0,0,0,3,0,0,0,1,2,0,1,0,0,0,3,3,1,0,1,0,0,1,3,0,0,0,0,1,0,0,0
90,1,3,0,0,0,5,0,1,3,7,0,7,0,1,1,1,4,0,0,3,0,0,0,1,0,0,0,0,0,2,1,0,1,1,0,0,0,3,6,0,3,0,0,1,0,0,0,0,2,1,0,2,0,0,1,0,1,0,0,0,0,0,1,0,0,2,0,0,0,0,0,0,0,0,1,0,0,0,0,0,0,0,0,2,0,0,0,0,1,1,0,1,0,0,0,0,0,0,0,0
91,7,3,3,2,0,1,11,1,3,0,4,0,1,4,4,0,0,4,12,0,1,2,1,1,11,1,16,0,0,0,0,6,1,1,0,2,1,0,8,2,0,1,6,0,1,0,0,0,0,1,6,1,0,0,0,0,1,0,2,0,3,0,0,3,1,1,0,0,0,1,0,2,0,0,0,0,0,1,0,0,1,0,0,0,0,18,0,0,2,1,8,1,1,3,0,1,8,0,0,0
92,0,1,0,0,0,2,1,3,1,1,0,6,2,0,0,3,1,1,0,0,4,1,3,0,0,0,0,1,0,0,1,0,0,0,2,0,0,2,0,0,1,1,1,4,1,0,0,0,2,0,0,0,0,2,1,0,1,0,0,0,1,2,2,0,0,2,0,0,1,1,0,0,0,0,0,4,0,0,0,0,0,0,1,0,0,0,0,2,0,0,1,0,0,0,1,2,0,1,0,3
93,2,1,2,0,0,2,0,3,2,3,0,2,1,0,7,1,1,0,0,2,3,2,2,0,0,0,0,2,0,3,2,0,0,3,0,3,1,0,0,0,1,1,0,0,0,0,0,1,0,2,0,0,0,0,1,2,2,1,2,0,0,1,0,0,0,0,0,1,0,1,0,0,0,0,0,0,1,1,0,1,0,4,0,0,0,0,0,0,1,0,0,0,1,0,0,0,0,0,0,0
94,2,1,0,0,0,1,0,1,2,2,1,4,0,0,0,1,1,3,0,0,1,0,3,0,1,4,0,0,0,2,1,0,0,2,5,0,2,0,0,3,1,2,0,0,2,0,0,2,2,0,0,0,0,0,1,2,0,0,0,1,0,0,0,2,1,0,0,1,0,0,0,0,1,0,0,0,1,2,0,1,0,4,0,0,2,0,1,1,1,0,1,0,0,0,1,0,1,0,0,0
95,1,0,1,1,6,0,5,0,2,1,0,2,1,1,8,1,0,0,0,0,2,0,2,3,0,0,0,0,13,0,0,0,1,0,0,1,0,0,1,0,0,0,1,0,0,0,0,0,0,1,0,0,1,0,0,1,2,0,0,0,0,0,7,1,0,0,0,0,0,1,0,0,0,0,1,2,0,0,0,0,0,0,2,0,0,0,0,0,0,0,0,0,1,0,2,0,0,2,0,0
96,1,4,0,1,0,5,1,4,0,1,3,4,1,0,0,1,2,3,0,2,0,1,1,1,1,1,0,1,0,0,5,0,0,2,2,1,0,1,4,0,2,1,0,3,0,2,0,0,0,2,0,4,0,0,0,0,1,0,0,0,0,0,0,1,0,2,0,0,0,0,0,0,0,0,0,0,0,1,0,0,0,0,1,0,0,0,0,0,0,0,0,0,0,0,0,0,0,0,0,0
97,7,0,0,5,3,0,3,2,0,0,1,1,2,1,0,8,0,0,0,0,3,3,2,0,3,3,0,0,3,0,1,3,0,2,2,0,2,1,0,0,0,0,0,0,0,1,0,0,0,1,3,0,2,0,1,0,1,0,0,0,0,0,0,1,0,0,0,0,0,0,1,0,0,1,0,2,4,0,1,0,0,1,0,0,0,0,0,0,1,0,0,0,2,0,1,1,0,0,0,0
98,0,3,0,0,0,7,6,2,1,0,1,9,0,0,0,7,3,0,0,0,1,0,3,1,0,2,0,0,0,0,0,0,0,0,0,0,0,2,2,0,4,2,0,4,1,0,0,0,2,0,0,1,0,4,0,0,1,0,0,0,0,1,2,0,0,0,0,0,1,2,0,0,0,0,0,7,0,0,0,1,0,0,2,0,1,1,0,0,0,0,0,1,0,0,0,0,0,5,0,0
99,1,4,1,0,3,4,0,1,0,0,2,2,0,4,0,2,2,1,0,1,0,0,3,0,0,1,0,1,1,0,3,0,0,0,2,1,0,0,1,2,1,0,0,1,0,1,0,2,2,0,0,1,1,0,0,1,1,0,0,0,0,2,0,1,0,0,0,1,1,0,1,0,0,1,1,4,2,2,2,1,1,2,0,1,0,2,0,0,1,0,0,0,1,1,0,0,0,1,0,0
100,7,4,4,2,2,6,2,5,2,3,2,6,0,4,1,1,3,0,0,0,10,1,2,2,1,5,6,7,0,2,11,0,0,0,5,4,0,7,3,2,0,4,1,0,2,0,0,4,3,0,0,1,0,0,2,1,0,0,2,1,0,0,0,2,0,1,0,5,1,0,0,1,0,0,1,2,3,0,0,3,0,0,3,0,5,2,0,0,1,0,0,3,0,0,0,0,1,0,2,0
101,1,13,10,2,1,7,5,7,4,5,2,6,0,2,3,3,6,8,0,8,1,2,0,0,0,1,1,1,0,0,2,0,0,0,0,2,1,4,4,9,3,1,0,5,2,0,0,2,1,0,0,1,4,2,0,2,1,1,1,3,0,0,0,0,2,0,0,1,1,0,0,0,0,0,0,0,1,1,0,0,0,4,5,1,0,2,1,0,1,0,2,0,3,0,2,0,0,2,0,15
102,2,3,2,1,3,1,1,1,0,1,2,1,1,1,1,12,0,1,0,1,0,0,0,2,0,1,0,0,4,0,1,0,0,0,0,2,1,0,0,0,0,0,0,0,0,0,0,1,0,1,0,2,0,0,0,0,0,0,0,1,0,2,1,0,0,0,0,0,0,0,1,1,0,1,0,0,0,0,3,0,0,2,0,0,0,0,0,0,1,0,0,0,2,0,3,0,0,1,3,0
103,5,5,3,0,7,4,2,1,5,0,0,3,16,2,0,3,3,1,0,1,3,0,2,5,2,0,0,2,0,2,2,0,0,1,1,2,3,1,2,2,0,0,0,0,0,0,0,2,2,0,0,1,0,0,3,3,0,1,0,2,1,2,2,0,2,0,0,2,0,1,1,0,2,1,1,2,0,3,0,0,1,4,0,2,2,1,1,1,0,4,0,2,0,0,0,0,1,0,1,0
104,1,1,3,0,3,1,2,0,4,3,1,2,3,0,2,1,1,2,0,4,0,0,0,0,0,0,0,1,7,1,4,0,0,1,1,0,0,0,0,0,1,0,0,1,0,1,0,1,1,1,0,0,0,1,2,0,1,0,0,2,0,0,0,0,0,0,0,1,1,1,1,0,0,1,0,0,0,0,2,0,0,0,0,1,0,0,0,0,0,1,0,0,1,1,0,0,0,0,0,0
105,10,1,3,2,8,4,5,9,5,3,3,4,2,5,0,0,1,0,0,2,2,5,5,8,0,2,2,2,0,0,5,0,0,1,0,1,2,1,1,0,0,2,1,1,3,1,0,0,2,2,0,0,4,3,0,2,1,0,0,0,3,3,0,4,2,1,0,2,1,0,1,1,3,1,0,0,2,3,0,2,0,1,1,3,0,1,0,0,1,5,0,2,1,0,1,1,1,0,6,5
106,15,2,1,3,5,2,5,1,0,0,2,0,1,5,3,0,0,1,0,0,2,0,1,2,3,1,3,0,0,0,0,3,2,0,1,0,2,0,0,2,1,0,3,1,0,0,0,0,0,1,0,4,3,5,1,0,0,0,5,1,8,0,0,6,1,3,0,0,3,0,1,1,1,1,0,0,0,0,3,1,1,0,0,1,2,1,0,0,0,1,0,2,0,0,0,1,1,0,1,0
107,5,4,2,1,0,7,3,4,5,1,2,0,0,1,2,4,1,3,10,0,2,3,0,0,4,2,4,2,0,7,1,4,6,1,0,2,2,0,0,1,2,1,5,1,1,0,0,1,0,0,4,1,0,2,2,2,1,0,1,0,2,0,0,2,5,0,2,1,1,7,0,2,1,0,1,0,2,0,0,2,0,4,0,3,2,2,3,1,0,1,4,0,0,1,0,3,4,0,0,0
108,3,6,1,1,4,0,0,2,1,2,1,0,0,1,0,1,0,1,0,4,1,1,0,0,0,0,0,0,2,0,0,0,0,0,0,0,1,0,1,0,0,0,0,1,0,0,0,1,0,0,0,0,0,0,1,0,1,1,0,0,0,0,0,0,0,1,0,1,1,0,1,0,0,1,1,1,0,1,4,0,0,1,0,0,0,0,0,0,0,1,0,0,0,2,0,0,0,0,0,2
109,23,13,34,3,15,27,12,8,9,33,6,16,9,3,9,3,17,2,1,3,13,4,7,4,7,7,2,22,0,1,23,1,0,4,9,18,11,0,13,6,9,5,0,9,4,2,1,13,5,3,1,13,1,6,3,9,4,5,4,2,9,0,5,3,4,0,1,11,7,0,0,1,4,0,3,2,6,3,0,5,2,13,10,2,2,0,1,3,3,1,1,2,2,2,3,1,2,0,0,4
110,1,2,2,1,6,1,0,4,0,0,4,0,0,0,0,3,4,3,1,1,0,0,0,0,0,0,0,0,0,0,0,0,0,0,0,0,0,0,1,0,0,0,0,0,1,0,0,0,0,0,0,2,0,0,2,0,1,0,0,0,0,0,0,0,0,0,0,0,0,0,1,0,0,1,0,0,1,0,0,0,0,0,0,0,1,0,0,0,1,0,3,0,1,0,0,3,3,0,0,0
111,6,6,0,7,1,0,1,1,1,0,3,1,1,3,2,2,1,2,3,2,0,1,0,0,0,1,3,1,4,2,0,4,1,0,0,0,0,0,0,0,0,0,0,0,0,0,2,0,0,1,1,2,2,1,0,0,0,0,0,0,2,0,0,3,0,0,0,0,1,0,1,4,1,1,0,0,0,1,0,0,0,0,0,0,1,0,0,0,1,1,0,0,0,0,0,0,0,0,0,0
112,7,6,4,14,9,0,0,2,2,0,1,1,2,1,0,2,5,3,0,5,2,1,3,0,0,4,1,1,0,0,0,0,1,1,4,2,2,1,0,0,0,4,0,3,2,0,1,0,3,1,0,0,0,5,1,1,0,0,0,1,0,1,1,7,0,0,0,0,0,0,1,3,0,1,1,0,0,4,1,2,0,1,0,0,1,0,0,0,0,0,1,0,1,0,1,0,0,0,2,0
113,3,2,0,2,6,1,1,1,1,2,0,0,1,2,2,2,1,0,0,3,2,1,0,2,0,0,0,1,0,0,1,0,0,0,0,0,3,0,0,1,1,0,0,0,1,0,0,1,1,1,0,1,0,0,0,1,1,0,2,0,0,1,1,0,1,0,0,0,0,0,1,0,1,1,0,0,1,0,0,0,0,1,0,0,0,0,2,0,0,0,0,0,0,0,2,0,0,3,0,0
114,8,5,0,8,3,0,1,2,1,0,4,0,1,3,2,1,1,1,2,5,1,2,1,0,0,2,3,0,0,0,0,3,1,0,3,0,0,0,0,0,0,0,0,1,1,0,1,0,0,0,1,1,1,3,0,0,0,0,0,0,3,0,1,6,0,0,0,0,0,0,1,2,0,1,0,0,0,0,2,1,0,0,0,0,0,0,2,0,0,0,0,0,0,2,0,0,0,0,0,0
115,14,4,4,8,1,2,25,7,9,3,4,2,2,10,1,0,3,5,4,0,5,3,6,3,11,3,2,4,0,1,2,5,3,2,1,1,8,8,6,0,0,1,0,3,3,0,1,0,3,4,5,1,6,0,1,4,0,1,0,0,3,0,2,4,0,1,0,0,3,1,0,1,1,0,0,0,3,8,1,2,1,3,3,3,3,1,0,0,0,0,1,2,0,1,1,0,0,2,4,0
116,1,9,5,1,4,3,1,0,1,3,1,2,0,0,3,2,3,2,0,8,0,1,2,0,0,1,0,2,3,1,1,0,0,0,2,2,1,0,1,6,1,0,0,0,0,0,0,0,1,1,0,0,0,2,0,1,0,0,0,1,0,2,0,0,0,0,0,1,0,0,1,0,0,1,0,0,2,0,1,2,0,1,4,1,0,0,0,0,1,0,1,0,1,0,0,0,0,1,0,3
117,1,5,1,2,7,2,2,2,1,1,4,4,1,1,6,1,2,1,0,1,0,3,2,0,0,0,1,0,0,1,0,0,0,7,0,0,2,0,0,2,0,0,0,2,1,3,0,0,0,1,0,4,2,0,1,1,0,1,0,0,0,0,0,0,2,0,0,0,3,0,1,0,2,1,0,1,0,1,0,0,0,1,1,0,0,0,1,0,1,0,0,0,2,1,1,0,1,1,0,0
118,1,0,6,1,1,3,0,3,4,4,3,8,6,2,2,2,7,0,0,0,5,9,4,5,6,2,0,2,0,1,6,0,0,2,0,3,1,6,1,0,3,3,0,2,3,1,0,2,2,1,0,0,0,1,1,2,1,0,1,0,2,1,2,0,0,1,0,1,4,0,0,0,2,0,1,2,1,3,1,2,0,2,0,0,0,1,0,0,2,2,0,1,2,0,0,0,0,0,1,0
119,18,0,0,7,0,1,20,10,5,1,6,2,0,6,0,0,5,0,1,0,6,3,2,2,6,0,3,1,0,0,2,2,0,2,6,2,4,12,4,1,1,2,0,0,4,2,0,0,0,0,2,3,3,6,1,1,1,0,1,1,1,2,0,6,0,1,0,0,1,0,0,0,2,0,0,1,1,3,0,2,1,1,0,0,2,4,0,0,0,2,0,1,0,1,1,0,0,0,1,2
120,2,2,1,0,0,6,1,1,1,2,0,0,0,0,0,1,1,0,0,1,1,0,0,0,0,2,0,0,0,0,5,0,0,1,2,1,2,0,0,0,2,0,0,0,0,1,0,2,1,1,0,0,0,0,1,1,0,0,0,1,0,0,1,1,1,1,0,0,0,0,0,0,1,0,0,1,0,2,0,0,0,4,0,0,0,0,0,1,1,0,0,0,2,0,0,0,0,1,0,1
121,1,6,6,0,3,6,0,2,3,13,3,7,7,0,4,2,4,2,0,2,8,1,2,0,3,1,0,9,0,0,10,0,0,3,2,7,7,0,5,5,0,2,1,3,0,3,0,3,4,0,0,0,0,0,1,4,0,0,0,1,1,0,0,0,1,0,0,5,2,1,1,1,1,1,1,1,0,1,0,1,0,3,1,0,0,1,0,1,0,0,1,1,0,0,0,0,0,1,0,1
122,2,2,8,2,0,2,1,1,2,3,2,6,7,1,0,1,3,1,0,1,3,3,3,2,1,3,0,3,0,2,5,0,3,2,3,5,0,5,1,2,3,6,0,1,0,1,0,1,0,0,0,2,0,4,2,3,0,2,0,2,1,0,3,1,0,1,0,1,3,0,0,0,2,0,0,1,0,0,0,2,0,4,7,1,1,0,0,0,0,1,0,0,1,1,1,0,1,1,0,6
123,2,3,5,1,4,5,0,1,3,8,2,3,7,2,9,4,6,3,0,1,5,2,2,0,10,0,3,3,0,1,3,0,0,1,0,4,6,0,1,2,0,1,3,4,3,0,0,2,2,3,0,1,0,2,1,2,0,0,5,0,3,1,0,4,2,0,0,2,0,1,1,0,1,1,1,3,2,2,0,1,0,2,6,0,2,0,1,1,1,1,0,1,4,0,0,0,0,3,1,0
124,3,7,9,2,4,6,0,1,3,2,6,3,6,2,0,2,5,1,0,0,3,2,4,2,0,0,0,5,0,1,6,1,0,3,6,3,2,0,1,4,1,2,0,4,1,0,0,1,1,0,1,1,1,3,2,1,0,1,0,1,2,2,2,1,2,1,1,2,1,0,1,0,2,1,0,3,2,1,0,1,0,4,1,0,0,0,0,1,1,0,1,2,1,0,0,0,1,4,0,0
125,2,7,5,2,0,7,1,1,2,2,1,6,6,2,4,5,8,0,0,1,3,2,1,2,1,1,0,3,0,2,1,0,1,0,0,4,4,5,5,0,1,5,0,2,1,0,2,2,0,1,0,1,0,2,2,1,1,0,9,0,1,0,4,0,0,0,0,1,5,3,0,0,2,0,3,0,1,0,0,3,0,3,3,2,0,2,1,1,0,0,1,2,0,0,0,1,1,1,0,0
126,2,11,7,1,0,7,5,8,2,3,0,8,1,2,1,1,5,2,0,8,2,0,0,6,1,1,1,4,0,2,5,0,0,1,0,1,3,5,1,2,1,5,1,1,2,1,2,1,3,1,0,2,7,0,0,2,0,0,0,4,1,2,0,2,0,0,0,1,1,0,0,1,1,0,2,3,0,0,0,3,1,1,1,2,2,0,1,3,0,0,1,3,0,0,3,0,0,0,1,0
127,1,7,8,2,0,3,4,8,7,6,3,4,13,2,0,2,3,6,0,4,1,2,2,3,0,2,0,3,0,0,4,0,0,7,1,5,1,6,2,5,2,4,0,4,0,2,0,3,1,0,0,1,0,2,2,1,2,6,0,0,1,2,4,0,0,4,0,0,4,0,0,2,3,0,3,4,1,4,0,1,0,1,5,2,2,0,2,1,0,3,1,1,3,1,0,0,0,5,0,5
128,1,4,2,1,0,6,3,2,3,2,1,5,0,1,2,1,1,1,0,3,0,1,0,0,1,0,1,1,0,0,1,0,0,0,1,1,0,1,1,0,4,1,1,2,0,0,1,0,1,0,0,1,2,0,0,2,2,0,0,0,0,1,0,0,0,0,0,1,1,2,0,0,1,0,2,0,0,1,0,0,0,1,0,1,0,0,1,0,0,0,0,2,1,1,0,0,0,0,0,0
129,2,1,0,1,0,4,1,1,4,3,1,2,0,0,0,1,1,0,0,2,0,1,0,0,0,2,0,1,0,1,1,0,0,3,1,2,2,0,0,1,1,0,0,0,4,0,0,2,0,0,0,0,0,3,2,2,0,1,0,1,0,2,0,1,1,0,0,3,0,0,0,0,1,0,0,1,0,0,0,2,0,3,0,2,1,0,0,1,0,0,1,0,0,0,1,0,0,0,0,6
130,1,1,0,1,0,2,2,1,4,1,12,0,8,7,1,0,1,0,0,0,3,0,1,1,0,0,1,2,0,0,0,0,0,2,13,5,2,0,0,1,4,4,0,0,0,1,0,0,0,2,0,0,0,6,4,2,2,0,1,1,2,0,0,1,1,0,0,3,1,0,0,1,1,0,1,0,3,0,0,3,0,3,0,0,1,0,0,0,4,0,0,0,1,2,0,1,0,1,0,0
131,10,0,0,1,10,1,8,6,0,0,3,0,0,1,0,0,4,4,3,0,3,1,0,1,4,2,1,0,2,2,0,3,0,0,0,0,0,0,5,0,0,5,1,0,1,0,0,2,1,0,3,3,0,1,3,0,3,0,0,1,0,0,0,1,0,1,0,0,0,2,1,1,0,1,1,0,0,1,2,0,0,0,0,0,2,3,0,2,0,0,1,0,0,0,0,0,2,0,0,0
132,13,17,31,8,16,2,2,4,2,15,9,7,9,5,17,3,0,0,0,14,2,1,4,7,0,4,0,13,8,0,4,0,0,0,5,14,4,0,1,12,2,5,0,0,2,0,0,7,0,2,0,0,0,9,5,5,0,0,4,1,1,3,8,1,0,3,0,11,0,0,1,3,0,1,1,0,1,1,7,4,0,7,9,0,0,0,1,2,4,1,0,1,3,2,2,1,0,5,2,3
133,8,1,0,2,0,5,3,4,6,0,1,2,1,0,5,2,1,2,14,0,1,3,3,1,3,2,4,0,0,7,0,4,5,2,0,1,2,0,0,1,3,3,7,0,2,0,0,2,0,0,4,1,0,1,1,1,1,1,1,0,1,2,0,1,8,0,2,0,1,8,1,0,1,1,1,1,0,1,0,1,1,3,0,3,1,1,4,1,0,2,3,0,0,2,2,3,4,0,0,0
134,7,1,0,2,0,4,2,3,4,0,1,0,0,0,2,2,1,4,15,0,1,4,2,1,3,3,4,0,0,6,0,4,5,2,0,0,1,0,0,1,2,4,7,0,2,0,0,2,0,0,4,1,0,1,0,1,2,1,0,0,3,1,0,1,8,0,3,0,1,9,0,0,1,0,1,0,0,0,0,1,1,2,0,3,2,1,4,1,0,1,4,0,0,1,0,3,4,0,0,0
135,18,1,0,3,2,1,1,2,0,2,6,0,2,8,3,1,0,3,7,0,1,0,1,0,2,4,1,0,0,0,0,3,0,2,6,0,0,0,0,0,0,3,0,0,0,0,3,0,0,2,1,3,1,0,0,3,0,0,1,0,2,1,0,0,0,1,0,3,0,0,1,7,0,1,0,0,1,0,5,0,0,2,1,0,0,1,1,1,1,2,0,1,0,0,2,0,1,0,0,0
136,3,2,1,4,1,1,0,0,1,0,2,1,0,1,0,2,0,1,1,1,0,0,0,0,1,0,0,0,0,0,0,1,0,0,0,0,0,0,0,0,0,2,0,0,0,0,0,0,0,0,1,0,0,0,0,0,0,0,0,0,1,0,0,0,0,0,0,0,0,0,1,0,0,1,0,0,0,0,1,0,0,0,0,0,0,0,0,0,0,0,0,0,0,0,1,0,0,0,0,0
137,23,3,0,3,3,0,2,1,0,1,2,0,3,3,2,1,1,1,6,0,0,0,1,0,1,3,1,0,0,0,0,4,1,0,1,0,1,0,0,0,0,2,4,0,0,0,2,0,1,1,4,1,0,1,1,0,0,0,1,0,0,0,0,0,1,3,0,0,0,0,2,2,0,2,0,0,0,1,2,0,0,0,0,1,0,0,1,0,0,3,0,0,1,0,0,2,0,0,0,0
138,6,5,0,1,0,5,1,3,5,0,1,1,2,0,2,1,1,2,15,0,1,2,1,2,3,1,4,2,0,6,0,4,5,2,0,0,3,0,0,2,2,3,7,1,2,0,0,1,0,0,4,1,0,1,1,1,1,1,1,0,1,1,0,0,8,0,4,0,1,7,0,1,1,0,1,0,0,0,0,1,0,4,1,3,2,1,4,1,0,1,4,1,0,1,0,3,4,1,0,0
139,2,0,8,1,0,3,0,1,1,0,1,0,0,0,1,1,1,0,0,0,3,1,1,0,1,2,1,2,0,1,1,0,0,2,0,7,1,0,0,0,1,3,0,0,1,0,0,1,0,0,0,0,0,3,5,2,0,0,0,0,0,0,0,0,1,1,0,1,1,2,0,1,1,0,0,3,1,0,0,1,0,4,0,0,1,0,0,0,0,0,1,0,0,0,0,0,0,3,1,2
140,2,2,10,0,0,3,1,1,6,9,3,15,1,5,3,1,2,0,0,0,2,1,2,3,0,2,0,2,0,0,2,0,0,1,5,2,1,5,7,2,4,0,1,6,2,0,0,1,2,1,0,1,2,0,1,1,2,5,0,0,2,0,1,1,0,1,0,1,0,2,1,2,2,2,0,2,1,1,0,2,0,3,0,1,1,1,0,0,2,4,0,1,0,2,1,1,2,9,0,1
141,13,7,0,8,0,11,7,2,3,6,1,3,4,2,4,0,3,3,1,0,1,2,3,2,6,2,0,0,0,3,5,1,2,0,0,3,3,2,1,0,0,1,1,4,1,4,2,1,1,1,1,1,6,0,1,4,1,1,1,1,0,0,0,6,0,1,0,2,1,0,0,0,1,0,2,0,0,3,0,1,0,3,0,2,1,1,0,1,2,0,0,2,1,1,1,0,0,0,5,0
142,7,4,18,65,2,2,5,3,10,19,15,13,47,14,7,2,0,0,0,0,1,17,14,10,2,8,2,3,0,2,0,0,1,7,3,1,3,22,8,0,2,4,1,4,6,1,57,1,1,0,0,3,1,0,1,5,0,6,0,0,0,6,18,2,0,5,1,1,3,5,0,1,3,0,0,6,1,4,3,2,0,2,3,3,1,0,0,0,1,6,0,4,0,0,10,0,0,12,5,0
143,18,11,19,7,12,5,5,1,3,11,5,8,6,3,6,5,0,3,0,5,2,2,1,4,0,2,0,6,10,1,2,0,0,1,2,10,3,0,3,7,0,3,0,0,0,0,1,7,0,1,0,0,0,1,4,3,1,1,1,3,0,3,0,2,0,3,0,7,2,0,2,2,0,2,1,4,2,0,5,3,0,11,4,0,0,0,1,0,2,2,2,0,0,2,1,1,0,1,3,4
144,8,5,1,37,2,4,4,1,4,11,1,8,4,2,1,2,6,2,0,0,2,0,3,0,0,4,1,6,0,3,5,0,1,6,8,5,7,2,4,0,1,2,0,3,0,7,5,1,1,5,0,0,2,3,2,4,0,12,1,2,2,4,6,2,0,1,1,1,1,0,0,0,1,0,0,0,3,2,0,2,2,7,1,1,0,0,1,2,2,4,1,2,3,0,7,1,0,3,7,0
145,5,0,0,9,0,4,1,4,1,4,0,2,2,0,0,5,1,0,1,0,6,0,1,0,0,1,2,0,0,0,2,1,1,2,4,1,3,0,0,0,1,0,0,0,0,1,3,0,0,0,1,0,0,5,0,1,0,0,0,0,0,0,0,0,1,0,2,1,0,0,0,0,1,0,0,0,1,0,0,0,0,3,0,0,3,0,1,0,1,4,2,0,1,0,2,0,0,0,3,1
146,1,4,1,4,0,4,1,1,3,2,1,1,1,1,2,1,1,1,0,7,1,3,0,1,0,0,0,2,0,4,2,0,1,3,0,1,0,0,3,0,3,0,0,1,1,0,0,1,1,0,0,2,2,0,1,1,1,0,0,1,0,0,0,0,0,1,0,0,0,0,0,0,1,0,2,0,0,1,0,0,0,2,0,1,0,0,0,0,1,0,1,1,0,1,1,0,0,0,0,1
147,1,11,4,1,6,7,1,2,1,0,0,0,1,1,3,3,6,1,0,1,0,1,0,0,0,1,1,0,0,2,2,0,1,3,1,2,1,0,2,2,0,2,0,1,3,0,3,1,5,0,0,2,4,1,2,1,0,1,1,2,0,1,2,0,1,0,0,1,0,0,1,0,2,1,0,2,0,0,0,0,0,3,0,0,0,0,1,0,0,0,1,0,0,1,2,0,0,1,0,0
148,6,2,0,2,1,5,2,2,5,1,5,1,2,0,2,1,0,1,15,14,1,2,0,3,5,2,4,1,0,10,0,7,10,4,0,1,3,0,0,1,1,0,9,0,1,0,0,1,2,0,7,1,1,1,1,2,5,3,0,0,3,0,0,2,7,0,6,0,1,2,0,0,1,0,1,1,0,0,0,1,0,6,1,3,2,1,3,2,0,1,4,1,0,4,0,3,6,2,0,0
149,14,2,2,2,0,3,1,10,2,4,2,4,2,9,0,3,4,0,0,1,3,4,3,10,1,4,0,6,0,1,7,1,2,8,2,7,1,3,3,1,2,2,0,1,1,2,0,0,3,1,1,1,5,0,5,2,2,0,0,0,0,1,3,2,0,3,0,0,2,0,0,0,1,0,0,2,1,3,0,3,0,3,0,2,1,0,0,1,3,3,1,6,1,0,0,0,0,2,3,20
150,1,3,6,1,1,1,1,3,3,2,0,0,4,0,1,1,7,2,0,3,6,1,1,0,0,1,0,1,5,0,5,0,0,0,1,1,0,0,0,1,1,1,0,0,1,0,0,1,0,0,0,0,0,1,0,1,1,0,1,1,0,0,1,0,0,0,0,2,0,0,1,0,0,1,0,0,0,0,0,0,0,2,0,0,0,1,0,0,1,0,0,0,0,0,0,1,0,5,0,3
151,7,1,0,1,0,8,3,3,6,1,2,2,2,9,2,2,1,1,17,0,2,3,2,1,3,2,4,2,0,9,0,7,9,2,0,2,3,0,0,1,2,1,9,1,1,0,0,1,1,0,7,1,0,0,3,1,7,5,1,0,3,0,0,0,8,0,4,1,1,3,1,1,1,1,1,1,1,0,0,1,0,5,0,5,1,2,3,1,0,0,3,1,0,1,0,3,6,0,1,0
152,13,5,0,3,5,7,0,10,5,17,7,2,2,1,18,0,0,0,0,0,0,21,5,0,0,14,0,2,0,0,6,0,1,4,1,0,0,1,3,0,0,1,0,0,1,0,1,2,4,0,0,0,2,3,4,0,2,17,0,1,0,1,0,3,0,3,7,2,2,1,0,3,1,0,1,1,0,3,0,0,0,1,0,2,3,0,0,0,1,0,0,1,2,3,0,0,1,0,24,8
153,7,2,2,3,0,6,2,4,7,1,2,1,3,0,2,2,1,1,15,0,3,4,1,1,4,2,4,3,0,8,0,4,8,2,1,3,4,0,0,1,2,1,6,2,1,0,1,1,0,0,4,1,0,1,1,1,8,3,1,0,1,0,2,1,7,1,4,0,1,1,1,0,1,1,1,1,0,0,0,1,0,5,0,4,2,1,3,1,2,0,3,0,0,3,0,3,5,0,1,0
154,6,2,4,1,1,1,1,2,3,4,1,0,2,1,4,1,1,0,0,1,6,1,0,2,0,2,0,2,0,1,2,0,0,0,2,0,4,0,0,2,1,0,0,2,1,0,1,2,4,1,0,0,2,0,0,2,0,2,0,1,0,0,0,0,2,0,0,0,0,0,1,0,2,1,0,1,3,2,0,3,1,7,2,0,1,0,0,0,0,0,0,0,0,1,1,1,0,0,0,5
155,1,2,1,2,5,0,1,1,1,0,1,0,1,6,1,4,0,1,0,1,0,0,2,0,0,0,0,0,0,0,0,0,0,0,0,0,0,0,0,0,0,0,0,0,2,0,0,0,0,1,0,0,0,0,0,3,0,0,0,0,0,1,0,0,0,1,0,0,0,0,1,1,0,1,0,0,0,0,1,0,0,0,0,0,0,0,0,0,1,0,0,0,0,0,0,0,0,0,0,0
156,9,3,23,2,0,2,5,3,2,7,19,5,8,7,1,1,0,1,0,0,0,0,5,4,1,5,0,9,0,1,5,0,1,6,2,6,6,6,5,0,0,3,0,1,1,3,0,2,0,6,0,0,2,0,0,2,1,0,0,2,0,0,13,0,0,4,1,2,1,0,1,0,2,1,0,1,1,0,0,2,0,2,9,0,0,0,0,0,0,5,0,1,1,0,0,0,0,3,0,0
157,6,0,0,4,0,9,4,14,5,3,1,6,0,6,0,0,3,2,0,0,1,3,2,8,8,1,4,0,0,2,4,2,2,5,5,0,2,6,1,3,6,1,0,0,1,4,0,0,3,1,2,1,8,2,3,1,0,2,2,0,0,2,1,8,0,0,0,1,0,0,0,0,1,0,2,2,3,0,0,1,2,5,0,2,5,0,0,0,1,1,0,8,1,0,4,1,0,0,2,7
158,3,2,11,1,5,7,2,2,3,3,2,4,3,0,2,2,6,2,0,5,7,1,0,0,1,1,1,5,0,0,3,0,0,2,0,8,2,0,3,1,1,2,0,2,1,0,0,1,0,0,0,1,0,6,1,2,2,2,4,1,0,0,0,4,2,0,0,1,1,2,1,1,1,1,0,0,3,0,0,1,0,4,2,0,0,0,0,0,0,0,0,0,2,0,0,0,0,2,1,0
159,6,2,0,1,0,6,2,5,5,0,3,0,2,1,2,2,1,2,15,0,2,3,1,2,5,4,4,0,0,8,1,4,8,4,0,0,1,0,0,3,3,1,6,1,1,0,0,1,0,0,4,1,0,2,2,1,3,4,1,0,4,0,0,0,5,1,4,0,1,7,1,2,1,1,2,0,0,0,0,3,1,2,1,3,2,2,3,2,0,1,5,0,1,2,0,3,5,1,0,0
160,20,0,0,1,10,0,12,3,0,0,4,0,4,1,0,0,5,5,4,0,1,0,1,1,1,6,2,0,0,0,0,3,2,0,0,0,0,0,0,0,0,1,1,0,1,0,1,1,1,0,3,3,1,3,1,0,2,0,2,1,0,0,0,0,0,1,0,0,0,2,1,0,0,1,0,0,0,2,2,0,0,0,0,0,2,0,0,0,0,0,1,0,0,0,0,2,1,0,0,0
161,6,3,0,1,0,7,4,4,4,1,2,1,1,1,0,2,0,3,14,2,1,3,1,1,5,0,4,0,0,8,1,4,8,3,1,0,2,0,0,2,1,1,6,0,1,0,0,1,0,0,4,1,0,0,1,1,5,4,3,0,1,1,1,0,6,0,4,0,2,0,0,0,1,0,1,0,0,0,0,1,1,3,1,4,1,1,3,2,1,0,3,0,1,2,0,3,5,1,0,0
162,11,27,25,2,0,3,11,2,2,0,4,2,3,2,0,3,0,15,0,12,0,0,1,4,0,1,0,0,0,2,0,0,0,3,0,0,0,0,0,2,0,0,0,0,0,0,0,0,5,2,0,3,0,0,0,1,0,0,0,0,0,1,0,0,1,1,0,0,0,0,0,0,1,0,0,0,0,0,0,0,0,1,0,0,0,2,3,1,0,1,0,2,0,0,2,0,0,0,0,0
163,2,2,3,0,3,7,2,3,3,1,3,3,1,0,1,5,3,1,0,1,1,0,2,0,2,0,0,2,4,0,0,0,0,1,1,2,1,0,0,0,2,0,0,0,2,1,0,0,0,1,0,0,0,1,1,0,1,1,0,1,1,1,0,1,0,0,0,1,1,0,1,0,0,1,0,0,0,1,0,0,0,1,0,0,1,0,0,1,0,0,1,1,0,1,0,0,0,0,0,0
164,6,4,0,0,0,5,2,5,6,0,5,2,0,0,2,1,1,1,14,4,1,2,1,1,3,1,4,0,0,8,1,4,9,3,0,0,2,0,1,2,1,0,6,0,1,0,0,2,0,0,4,1,0,1,1,1,4,4,0,0,2,0,1,0,7,0,4,1,1,4,1,1,1,1,3,0,0,0,0,1,0,3,1,4,2,1,3,2,0,1,4,0,1,2,0,4,5,0,0,0
165,2,2,1,2,1,1,1,1,0,0,0,0,1,2,0,1,1,2,0,1,0,1,1,1,0,0,0,1,5,0,0,0,0,0,0,0,0,0,0,1,0,0,0,0,0,2,0,0,1,1,0,1,0,0,0,0,1,0,0,2,0,0,0,0,0,0,0,0,0,0,1,0,1,1,0,0,0,0,1,0,2,0,0,0,0,0,0,0,0,1,0,0,0,0,0,0,0,0,0,0
166,5,0,0,3,0,1,0,1,2,0,0,0,1,1,1,1,0,0,0,0,0,0,0,0,0,0,0,1,0,0,0,0,1,0,0,1,1,0,0,2,0,1,1,0,0,0,0,0,0,2,0,0,2,0,0,1,2,0,0,1,0,0,0,0,1,2,0,0,0,1,0,0,1,0,2,0,0,1,0,0,0,1,0,0,0,0,0,0,0,0,0,0,0,0,0,0,1,0,1,0
167,21,14,39,5,17,0,3,3,2,13,7,11,6,5,3,3,1,0,0,16,1,6,7,9,1,8,1,9,13,0,1,0,0,2,1,6,5,0,0,10,1,1,0,0,4,2,0,5,4,2,0,0,0,0,6,5,2,7,0,4,1,3,1,2,0,2,0,5,1,1,5,1,1,5,5,1,1,2,5,3,2,2,11,1,0,0,1,2,1,0,0,1,0,1,2,2,0,1,0,0
168,1,2,1,1,1,0,0,1,0,0,0,1,0,2,1,4,1,1,0,1,0,0,1,1,1,0,0,1,2,0,0,0,0,0,0,0,0,0,0,0,0,0,0,0,0,2,0,0,4,1,0,0,0,1,0,0,0,0,0,2,0,0,0,0,0,0,0,0,0,1,1,0,1,1,0,0,0,0,1,0,2,0,0,0,0,0,0,0,0,0,0,1,0,0,0,0,1,0,0,0
169,4,6,4,0,0,20,4,5,3,4,0,14,0,1,5,1,14,1,0,0,2,0,2,5,4,2,0,6,0,4,1,0,0,1,2,3,2,10,0,4,11,3,1,2,0,9,1,1,3,1,0,1,0,2,5,2,4,2,1,3,0,1,0,4,0,2,1,1,2,1,0,0,3,0,0,4,2,1,0,1,6,1,3,0,1,0,0,2,0,2,1,0,2,1,0,0,0,0,0,0
170,2,1,0,7,4,0,1,2,1,0,1,0,1,2,0,0,3,0,0,0,0,0,1,1,0,1,0,1,5,3,2,0,0,1,8,1,0,0,0,0,0,0,0,0,1,4,1,0,2,1,0,0,0,4,1,0,0,0,0,3,0,0,0,1,0,0,0,0,1,0,1,0,1,1,0,0,0,3,1,1,2,2,0,0,3,0,0,0,3,0,0,0,2,0,1,0,0,0,1,1
171,1,0,0,5,3,0,1,1,2,1,0,2,1,1,0,3,2,0,0,0,1,0,2,4,0,0,0,1,1,0,0,0,0,0,0,0,0,0,1,0,1,0,0,0,0,2,0,0,1,2,0,0,0,0,0,0,0,0,0,2,0,0,0,0,0,0,0,0,0,0,2,0,1,2,0,0,0,0,1,0,2,0,0,0,0,0,0,0,0,2,0,0,0,0,0,2,0,0,0,0
172,6,3,0,0,0,5,2,6,6,2,3,2,3,1,2,2,1,1,14,0,1,2,2,2,3,2,4,0,0,8,1,4,8,2,1,1,1,0,0,2,2,0,5,0,1,0,1,1,0,0,4,1,1,2,0,1,2,3,2,0,1,0,0,0,6,0,5,0,1,6,0,3,1,0,2,0,0,0,0,2,1,5,1,4,3,1,3,3,1,0,2,1,2,1,1,3,4,0,0,0
173,12,0,0,11,3,0,0,1,0,1,0,1,1,8,0,0,1,0,0,0,1,1,2,1,0,1,0,1,18,1,0,0,0,1,1,0,5,0,0,0,0,0,0,0,0,2,4,0,1,1,0,0,1,0,1,0,0,0,0,2,0,0,0,12,0,0,0,0,0,0,1,0,1,1,1,0,1,0,2,1,2,0,0,0,0,0,0,0,0,0,0,0,0,0,0,2,0,0,0,0
174,13,3,13,4,0,2,0,2,7,11,1,11,6,5,8,1,2,3,0,2,0,1,3,4,1,2,0,2,0,1,3,0,0,5,1,2,1,11,6,3,2,0,1,1,0,7,0,3,1,2,0,1,0,2,1,3,0,1,3,15,0,0,11,0,0,2,0,0,0,0,2,0,3,2,2,0,0,0,0,0,7,1,3,0,0,0,0,0,0,1,0,2,1,0,0,3,0,4,0,2
175,9,1,0,2,4,1,8,1,1,0,0,1,1,1,0,0,1,0,0,0,1,0,0,0,1,0,5,0,3,0,0,4,0,1,0,0,0,0,2,0,0,0,0,0,0,0,0,0,0,0,4,0,1,2,0,0,0,0,1,0,1,0,0,0,0,1,0,0,0,0,1,0,0,1,0,0,0,0,1,1,0,0,0,1,0,2,0,0,0,1,0,1,0,0,0,0,0,0,0,0
176,21,3,2,4,3,4,5,4,0,1,1,0,2,1,0,0,3,5,2,0,1,0,2,1,0,1,2,1,3,0,0,3,0,0,0,2,1,0,1,0,0,0,0,0,0,2,0,0,1,2,3,0,2,0,0,2,0,2,4,2,0,0,0,0,0,3,0,0,0,0,1,2,1,1,0,0,1,0,0,0,2,3,0,0,0,0,1,0,0,1,0,0,0,0,0,0,0,0,0,0
177,3,2,0,0,5,1,0,1,3,0,4,1,0,2,0,1,1,3,0,3,0,0,3,3,0,0,3,3,1,0,0,1,2,0,0,0,0,0,0,1,0,0,0,3,0,2,0,0,2,1,1,0,0,0,0,0,0,0,3,2,4,1,0,0,0,0,0,0,0,1,1,0,1,1,0,0,0,2,0,2,2,0,0,0,0,0,1,0,0,0,0,1,0,0,0,0,0,0,0,0
178,5,0,0,8,5,1,1,2,1,0,3,1,0,1,0,3,2,1,0,3,3,1,1,1,0,0,0,1,1,0,0,0,0,2,7,1,0,0,0,0,1,0,0,1,0,2,0,0,2,4,0,0,0,0,1,0,0,3,0,2,6,0,2,0,0,0,0,0,0,0,1,4,1,1,4,0,2,0,1,0,2,0,0,0,1,0,1,0,0,3,0,0,0,0,3,0,0,0,0,0
179,1,1,4,0,0,1,1,2,3,0,1,1,0,0,0,1,1,0,0,4,2,0,0,0,2,1,0,1,0,0,2,0,0,0,2,1,1,0,0,1,4,0,0,0,0,0,0,1,0,0,0,0,0,3,1,1,1,2,0,0,0,0,1,0,1,0,0,1,0,0,0,0,1,0,0,1,2,0,0,0,0,4,0,0,0,0,0,1,0,0,0,2,0,0,0,1,0,3,0,3
180,3,0,0,1,3,1,1,0,1,2,0,2,1,0,3,2,2,0,0,2,2,1,2,2,1,0,0,2,0,1,2,1,1,1,1,1,1,0,0,0,1,0,0,1,0,0,0,0,1,1,1,1,0,1,0,1,1,2,0,1,0,0,0,1,1,0,0,0,1,0,0,3,1,0,0,1,0,0,0,0,0,3,0,0,1,0,0,0,0,0,0,0,0,0,0,0,0,1,0,0
181,8,3,0,1,4,2,3,2,0,0,1,0,1,1,0,0,2,4,1,0,1,0,2,1,2,1,5,1,4,0,0,4,1,0,0,0,0,0,1,0,0,0,0,0,0,2,0,0,2,1,4,0,0,0,0,2,0,2,2,2,2,0,0,0,0,1,0,0,0,0,2,0,1,2,0,0,0,0,1,0,2,2,0,1,0,0,0,0,0,0,0,0,0,0,0,0,0,0,0,0
182,9,0,6,2,6,0,1,2,1,0,2,1,2,2,0,3,1,1,0,1,1,1,3,2,0,3,0,1,1,0,0,0,0,0,0,0,1,0,1,1,0,1,0,0,0,2,0,0,3,2,0,1,0,1,0,0,0,1,0,2,0,2,0,0,0,0,0,0,0,0,1,0,1,1,0,1,1,0,1,1,2,2,0,0,0,0,0,1,0,0,0,1,2,0,0,0,0,0,0,0
183,7,4,15,2,5,2,2,1,0,4,1,1,3,1,1,0,1,0,0,1,4,4,4,5,0,3,0,2,7,0,1,0,0,2,0,5,3,0,0,1,0,0,1,0,0,2,0,3,1,5,0,1,0,0,0,2,0,9,0,5,0,0,0,2,0,1,0,1,0,0,1,0,1,1,0,1,0,0,1,1,2,2,0,0,0,0,1,0,0,0,0,0,1,0,1,0,0,0,2,0
184,0,0,18,0,0,1,2,1,1,0,8,0,3,3,2,1,7,0,0,7,2,2,4,2,2,0,0,4,0,0,1,0,2,0,0,7,1,4,2,2,0,0,1,4,2,2,0,2,2,0,0,0,1,2,2,3,1,2,1,1,0,0,2,0,0,0,0,6,2,0,0,0,2,0,4,0,0,0,0,2,2,1,2,0,1,0,0,0,1,0,1,0,1,2,1,0,0,3,0,0
185,4,0,0,0,6,1,2,1,4,3,0,1,1,4,0,1,5,1,0,0,4,0,3,3,1,0,0,1,0,2,1,0,0,0,1,0,3,0,1,0,0,4,0,5,3,6,2,1,5,1,0,0,0,0,1,2,1,1,0,3,1,2,0,0,2,0,0,2,0,0,1,0,3,1,0,2,3,3,0,2,5,4,0,0,0,0,1,0,1,1,0,2,0,0,1,0,1,4,1,0
186,5,1,1,1,1,0,1,1,0,2,2,1,5,2,0,1,1,0,0,2,0,1,4,1,0,0,0,1,3,0,0,0,0,1,1,0,0,0,0,0,0,0,0,0,0,2,0,0,1,1,0,1,0,0,0,0,0,0,0,2,0,1,1,0,0,0,0,0,0,0,1,0,1,1,0,1,0,0,2,0,2,0,0,0,0,0,0,0,0,1,0,0,1,0,0,0,1,0,0,0
187,6,3,0,0,0,4,4,5,7,1,5,0,2,0,2,1,1,2,12,2,1,2,2,1,4,2,5,0,0,8,0,4,8,2,0,1,2,0,0,1,1,0,7,0,2,0,0,1,0,0,4,1,2,1,1,1,6,3,0,0,1,0,0,1,6,0,4,0,1,1,1,0,1,1,2,0,0,0,0,1,0,1,1,4,2,1,3,2,0,1,3,1,1,3,0,3,4,0,0,0
188,8,1,0,3,13,5,5,3,8,0,1,3,0,8,1,1,0,1,0,0,6,2,2,1,12,2,1,0,0,1,3,0,1,1,3,0,2,0,0,0,0,3,2,0,1,0,0,0,0,0,0,1,1,1,1,2,0,2,1,2,1,0,0,15,2,4,0,0,0,0,1,0,2,1,0,0,7,1,0,5,3,1,1,2,0,0,0,1,6,1,0,1,0,0,2,3,0,0,1,0
189,3,0,4,1,3,1,1,1,0,3,1,1,1,1,0,1,1,0,0,1,2,3,3,1,0,0,0,1,1,0,1,0,0,0,1,2,3,0,0,0,0,0,0,0,1,3,0,1,1,2,0,1,0,0,0,0,0,1,0,2,0,4,0,0,0,0,0,1,0,0,1,0,1,1,0,0,0,0,2,0,3,2,0,0,0,0,0,0,0,0,0,0,0,0,0,0,0,0,1,0
190,2,1,3,2,0,0,0,2,1,0,0,2,0,1,0,1,0,1,0,1,0,1,0,1,0,0,0,1,0,0,0,0,0,1,0,1,1,0,0,0,0,0,0,0,0,1,0,0,0,0,0,1,0,0,1,2,0,1,0,0,0,0,0,0,1,1,0,0,0,0,0,0,1,0,0,0,0,0,0,0,1,0,2,0,1,0,1,1,0,0,0,0,1,1,0,0,0,0,0,0
191,5,2,2,0,0,7,1,5,4,1,3,2,0,1,2,3,1,2,11,0,3,2,1,0,3,1,4,3,0,6,0,4,7,1,0,0,2,0,0,1,2,1,6,1,1,0,0,1,0,0,4,1,0,2,3,1,7,5,2,0,3,0,0,0,5,0,5,1,1,5,1,0,1,1,1,0,0,0,0,1,0,0,0,3,2,1,3,3,0,0,4,1,1,2,0,3,4,0,0,0
192,7,1,6,0,3,1,0,1,0,1,1,3,2,3,0,1,1,0,0,0,1,3,3,4,0,2,0,1,3,0,1,0,0,0,0,0,2,0,0,0,0,0,2,0,0,4,0,1,1,2,0,0,0,0,0,0,0,1,0,4,0,0,2,0,0,2,0,0,0,1,2,0,1,2,0,0,0,0,1,2,2,0,0,0,0,0,0,0,0,0,0,0,1,0,0,0,0,2,0,0
193,11,0,3,0,5,1,2,1,0,0,0,5,0,1,1,2,1,0,0,2,1,3,2,1,0,1,0,1,1,0,0,0,0,0,0,1,1,0,0,0,0,1,0,0,1,5,0,0,1,3,0,1,0,0,0,0,0,1,0,3,0,2,2,0,0,0,0,0,0,0,2,1,1,2,1,1,0,0,3,2,3,0,0,0,1,0,0,1,0,0,0,3,0,0,0,0,0,1,0,0
194,3,1,2,1,0,8,5,7,12,12,3,7,5,1,0,4,11,0,2,0,5,1,3,9,1,0,0,1,0,1,1,0,2,1,0,0,2,9,2,1,0,5,3,10,1,6,0,2,1,1,0,2,0,1,1,1,2,1,2,3,3,0,2,0,3,0,2,5,0,0,0,1,3,0,8,1,2,1,0,2,5,2,5,0,1,0,0,2,1,3,0,1,3,1,0,0,0,2,0,2
195,1,2,0,3,4,0,4,1,1,0,0,2,1,0,1,9,1,0,0,0,2,0,2,1,0,0,2,1,5,0,0,0,0,1,0,0,0,0,0,0,0,0,0,0,0,2,0,0,1,1,0,0,0,0,0,1,0,1,0,2,0,1,2,1,0,1,1,0,0,0,1,0,1,1,0,1,0,0,1,0,2,0,0,0,0,0,0,1,0,1,0,0,0,0,0,0,0,0,0,0
196,7,3,0,1,0,4,1,5,7,1,1,2,2,1,2,2,1,3,9,0,1,3,0,1,3,1,4,0,0,11,0,4,13,3,0,1,1,0,0,1,1,1,7,0,1,0,1,2,0,0,1,1,1,0,1,1,5,1,1,0,0,0,0,0,5,0,2,0,1,0,1,0,1,1,2,0,1,0,1,1,1,0,1,3,2,2,2,2,0,2,3,0,1,1,0,3,3,0,0,0
197,1,1,4,4,10,0,1,1,2,2,2,1,7,1,9,9,1,1,0,1,1,0,2,2,0,0,0,5,0,0,0,0,0,0,4,9,3,0,0,0,0,0,0,0,0,3,0,1,0,1,0,1,0,1,3,1,0,3,0,2,0,1,0,0,1,0,0,1,1,0,1,0,2,1,1,0,0,0,0,2,3,0,0,0,0,0,0,0,1,0,0,0,0,4,0,1,0,0,1,0
198,0,2,0,1,1,3,9,6,10,2,6,2,0,4,0,1,0,0,3,4,2,1,3,4,8,2,1,0,0,3,1,3,6,2,10,0,2,0,4,1,0,5,0,0,0,0,0,5,0,1,3,1,1,1,0,1,0,2,0,0,3,0,2,8,0,3,0,1,0,0,0,2,1,0,13,0,0,1,0,0,0,2,0,0,1,0,0,4,3,1,1,0,0,0,1,0,0,0,0,4
199,3,1,2,0,0,1,0,1,2,1,0,3,0,0,3,1,1,0,0,1,1,0,2,0,0,2,0,2,0,1,2,0,0,0,0,2,1,0,0,1,1,0,0,0,1,0,0,0,0,1,0,1,0,0,0,1,2,2,0,1,0,1,0,0,1,0,0,1,0,0,0,0,1,0,0,0,0,1,0,0,0,1,0,0,0,0,0,0,0,0,0,0,0,0,0,0,0,0,1,0
200,7,1,0,4,1,0,1,1,0,0,1,2,4,3,1,10,1,0,0,1,0,2,1,2,0,1,0,1,1,0,0,0,0,0,0,0,0,0,0,0,0,0,0,0,0,2,0,0,1,1,0,1,0,0,0,0,0,0,0,2,0,1,0,0,0,2,0,0,0,0,1,0,1,1,0,0,0,0,3,0,2,0,0,0,0,0,0,1,0,0,0,0,1,0,0,0,1,0,0,0
201,1,0,0,3,3,0,2,1,2,2,1,2,3,1,2,7,1,1,0,0,1,3,2,1,0,0,0,1,7,1,0,0,0,0,2,0,2,0,0,0,0,0,2,0,0,2,0,0,4,1,0,0,0,0,0,1,0,1,0,2,0,3,4,0,0,0,1,0,0,0,2,0,1,2,0,4,1,0,1,0,2,0,0,0,0,0,0,0,1,0,1,1,0,0,0,0,0,0,1,0
202,0,1,0,6,0,0,11,2,9,8,2,7,0,4,4,1,0,0,1,0,1,14,3,2,2,0,2,0,0,2,0,0,0,1,1,0,14,16,1,1,0,6,1,0,0,0,0,2,0,2,0,1,22,0,1,3,0,2,0,1,0,3,7,0,0,1,2,1,5,2,0,0,1,0,3,1,0,4,0,0,0,1,0,1,3,0,0,1,0,9,0,3,2,0,6,0,0,5,0,0
203,1,0,3,0,0,3,0,3,3,0,0,2,2,0,0,1,1,1,0,1,1,0,0,0,0,2,1,0,0,0,0,0,1,3,1,2,1,0,0,0,1,1,0,0,1,0,0,2,0,1,0,0,0,1,0,1,0,3,0,1,0,3,0,0,1,0,0,1,0,0,0,0,1,0,0,0,0,0,0,2,0,0,0,0,0,0,0,0,0,0,0,0,0,0,0,0,0,1,0,0
204,8,2,1,2,0,5,1,4,3,0,3,1,3,1,5,2,1,1,11,0,2,3,1,0,3,4,5,3,0,11,0,4,10,1,0,2,2,0,0,1,2,1,7,1,2,0,9,1,0,0,4,1,1,2,1,1,2,4,1,0,4,0,0,1,5,0,2,1,1,7,0,1,1,0,2,0,2,0,0,1,0,0,0,2,2,1,2,3,0,0,2,0,0,1,0,3,3,0,0,0
205,2,7,7,3,3,2,3,2,1,2,2,1,2,2,0,4,1,1,0,9,0,1,1,2,0,1,0,2,0,0,0,0,1,0,0,2,2,0,1,3,0,0,0,0,2,4,0,2,0,1,0,1,0,0,1,1,0,2,0,2,0,1,0,0,1,0,0,0,0,0,1,0,2,1,1,0,1,0,0,2,4,0,2,0,0,0,0,2,0,1,1,0,0,0,0,0,0,0,0,0
206,1,0,3,19,0,1,1,1,5,6,9,1,5,1,2,1,4,1,0,0,2,1,1,0,0,1,1,7,0,0,2,0,0,2,13,6,1,5,1,0,1,0,3,8,1,1,0,2,0,1,0,1,0,2,6,4,1,2,0,0,0,2,2,1,0,0,0,14,2,1,0,1,2,0,3,0,1,1,0,3,0,0,0,0,0,0,1,1,5,6,5,2,0,0,2,0,1,5,2,0
207,9,4,4,5,4,3,2,4,0,2,2,0,0,5,2,2,1,3,1,2,0,4,1,1,1,0,2,4,3,0,0,2,0,0,0,4,0,0,0,0,1,0,0,1,0,2,0,1,3,2,1,0,3,0,1,0,1,1,3,2,3,0,0,0,0,0,0,1,2,0,2,1,1,2,2,0,0,0,4,0,2,0,0,1,2,0,0,0,1,1,0,0,0,2,0,0,0,0,0,0
208,7,1,16,1,8,0,6,2,2,1,4,1,0,1,4,0,3,3,0,0,2,1,0,0,0,0,1,0,0,0,3,1,0,0,0,9,2,0,13,0,0,1,0,0,0,0,0,2,2,0,1,0,3,0,1,1,1,1,0,0,0,0,0,2,3,0,1,1,3,3,1,1,2,1,0,0,2,1,0,0,0,0,0,0,0,15,2,0,1,1,1,0,1,0,1,0,1,0,1,0
209,7,1,0,2,0,4,2,5,5,1,1,1,1,1,2,2,1,1,9,2,1,2,1,1,3,3,5,1,0,12,0,4,12,3,0,1,1,0,0,1,1,1,7,0,1,0,1,1,0,0,1,1,1,0,2,1,5,2,1,0,1,0,1,1,5,0,2,0,1,3,0,1,1,0,1,0,0,0,0,1,1,0,1,3,2,1,2,3,0,1,2,0,1,2,0,3,3,0,0,0
210,8,3,1,2,0,6,3,3,3,1,3,2,1,1,3,2,1,1,12,0,4,3,0,0,4,3,6,2,0,11,0,5,11,1,0,2,2,0,0,1,3,0,5,1,1,0,1,1,0,0,5,1,1,2,0,1,3,4,1,0,2,0,0,1,6,0,2,2,1,6,1,1,1,1,1,0,1,1,0,2,0,0,2,2,1,2,2,3,0,1,2,0,0,2,0,3,3,0,0,0
211,6,14,5,8,4,5,2,1,0,0,2,4,2,1,6,2,1,0,0,2,0,4,4,1,0,0,0,1,2,0,0,0,0,0,1,0,1,0,0,0,0,0,1,0,0,2,2,1,1,2,0,1,0,0,0,0,0,0,0,5,0,2,1,0,0,2,0,0,0,0,1,0,1,1,0,3,0,0,2,0,2,0,0,0,0,0,0,0,1,0,1,0,0,1,3,1,0,0,0,0
212,5,3,0,0,0,6,1,4,4,0,2,4,2,1,2,1,2,3,10,0,1,2,0,1,3,1,5,0,0,10,0,4,12,3,0,0,1,0,0,1,1,0,5,0,1,0,1,1,0,1,1,1,1,0,1,1,5,4,1,0,2,0,0,0,4,0,2,0,2,1,0,1,1,0,1,0,1,0,0,1,1,0,0,3,1,1,2,4,0,0,2,0,1,1,0,3,3,0,0,0
213,1,4,0,4,8,0,2,1,4,0,0,1,4,1,1,4,1,1,0,1,0,1,4,2,3,0,1,1,0,0,0,0,0,1,0,0,5,0,0,0,0,0,0,0,1,3,0,0,0,1,0,1,0,0,0,1,0,3,0,2,0,1,0,0,1,0,0,0,0,0,1,0,2,1,0,0,0,1,0,0,3,0,0,0,1,0,0,0,0,3,0,0,0,0,2,0,0,0,0,0
214,7,4,0,0,0,5,1,3,3,0,1,1,0,0,2,1,1,3,9,1,1,2,0,2,3,0,5,0,0,10,0,3,11,3,0,0,1,0,0,1,1,0,4,0,1,0,0,1,0,2,1,1,0,1,1,1,5,2,1,0,0,0,0,0,5,0,2,0,2,0,1,1,1,1,3,0,0,0,0,1,1,0,0,3,2,1,2,3,0,1,3,0,1,2,0,3,4,0,0,1
215,8,6,3,14,1,1,1,1,2,0,1,5,6,2,3,1,1,1,0,1,0,6,3,3,0,2,0,1,6,0,0,0,0,2,0,0,0,1,0,1,0,1,0,0,0,2,1,0,1,1,0,1,0,0,0,0,0,0,0,3,0,0,0,0,0,0,0,0,1,0,1,1,1,1,2,1,2,0,2,0,2,0,0,0,0,0,0,0,0,1,0,0,0,0,1,0,1,0,0,0
216,0,8,3,0,0,6,8,5,7,7,4,7,0,1,1,1,0,3,3,7,3,1,2,5,6,1,1,2,0,1,7,3,2,0,6,4,0,0,2,9,2,4,0,1,0,1,0,0,0,1,4,1,0,3,1,2,0,3,2,0,2,0,2,0,0,2,1,1,2,1,0,1,1,0,4,2,3,0,0,1,0,0,0,2,0,0,0,1,3,0,4,2,3,0,0,1,0,0,0,10
217,11,1,0,3,4,1,4,4,0,0,0,0,1,0,0,0,2,1,1,0,1,0,1,2,2,0,4,1,2,0,0,4,0,0,1,0,0,0,0,0,0,0,0,0,0,2,0,0,1,1,3,0,1,1,0,0,0,0,1,2,1,0,0,0,0,1,0,0,0,0,1,1,1,1,0,0,0,0,3,0,2,0,0,0,0,0,0,0,0,0,0,0,0,0,0,1,0,0,0,0
218,8,2,2,1,0,3,13,2,6,0,4,2,1,4,5,0,0,7,9,0,2,2,2,0,6,1,13,0,0,0,0,6,0,1,0,3,1,0,6,2,0,4,1,0,0,0,0,0,0,1,6,0,0,0,1,1,2,1,3,0,3,0,0,0,2,0,0,0,0,1,0,4,0,0,0,0,1,0,0,0,0,0,0,0,1,24,0,1,2,1,6,1,1,5,0,1,3,0,0,0
219,4,3,0,3,0,0,3,6,1,0,2,0,0,4,2,0,1,1,3,0,0,0,1,2,1,0,3,1,0,1,0,3,0,0,0,0,0,0,0,0,0,0,0,1,0,2,0,0,1,1,4,1,1,0,1,0,0,0,0,2,3,0,0,2,0,0,0,0,1,0,1,1,1,1,0,0,2,0,1,0,2,0,0,0,1,2,0,0,0,0,0,0,0,2,1,0,1,0,0,0
220,7,4,0,1,0,6,3,3,4,1,1,2,1,3,3,2,1,3,12,0,2,3,0,0,5,3,5,1,0,11,0,4,10,4,0,1,1,0,0,2,5,2,5,1,1,0,1,1,0,2,4,1,0,2,1,1,3,6,2,1,1,0,0,1,5,0,2,0,1,7,0,1,0,0,1,0,1,0,0,2,0,0,0,2,2,1,2,3,0,1,3,0,2,2,1,4,3,0,0,0
221,23,2,0,3,3,1,0,3,0,0,3,0,2,2,0,0,2,1,1,0,0,0,1,1,1,3,1,1,2,0,0,3,0,0,0,0,0,0,0,0,0,0,2,0,0,2,1,0,1,1,3,0,0,0,0,0,0,1,1,2,0,0,0,1,0,4,0,0,0,0,2,0,1,2,0,0,0,0,0,1,2,0,0,0,1,2,1,0,0,1,0,0,1,1,2,0,0,0,0,0
222,1,2,2,1,6,1,0,4,0,0,4,0,0,0,0,3,4,2,1,1,0,0,0,0,0,0,0,0,0,0,0,0,0,0,0,0,0,0,0,0,0,1,0,0,1,0,0,0,0,0,0,2,0,1,0,0,1,1,0,0,1,0,0,0,0,0,0,0,0,0,1,1,0,1,0,0,1,0,0,0,0,0,0,0,1,0,0,0,0,0,3,0,1,0,0,1,3,0,0,0
223,1,0,0,2,6,0,10,9,1,2,1,1,1,0,0,1,1,0,0,0,2,4,4,2,4,0,0,2,6,1,0,0,0,0,4,0,2,1,0,0,0,0,0,0,1,8,0,0,2,2,0,0,2,0,0,0,1,1,0,2,0,0,0,0,0,2,0,0,0,0,1,0,1,1,0,1,0,2,1,0,2,4,0,1,0,0,0,0,2,0,0,1,1,0,1,0,1,0,1,0
224,7,3,1,1,0,5,1,3,3,1,3,1,2,2,2,2,1,3,10,0,2,3,0,0,3,3,4,1,0,10,0,4,11,3,0,1,2,0,0,1,5,0,5,1,1,0,1,1,0,2,1,1,0,3,0,2,3,2,0,0,0,0,1,0,5,0,2,1,1,7,0,0,0,0,1,0,1,0,0,1,0,1,0,1,2,1,2,3,0,0,2,1,2,3,0,4,3,0,0,0
225,3,0,1,2,4,0,2,1,4,0,0,0,4,0,1,4,1,0,0,1,0,2,3,1,5,0,0,1,1,0,0,0,0,0,0,0,1,0,0,0,0,0,0,0,0,3,0,0,2,2,0,1,0,0,1,5,0,1,0,3,0,1,0,1,0,0,0,0,0,0,1,0,1,1,0,1,0,0,2,0,3,0,0,0,0,0,0,0,0,0,0,0,0,0,2,0,0,0,0,0
226,1,1,0,0,7,4,9,1,4,4,1,7,1,0,2,1,4,0,0,1,1,0,2,2,4,1,1,1,3,0,1,0,0,1,1,0,1,0,0,2,2,1,0,3,0,2,0,2,1,1,0,1,1,1,3,1,0,1,4,2,2,0,0,2,2,0,0,0,1,0,1,0,1,1,1,0,1,0,0,1,2,0,0,1,0,0,0,0,1,0,0,1,2,0,0,0,0,3,2,0
227,5,2,0,7,5,3,3,5,3,3,3,7,1,1,0,4,5,1,4,1,4,3,4,2,3,1,7,1,0,0,7,8,0,3,4,0,2,1,1,4,13,0,3,0,1,5,3,3,1,1,2,1,0,4,1,1,0,8,2,7,4,1,0,0,2,0,0,1,0,0,1,3,1,1,0,0,1,0,0,1,5,4,0,0,0,2,0,0,2,0,0,0,0,0,1,1,0,0,0,0
228,1,1,0,0,7,4,9,1,4,4,1,7,1,0,2,1,4,0,0,1,1,0,2,2,4,1,1,1,3,0,1,0,0,1,1,0,1,0,0,2,2,1,0,3,0,2,0,2,1,1,0,1,1,1,3,1,0,1,4,2,2,0,0,2,2,0,0,0,1,0,1,0,1,1,1,0,1,0,0,1,2,0,0,1,0,0,0,0,1,0,0,1,2,0,0,0,0,3,2,0
229,1,0,3,1,2,0,5,4,0,2,0,0,0,3,0,0,1,0,4,0,0,0,0,0,4,0,1,0,4,0,0,0,3,1,1,2,1,0,1,0,0,0,0,0,0,0,0,2,1,0,0,5,0,0,0,0,0,0,0,0,0,0,0,2,0,0,1,0,1,0,2,2,0,2,1,0,0,1,0,0,0,0,0,0,0,0,2,0,1,1,0,0,2,0,0,0,2,0,1,0
230,2,3,1,4,3,2,7,5,1,1,1,0,0,3,0,0,0,1,6,0,0,1,0,1,1,0,0,0,0,0,0,0,3,2,1,0,1,0,2,0,0,1,2,0,0,0,0,1,0,1,0,1,0,1,0,1,0,0,2,0,1,1,0,0,0,0,1,0,1,0,2,3,0,1,3,0,0,0,0,0,0,0,0,0,0,2,0,4,0,2,1,0,1,0,0,1,0,0,2,0
231,11,16,14,0,0,2,5,3,2,1,3,1,3,1,0,1,1,0,0,11,0,0,1,5,0,8,0,1,0,0,0,0,0,1,0,0,1,0,1,1,0,1,1,0,0,7,0,0,1,1,0,5,0,0,0,1,2,1,0,2,0,1,0,0,0,0,0,0,0,1,0,0,1,0,1,0,1,0,0,0,7,0,0,0,0,0,0,0,0,0,0,1,0,1,1,0,0,1,0,0
232,11,16,14,0,0,2,5,3,2,1,3,1,3,1,0,1,1,0,0,11,0,0,1,5,0,8,0,1,0,0,0,0,0,1,0,0,1,0,1,1,0,1,1,0,0,7,0,0,1,1,0,5,0,0,0,1,2,1,0,2,0,1,0,0,0,0,0,0,0,1,0,0,1,0,1,0,1,0,0,0,7,0,0,0,0,0,0,0,0,0,0,1,0,1,0,0,0,1,0,0
233,5,5,3,7,3,1,3,3,1,0,4,0,0,2,0,3,0,2,0,3,1,1,0,0,0,1,1,0,1,0,0,1,1,0,5,0,0,0,0,0,0,0,0,0,0,0,1,0,0,0,1,0,1,0,0,0,0,1,0,0,5,0,1,0,0,0,0,0,2,0,1,3,0,1,0,0,1,0,1,1,0,0,0,0,1,0,1,0,1,0,0,0,0,0,1,0,0,0,0,0
234,23,1,0,1,1,1,3,1,0,1,1,0,2,2,0,2,1,0,0,0,0,0,0,0,2,3,1,1,0,0,0,3,1,1,0,0,0,0,0,0,0,0,2,0,0,0,0,0,0,0,3,0,0,0,0,0,0,0,0,0,0,0,0,2,0,3,0,0,1,0,1,1,0,1,0,0,0,1,1,0,0,0,0,0,0,0,2,0,0,2,0,0,0,0,0,0,0,0,0,0
235,15,0,9,1,2,2,0,2,8,8,2,13,11,2,10,1,1,0,0,0,3,1,4,20,14,0,1,4,0,8,6,0,3,4,1,6,3,2,2,0,0,2,2,3,3,13,0,2,4,2,0,0,2,2,2,2,0,3,6,2,2,0,2,3,0,2,1,4,0,0,0,0,1,0,1,2,0,2,0,2,14,0,4,0,1,0,0,3,0,3,1,0,0,0,1,3,1,2,0,0
236,0,2,1,1,0,4,1,4,3,0,4,1,1,2,2,1,1,3,12,0,1,2,1,0,3,3,5,0,0,9,0,1,9,3,0,0,0,0,0,1,4,0,4,0,1,0,1,2,0,2,1,1,1,1,1,1,2,2,1,0,0,0,0,0,6,0,2,0,1,7,0,0,0,0,1,0,0,0,0,1,0,0,0,3,2,1,2,3,0,0,2,0,1,1,0,4,3,0,0,0
237,22,21,49,2,10,0,1,3,2,7,6,9,6,6,7,2,1,1,0,11,0,1,4,3,0,3,0,10,5,1,5,0,0,0,1,9,1,0,2,8,0,2,0,0,0,9,0,7,1,5,0,2,0,3,2,3,0,8,0,4,1,3,2,0,0,1,1,5,1,0,1,1,1,1,4,1,1,1,10,3,9,0,11,1,0,0,0,0,0,4,0,0,3,5,0,0,0,1,0,2
238,4,5,1,6,4,4,5,3,1,0,2,0,1,0,1,5,3,4,0,1,0,0,2,1,0,1,0,1,1,1,1,0,1,1,2,0,0,0,0,0,0,0,0,2,0,3,1,0,1,1,0,0,0,0,0,0,0,0,0,2,1,0,0,0,0,0,0,0,0,0,1,1,1,1,0,0,0,1,3,2,4,0,0,0,0,0,0,0,0,1,0,1,1,0,1,0,0,0,0,1
239,1,1,0,10,0,1,1,2,2,1,2,5,1,1,1,7,0,1,0,2,0,0,1,0,0,0,0,1,0,1,3,0,1,6,2,2,0,0,1,0,0,0,0,0,0,1,2,0,0,0,0,0,0,1,1,3,0,3,0,0,0,0,0,1,1,0,0,3,0,0,0,0,0,0,0,0,0,1,0,0,1,0,0,0,0,0,0,0,1,1,0,1,0,1,0,0,0,1,1,5
240,11,0,0,1,3,0,3,4,1,0,0,1,3,0,0,4,0,1,0,0,2,5,0,0,2,1,1,1,0,0,1,1,0,0,3,0,1,0,0,0,1,2,0,0,0,0,0,0,0,1,1,0,2,0,0,1,0,2,0,1,0,0,0,2,1,1,1,0,0,0,1,0,0,1,0,0,2,0,0,0,0,0,0,0,0,0,0,0,1,0,0,0,3,0,1,0,0,0,0,0
241,17,0,1,4,5,0,10,10,2,2,1,5,1,7,4,0,5,3,2,0,2,2,5,2,6,2,2,1,0,0,0,8,2,1,3,0,1,0,1,1,1,3,4,2,1,14,1,1,3,1,8,2,4,1,0,2,1,3,2,3,4,0,0,0,2,0,1,1,0,2,1,0,1,1,1,0,1,1,1,5,14,0,0,1,0,0,1,5,2,1,0,0,2,1,2,1,0,0,0,0
242,2,2,4,1,7,8,3,4,8,2,0,3,0,0,1,4,1,4,0,1,3,1,3,1,4,0,1,3,6,0,3,0,0,4,3,2,1,1,0,3,1,0,2,1,1,3,0,4,2,1,0,0,0,4,0,2,1,4,0,2,1,0,0,0,0,0,1,1,0,0,1,0,1,1,0,0,0,0,1,1,3,0,0,0,1,0,0,0,1,0,2,1,2,0,0,0,0,2,0,0
243,6,2,0,0,0,6,1,4,3,0,2,0,0,1,2,1,1,3,13,0,1,2,1,0,3,0,5,1,0,11,0,2,9,2,0,0,0,0,1,1,2,2,4,0,1,0,0,2,0,2,0,1,1,1,1,1,4,3,2,0,0,0,0,0,6,0,2,0,1,2,0,0,0,0,2,0,0,0,0,0,0,0,1,4,2,1,2,4,0,0,2,0,2,1,0,3,3,0,0,0
244,0,8,10,0,0,1,1,2,2,1,0,0,0,0,0,1,1,2,0,5,0,0,1,3,0,2,0,1,6,0,0,0,0,0,0,0,0,0,0,2,0,1,0,0,0,3,0,0,2,3,0,1,0,0,0,0,0,2,0,2,0,0,0,0,0,0,0,0,0,0,1,0,1,1,0,0,0,0,2,0,3,0,0,0,0,0,0,0,0,0,0,0,0,0,0,0,2,0,0,0
245,6,1,2,2,2,3,1,3,2,9,3,6,5,4,5,1,4,3,0,1,4,1,2,7,0,1,0,4,0,0,3,0,1,6,4,2,3,9,1,1,0,0,0,1,0,6,2,2,3,1,0,1,0,1,3,3,1,2,1,2,0,2,3,0,0,0,2,5,2,1,0,1,2,0,1,0,2,1,0,2,5,0,3,1,1,0,0,0,2,0,1,0,1,1,0,0,0,6,0,2
246,3,0,14,1,8,0,2,2,1,7,4,1,7,0,0,1,1,0,0,2,0,0,4,1,0,0,0,3,5,0,2,0,0,0,1,2,1,0,1,0,2,0,0,0,0,3,0,5,1,2,0,0,1,0,0,1,0,0,0,2,0,0,1,0,0,0,0,4,1,0,1,1,1,1,2,1,1,0,0,0,3,1,4,0,1,1,0,0,0,0,0,1,1,0,0,0,0,0,0,0
247,0,0,0,5,1,0,0,1,1,0,0,2,0,0,0,8,0,0,0,0,0,0,1,0,0,0,0,0,0,0,0,0,0,0,0,0,0,0,0,0,0,0,0,0,0,0,0,0,2,0,0,0,0,0,0,0,0,0,0,0,0,0,0,0,1,0,0,0,0,0,2,0,0,1,0,4,0,0,1,0,0,0,0,0,0,0,0,0,0,0,0,1,0,0,0,0,0,0,0,0
248,5,7,3,2,1,0,6,5,0,0,5,0,0,8,3,0,1,1,0,4,0,0,2,0,2,1,2,0,13,1,0,3,2,0,0,0,0,0,0,0,0,0,0,0,0,0,0,0,0,0,1,2,5,0,0,0,0,0,0,0,4,0,0,1,0,2,0,0,2,0,1,5,0,1,0,0,0,1,2,1,0,0,0,0,0,0,0,0,0,0,0,0,0,1,0,1,0,0,0,0
249,1,4,3,1,3,1,0,1,2,0,2,3,0,0,2,1,1,2,0,1,1,1,0,0,0,0,0,2,0,0,0,0,0,1,0,0,0,0,0,0,1,1,0,1,1,0,0,2,1,0,0,0,0,0,0,1,1,1,0,0,0,0,1,0,0,0,0,1,0,0,1,1,0,1,1,1,1,0,2,2,0,0,0,0,0,1,1,1,0,0,0,0,1,0,1,0,0,2,0,0
250,12,2,1,2,3,1,2,2,2,1,3,0,3,4,2,0,1,2,1,0,3,2,1,1,2,4,2,0,1,0,0,3,0,1,0,0,0,0,0,0,1,1,0,0,0,0,1,0,1,1,2,4,1,0,0,0,0,0,0,0,1,0,0,3,0,1,0,0,1,0,1,1,0,1,0,0,2,0,5,0,0,0,0,0,1,1,0,0,1,0,0,0,0,0,0,0,0,0,1,0
251,5,1,0,1,11,2,4,2,3,1,5,6,0,2,0,5,2,1,0,1,2,1,2,2,0,3,0,1,1,0,1,0,0,4,0,0,0,1,0,0,1,1,0,1,1,4,0,0,2,1,0,0,0,0,0,1,1,1,0,3,1,1,0,0,2,1,0,0,3,3,4,0,1,3,2,0,0,1,2,2,4,0,0,0,1,2,0,0,1,1,0,0,1,0,0,0,0,0,0,0
252,6,2,2,0,0,6,2,4,3,3,7,1,3,2,4,1,1,3,14,14,2,2,6,0,5,0,5,2,0,9,0,3,7,3,0,0,2,0,1,1,3,5,5,0,2,0,0,2,0,2,1,1,1,9,1,2,1,4,1,0,1,0,1,1,6,0,2,3,1,5,0,0,1,0,1,2,1,0,0,4,0,0,2,5,2,1,2,3,0,1,3,0,2,1,1,4,4,0,0,0
253,5,1,0,2,3,0,1,1,0,1,0,2,0,1,2,1,1,0,0,1,0,4,1,3,0,0,0,1,2,0,0,0,0,2,0,0,0,0,0,0,0,3,0,0,0,3,1,0,2,1,0,0,0,0,0,1,0,0,0,2,0,3,0,2,0,0,0,0,0,0,1,0,1,1,0,0,0,0,2,0,3,0,0,0,0,0,1,0,0,0,0,0,0,0,2,0,0,0,0,0
254,7,3,1,1,3,0,3,1,1,0,3,1,2,1,4,1,0,2,2,0,1,1,0,0,7,1,2,1,2,0,0,2,2,0,0,0,0,0,0,0,0,1,0,0,1,0,0,1,0,1,2,4,0,1,0,0,0,1,1,0,3,0,0,0,0,1,0,0,0,0,2,1,0,2,0,0,3,1,4,0,0,0,0,0,0,2,0,0,0,0,0,0,0,1,0,0,0,0,0,0
255,1,5,2,1,2,1,1,2,1,2,1,1,1,0,2,3,1,2,0,3,0,1,1,1,0,0,0,1,2,0,0,1,0,0,0,0,2,0,0,0,1,0,0,1,2,3,0,0,3,1,1,0,0,0,0,0,1,0,0,2,1,0,0,1,0,1,0,0,0,0,1,0,1,1,0,0,0,0,0,0,3,0,0,0,2,0,0,0,0,0,0,0,0,0,1,0,0,0,0,0
256,11,0,0,1,4,0,1,2,0,1,2,0,2,1,0,0,5,0,0,0,0,0,0,0,1,2,0,0,0,0,1,2,0,2,2,0,0,0,0,0,1,1,0,0,0,0,0,1,1,0,0,0,0,2,1,0,0,1,0,1,0,0,0,0,0,0,0,1,0,0,1,0,0,1,0,0,1,0,1,1,0,1,0,0,1,0,0,0,0,0,0,0,0,0,0,0,0,0,0,0
257,6,3,0,1,0,5,2,5,4,0,3,0,2,0,2,1,1,3,14,6,3,4,2,0,3,1,5,2,0,10,0,3,8,3,0,0,1,0,0,1,3,4,5,0,1,0,0,3,0,3,1,1,1,2,3,3,4,1,1,0,0,0,0,1,5,0,2,2,1,1,0,1,1,0,2,0,1,0,0,2,0,0,1,5,3,1,4,3,0,1,3,0,1,2,0,4,3,0,0,0
258,16,23,61,2,16,1,3,1,1,16,14,3,14,7,15,3,1,0,0,18,3,0,7,5,3,5,0,22,7,0,1,0,3,2,5,19,5,0,2,14,0,2,0,0,1,11,0,15,2,3,0,0,0,11,13,10,0,10,4,3,2,1,9,4,0,1,3,22,3,0,1,4,1,1,5,4,3,1,1,10,11,0,30,0,0,0,1,0,2,4,1,4,7,2,1,1,0,7,2,2
259,6,3,6,1,1,6,12,9,3,7,2,1,0,9,2,0,0,9,9,1,0,10,1,2,2,0,2,1,0,2,1,3,7,1,0,1,2,8,4,2,0,2,0,0,1,0,3,1,1,1,4,3,7,1,1,3,3,2,0,1,0,8,0,0,2,1,0,1,0,0,0,0,4,0,0,0,0,0,0,0,0,0,0,0,1,1,0,0,0,1,1,1,0,0,1,0,0,0,5,5
260,1,2,4,3,5,0,2,1,2,1,2,0,3,0,5,7,1,1,0,1,1,0,3,1,0,0,0,5,2,0,0,0,0,0,3,2,2,0,0,0,1,1,0,0,0,3,0,1,1,2,0,0,0,1,5,2,0,4,0,2,0,1,3,0,0,1,1,2,1,0,1,1,1,1,0,0,0,0,1,0,3,0,1,0,0,0,1,0,0,0,0,0,0,1,0,1,0,1,1,0
261,2,8,3,2,5,5,0,3,2,0,1,1,0,1,0,4,2,2,0,1,1,3,0,0,0,0,0,0,0,0,0,0,1,0,0,0,2,0,0,0,1,2,0,1,0,0,0,0,1,0,0,1,3,0,0,1,2,1,0,0,0,2,1,1,2,0,0,0,0,4,1,1,2,1,0,0,0,0,0,1,1,0,0,0,0,0,1,0,0,0,0,0,0,0,0,0,0,0,0,0
262,3,7,14,1,0,5,1,4,2,9,2,12,1,2,0,1,4,2,0,2,4,3,2,10,0,0,1,2,0,1,1,0,1,1,1,1,2,6,4,1,0,0,0,3,2,4,0,1,3,3,0,0,0,1,0,2,1,1,5,2,2,0,3,0,0,2,2,0,2,0,0,0,2,0,1,1,1,3,0,1,4,0,0,0,1,0,1,1,1,1,0,1,1,1,0,0,1,3,0,1
263,3,3,6,0,0,3,1,2,3,6,2,12,0,1,3,1,4,1,0,0,1,2,1,4,1,2,0,3,0,4,0,0,0,2,7,3,1,5,4,0,1,2,1,3,1,1,0,2,2,0,0,2,1,3,3,2,0,1,0,0,0,1,0,4,0,0,2,0,0,0,0,0,2,0,0,1,1,4,0,3,1,1,3,0,0,0,0,3,0,2,1,3,2,1,3,0,1,7,0,6
264,4,0,2,1,5,0,1,1,0,1,0,1,0,1,0,2,1,0,0,0,1,0,1,3,0,0,0,1,3,0,0,0,0,0,0,0,1,0,0,0,0,1,0,0,0,3,0,1,1,1,0,0,0,0,0,1,0,0,2,2,0,0,0,0,0,0,0,1,0,0,1,0,1,1,0,0,0,0,1,0,3,0,0,0,0,0,0,0,0,0,0,0,1,0,0,0,0,0,0,0
265,6,1,2,1,0,1,8,1,5,1,7,0,1,2,3,0,0,4,13,0,1,2,0,0,7,2,16,0,0,1,0,7,2,2,0,2,1,0,9,3,0,2,5,0,0,0,1,0,0,1,1,3,0,0,3,1,1,1,2,0,7,1,0,0,3,0,0,0,0,1,1,3,1,1,0,0,1,1,0,0,0,0,0,0,1,19,0,0,3,1,8,0,0,1,0,4,4,0,0,0
266,1,3,0,0,5,0,0,3,1,1,1,1,0,1,2,3,3,2,1,2,2,0,3,2,2,0,0,2,1,0,0,0,0,0,1,1,0,0,0,4,0,1,0,0,0,6,0,0,2,3,0,0,0,0,0,0,0,1,0,2,0,0,0,1,0,0,0,0,0,0,1,0,1,1,0,1,0,0,2,0,3,0,1,0,0,0,0,0,0,0,1,0,0,1,0,0,0,0,0,0
267,1,1,6,0,4,2,0,1,0,0,1,1,0,0,0,2,2,0,0,1,4,0,1,2,2,0,0,4,3,0,1,0,0,0,0,4,0,0,0,1,2,2,0,0,1,3,0,0,1,1,0,0,0,0,0,0,2,0,0,2,0,0,0,1,0,0,0,0,1,0,1,0,1,1,0,0,0,0,0,0,3,0,4,0,0,0,0,0,0,0,2,0,0,0,0,0,0,0,0,0
268,2,1,1,0,0,1,0,1,1,1,2,3,0,3,0,1,1,0,0,1,1,0,0,1,0,4,0,2,0,0,1,0,0,1,3,1,2,0,0,1,1,3,0,0,0,0,0,1,0,1,0,0,0,2,0,2,0,3,0,1,1,2,0,0,1,0,0,1,0,0,0,0,1,0,0,0,1,0,0,0,0,0,0,0,0,0,0,0,1,0,0,0,0,0,1,0,0,1,1,1
269,8,3,0,21,0,0,0,1,6,3,5,2,14,3,0,1,3,0,0,0,0,2,5,8,0,6,0,1,1,0,0,0,0,2,0,0,7,7,2,0,1,0,2,1,1,7,1,1,7,2,0,0,0,0,1,1,0,1,0,3,0,1,0,0,0,2,0,0,0,0,0,0,4,0,1,2,1,5,1,0,7,0,0,0,3,0,0,0,0,1,0,3,3,0,11,0,1,1,1,4
270,9,2,1,1,1,0,5,2,2,1,6,0,2,1,2,1,0,4,0,0,3,1,1,0,2,1,2,0,0,0,1,1,0,1,1,0,0,0,0,1,0,1,0,1,0,1,0,0,0,1,1,1,2,1,0,0,0,0,1,0,2,0,0,2,0,2,0,0,0,0,2,1,0,2,0,0,1,0,3,0,0,0,0,2,0,0,0,0,0,2,0,0,0,0,0,0,1,0,0,0
271,3,0,0,10,5,0,2,1,2,2,2,3,12,5,1,1,1,1,0,0,0,0,2,1,0,2,0,1,2,0,0,0,0,0,0,0,5,0,0,0,0,1,0,0,1,3,0,1,1,1,0,0,0,1,0,0,0,1,0,2,0,4,2,0,0,1,0,0,0,0,1,0,1,1,0,2,0,0,2,0,3,0,0,0,1,0,0,0,2,2,0,0,0,0,2,0,0,0,0,0
272,3,1,1,0,0,1,0,1,3,2,0,2,0,0,0,1,1,0,0,0,1,0,0,0,0,0,0,1,0,1,1,0,0,1,0,1,2,0,0,0,1,0,0,0,1,0,0,1,0,0,0,0,0,2,0,1,1,4,0,1,1,0,0,0,1,0,0,0,0,0,0,0,1,0,1,0,0,0,0,0,0,2,0,1,0,0,0,0,0,0,0,1,0,0,0,1,1,1,0,0
273,1,2,6,0,2,1,1,1,1,1,0,0,0,0,1,2,4,1,0,1,2,0,3,1,0,1,0,3,2,0,0,0,0,0,1,2,1,0,0,0,0,0,0,0,0,3,0,1,1,1,0,0,0,1,0,1,0,1,0,2,1,1,1,1,0,0,0,1,1,0,1,0,1,1,0,1,0,0,1,0,3,0,1,0,0,0,0,0,0,0,0,0,1,0,0,0,0,1,0,0
274,23,2,2,3,4,0,5,3,0,0,2,0,1,5,1,0,1,4,1,2,1,0,0,0,1,4,4,0,5,0,0,3,0,0,1,0,0,0,0,0,0,0,0,0,0,0,0,0,0,1,2,0,0,0,0,0,0,0,0,0,1,0,0,0,0,3,0,0,0,1,2,0,0,2,1,0,0,0,2,0,0,0,0,0,0,0,2,0,0,0,0,0,0,1,0,1,0,0,0,0
275,2,4,3,0,3,2,1,1,3,1,1,1,0,1,1,3,4,1,0,2,0,0,1,2,0,0,0,2,1,0,2,0,0,0,0,1,0,0,0,1,1,0,0,0,0,3,0,0,2,1,0,0,0,0,0,1,1,0,0,2,0,0,1,0,0,0,0,0,0,0,1,0,1,1,0,0,0,1,1,0,3,0,0,0,0,0,1,1,0,0,0,0,0,1,0,0,0,0,0,0
276,2,6,2,12,9,3,2,2,4,1,0,2,9,0,4,2,6,0,0,1,4,2,4,3,0,3,2,3,0,0,4,0,1,0,2,1,3,0,0,2,1,0,1,6,6,5,1,1,2,1,0,1,1,1,5,1,1,3,0,3,0,1,2,1,1,1,0,1,0,0,1,1,2,1,0,2,1,1,0,1,3,1,0,0,0,0,0,0,0,0,0,0,0,0,5,0,2,1,0,0
277,1,0,1,4,7,1,5,4,2,3,3,1,1,3,0,1,3,1,3,0,0,3,3,0,0,0,7,0,0,0,1,5,0,2,1,0,2,0,1,0,0,0,0,0,6,1,0,1,1,0,3,3,6,4,2,2,0,1,1,0,1,2,1,0,2,1,0,0,2,1,1,0,2,1,0,0,0,2,0,1,0,0,0,2,2,2,0,0,0,0,0,0,1,0,0,0,0,1,0,0
278,4,5,10,1,1,3,2,2,2,6,2,9,5,2,3,1,4,1,0,2,1,7,3,4,0,3,0,6,1,1,3,0,1,3,0,3,4,3,6,1,1,0,0,4,0,7,0,1,5,3,0,2,2,0,1,1,2,1,1,6,0,1,0,1,0,2,1,0,2,0,1,0,2,1,1,0,0,3,0,2,7,0,3,2,2,0,0,0,0,1,2,1,3,2,1,0,1,4,0,12
279,2,8,2,13,9,5,2,2,3,2,1,3,9,0,4,1,4,0,0,1,4,2,4,2,0,3,2,3,3,0,5,0,1,0,2,1,2,0,0,3,1,0,1,6,6,5,1,1,4,1,0,1,1,1,6,0,0,2,0,3,0,2,2,1,0,1,0,1,1,0,1,1,1,1,0,2,1,1,4,1,3,1,0,0,0,0,0,0,0,0,0,0,0,0,6,0,2,1,0,0
280,1,3,1,14,1,1,14,1,6,5,3,5,6,11,5,13,0,1,0,0,2,8,5,6,10,1,0,0,0,2,0,0,0,2,4,0,2,13,3,0,6,1,1,0,2,0,1,1,0,2,0,1,8,1,0,3,0,1,0,1,0,23,1,2,0,1,0,1,2,0,0,0,1,0,1,0,0,0,1,0,0,0,0,0,2,0,0,2,1,3,1,2,5,0,0,1,1,1,9,1
281,6,2,2,2,0,5,2,4,4,1,3,1,2,2,2,1,1,3,10,0,2,2,3,0,5,2,5,1,0,7,0,3,8,4,1,0,2,0,0,1,1,0,4,0,1,0,0,2,0,2,3,1,0,2,4,1,4,3,1,0,1,0,0,1,5,0,2,3,1,0,0,0,1,0,1,0,1,0,0,1,0,0,3,5,2,1,2,3,0,1,2,0,2,2,0,3,3,0,0,0
282,1,0,0,5,3,0,3,1,2,0,0,1,2,0,1,3,1,0,0,1,0,1,1,2,0,0,0,1,1,0,0,0,0,0,0,0,0,0,0,0,0,0,0,0,0,3,0,1,1,1,0,0,0,1,0,0,0,0,0,2,0,2,0,0,0,0,0,0,0,0,1,0,1,1,0,0,0,0,1,0,3,0,0,0,0,0,0,0,1,0,0,0,0,0,1,0,0,1,1,0
283,0,2,0,2,4,0,3,3,0,2,2,0,0,5,1,1,1,3,1,1,0,5,1,1,0,0,0,1,5,0,0,0,0,0,0,0,0,0,4,0,0,0,0,0,1,3,1,0,1,1,0,0,4,0,0,0,2,1,0,2,0,0,0,0,0,0,0,0,1,0,1,0,1,1,0,1,0,0,2,0,3,0,0,1,0,2,0,0,2,0,0,0,0,1,0,0,0,1,0,0
284,5,1,0,2,3,0,1,1,3,0,0,5,3,1,1,1,1,0,0,1,0,0,1,1,0,1,0,1,4,0,0,0,0,0,0,0,0,0,1,0,0,0,0,0,0,3,9,0,1,1,0,1,2,0,1,0,0,1,0,2,0,0,1,0,0,1,0,0,0,1,1,0,1,1,0,0,2,0,2,0,3,0,0,0,0,1,0,0,0,0,0,0,0,0,0,0,0,0,1,0
285,6,0,1,3,0,0,1,5,10,1,0,3,1,2,3,1,0,0,3,0,0,22,3,12,7,1,0,3,0,0,1,0,0,1,0,1,0,7,0,0,0,1,0,0,0,0,1,0,0,0,0,0,4,0,0,3,2,1,1,1,0,9,2,0,0,1,5,0,2,0,0,0,1,0,0,1,0,1,1,0,0,0,1,0,1,0,0,0,0,0,0,0,0,3,0,0,0,1,5,0
286,1,10,4,0,0,5,1,2,3,6,2,5,0,1,0,1,5,0,0,7,4,1,1,12,0,1,1,5,0,2,7,0,0,2,3,2,2,8,2,7,0,1,1,5,0,3,0,5,2,2,0,2,0,1,1,2,0,1,0,5,2,1,0,0,0,1,6,3,2,0,0,1,3,0,1,1,2,1,0,1,3,0,1,1,0,0,2,2,4,0,0,0,0,0,0,0,0,0,0,12
287,3,2,4,18,4,0,5,1,7,14,6,2,13,2,6,2,1,0,0,2,3,5,3,2,0,1,1,8,0,1,5,0,1,0,2,6,2,2,5,1,2,0,0,3,3,3,18,4,1,1,0,0,0,2,2,2,0,4,0,4,0,3,7,0,0,0,4,9,1,0,0,0,3,0,0,2,3,0,0,2,2,0,2,0,0,1,0,1,3,0,0,2,0,0,4,0,1,2,4,1
288,6,3,0,0,0,6,1,5,2,1,3,3,2,0,2,1,1,4,9,2,2,2,1,1,3,0,5,2,0,8,0,4,8,3,0,0,2,0,0,1,1,0,4,0,2,0,0,2,0,2,1,1,0,0,6,3,5,6,1,0,0,0,0,1,6,0,2,2,2,0,0,0,1,0,1,0,4,0,0,1,0,0,3,4,2,1,2,4,0,0,2,0,1,2,0,3,4,0,0,0
289,4,1,0,1,2,2,4,2,0,0,4,0,0,1,2,1,0,2,4,0,0,1,1,0,6,0,2,1,4,0,0,6,1,1,0,0,0,0,0,0,0,0,0,1,0,0,0,0,0,0,1,0,1,0,2,0,0,0,2,0,4,0,0,0,0,0,0,0,1,0,1,3,2,1,0,0,0,0,2,0,0,0,0,0,0,0,1,0,0,0,0,0,0,2,0,0,0,0,0,0
290,7,4,1,4,0,8,1,5,2,1,3,0,1,2,2,3,2,3,9,0,2,3,2,0,3,2,7,1,0,9,1,3,6,3,1,1,3,0,0,1,2,0,4,3,1,0,0,2,0,2,3,1,0,3,1,2,3,3,1,0,3,0,0,0,5,0,4,1,2,4,0,2,1,0,1,1,5,0,0,1,2,0,0,4,2,1,2,3,0,0,2,0,1,2,0,3,4,0,0,0
291,9,1,10,0,1,1,1,1,5,8,2,4,8,3,0,1,3,0,0,0,5,1,5,3,0,1,0,7,0,0,2,0,0,2,2,6,2,7,1,0,0,1,0,1,1,5,1,3,4,2,0,0,0,1,2,1,1,1,0,2,4,2,7,0,1,2,3,2,1,2,0,1,4,0,2,1,0,1,0,3,5,0,3,0,2,0,0,0,2,2,0,0,1,0,0,0,0,4,2,1
292,5,4,1,23,1,5,2,9,2,7,1,12,6,1,1,1,4,6,0,0,5,1,5,2,0,4,2,3,0,1,6,0,3,10,2,2,3,10,7,0,5,3,5,8,1,8,13,4,2,2,0,2,9,1,0,2,3,2,0,2,1,5,2,0,0,1,3,4,1,1,0,1,3,0,1,0,1,2,0,0,6,0,0,2,1,1,0,4,3,1,1,5,4,0,2,0,0,1,3,0
293,2,1,1,5,4,0,1,1,4,5,0,1,2,1,3,14,1,0,0,0,1,0,4,1,0,0,0,1,3,0,0,0,0,0,3,0,0,0,2,0,0,0,0,0,0,3,0,0,2,1,0,0,0,0,0,1,0,0,0,2,0,0,4,0,0,1,2,0,0,0,1,0,1,1,0,0,0,0,1,0,3,0,0,0,0,1,0,0,0,2,0,0,0,0,0,2,0,0,0,0
294,9,7,0,0,0,19,0,8,6,3,2,2,1,2,0,1,5,0,0,0,4,0,1,9,3,1,0,2,0,0,10,0,1,2,3,1,0,9,1,3,1,1,0,2,1,2,0,3,4,0,0,0,2,1,0,1,1,1,25,1,2,2,1,0,0,0,4,3,2,0,0,0,1,0,2,0,2,1,0,1,3,0,1,4,0,0,2,1,1,0,1,2,2,0,0,1,0,2,0,0
295,5,0,0,1,6,6,5,2,1,0,0,1,0,1,0,1,0,1,0,0,0,0,0,0,2,0,3,0,0,0,0,0,0,1,0,1,0,0,1,0,5,0,0,0,0,1,0,0,2,0,0,0,3,0,1,0,1,1,3,0,0,0,0,1,0,0,0,0,1,0,1,0,0,1,1,0,2,0,1,0,1,0,0,0,0,0,0,0,2,0,0,0,1,0,0,0,0,0,0,0
296,26,2,0,3,4,1,3,2,0,0,2,0,2,1,0,0,1,1,3,0,1,0,0,0,3,4,4,0,2,1,0,4,0,0,0,0,1,0,0,0,0,0,1,0,0,0,0,0,0,0,4,0,1,2,0,0,0,0,0,0,2,0,0,0,0,3,0,0,0,0,2,1,1,2,0,0,0,0,0,0,0,0,0,0,0,1,1,0,0,1,1,0,0,0,0,0,0,0,0,0
297,7,1,3,1,0,4,13,1,2,2,7,2,1,2,1,0,0,2,12,0,3,2,3,0,6,1,11,0,0,5,0,6,0,1,0,2,2,0,5,2,0,0,7,0,0,0,0,0,0,0,1,3,0,2,2,1,1,1,4,0,3,0,0,0,2,0,0,0,0,1,0,0,2,0,1,1,6,2,0,0,0,0,0,0,1,14,0,0,4,1,6,3,1,4,0,2,4,0,0,0
298,5,0,2,1,3,0,1,1,2,1,0,4,2,4,2,1,1,0,0,1,2,0,1,1,0,1,0,1,3,0,0,0,0,0,0,0,0,0,0,0,0,0,0,0,0,2,0,0,2,1,0,1,0,1,0,0,0,1,0,2,0,0,0,1,0,0,0,0,1,0,1,0,1,1,0,0,0,0,2,0,3,0,0,0,0,0,0,0,0,0,0,0,0,0,0,0,0,1,0,0
299,1,0,0,3,5,2,1,1,1,4,2,0,0,3,0,3,1,0,0,0,2,0,2,1,0,0,0,1,1,0,0,0,0,0,2,0,1,0,1,1,1,0,0,0,1,3,0,0,1,1,0,0,0,0,0,0,0,2,2,3,0,0,0,0,0,0,3,2,0,0,1,0,1,1,0,0,2,0,2,0,4,0,0,0,0,0,0,0,1,0,0,0,1,0,1,0,0,0,0,0
300,2,4,1,0,0,3,0,4,2,2,1,6,1,1,2,2,2,1,0,2,0,0,1,3,0,1,0,1,0,0,1,0,0,0,0,0,1,0,2,0,1,0,0,0,1,3,0,0,2,2,0,2,1,0,0,1,0,2,3,2,1,0,0,0,0,0,1,0,0,0,0,0,2,0,1,0,1,0,0,1,3,0,0,0,0,0,0,1,0,1,0,0,0,0,0,0,0,1,0,0
301,1,2,1,1,2,6,0,3,0,1,0,2,1,0,0,2,6,0,0,1,0,1,2,1,1,1,0,1,2,0,2,0,1,0,0,0,0,0,1,0,1,0,1,2,1,3,0,0,5,1,0,0,0,2,0,0,0,0,0,3,2,0,0,0,0,0,0,0,0,1,1,0,1,1,1,0,0,0,5,0,4,0,0,0,1,1,0,2,0,2,1,0,0,0,0,1,0,0,0,0
302,21,1,2,2,5,0,4,2,0,0,4,0,4,2,1,0,1,2,1,0,1,0,1,0,3,2,2,1,0,0,1,3,1,0,0,1,1,0,1,0,0,1,2,0,0,0,0,0,0,1,3,0,1,0,0,0,0,0,0,0,1,1,0,0,0,3,0,0,0,0,2,1,0,2,0,0,0,1,1,1,0,0,0,0,0,0,1,0,1,1,0,0,0,0,2,1,0,0,0,0
303,3,0,2,5,1,0,3,1,1,3,4,1,2,3,1,6,1,0,0,0,0,4,4,2,2,1,0,1,0,0,0,0,0,0,0,0,2,0,1,0,0,0,0,0,0,5,0,0,0,1,0,0,0,0,0,1,0,1,0,2,0,0,0,0,1,1,2,0,0,0,1,0,3,1,0,0,0,0,0,0,5,0,0,0,0,0,0,0,1,0,0,1,0,0,2,0,0,0,1,0
304,10,0,0,2,5,0,5,3,0,0,1,0,1,1,0,0,1,0,0,0,3,0,0,0,4,3,3,1,1,0,3,2,0,0,0,0,0,0,0,0,0,0,1,0,0,0,0,0,0,0,2,1,0,0,0,0,0,0,0,0,1,1,1,0,0,1,0,0,1,0,1,1,0,1,0,0,0,1,1,0,0,0,0,0,0,0,0,0,0,0,0,0,0,0,0,1,0,0,0,0
305,2,2,7,1,1,3,0,5,6,6,0,8,5,1,1,1,2,0,0,2,4,1,3,8,3,0,1,8,0,2,3,0,0,0,1,6,1,14,2,0,3,3,0,8,1,0,0,2,0,0,0,1,0,2,2,1,1,3,1,1,0,2,2,0,0,1,2,4,3,1,0,0,3,0,5,0,1,0,0,1,0,0,0,3,0,0,0,2,0,0,0,1,0,0,0,0,2,7,0,0
306,13,17,1,16,3,4,0,1,8,4,15,13,9,6,5,3,0,0,0,0,0,14,7,3,1,8,0,0,0,0,0,0,5,10,0,0,2,7,0,8,0,1,1,0,6,1,19,0,0,2,0,0,2,0,1,1,1,0,0,1,0,2,3,0,2,0,1,0,4,2,0,0,3,0,1,2,0,1,0,1,0,0,0,1,2,0,0,2,1,2,0,6,1,0,5,0,0,1,5,1
307,25,5,2,2,5,0,2,1,0,0,7,0,4,2,3,1,1,4,5,2,1,0,1,0,2,1,4,1,3,2,0,4,1,0,0,0,0,0,0,0,0,0,2,0,1,0,0,0,1,2,3,2,1,1,0,0,0,0,0,0,1,0,0,0,0,3,0,0,0,1,1,1,0,1,0,0,0,1,0,0,0,0,0,0,0,1,2,0,1,1,0,0,0,1,1,2,1,0,0,0
308,2,0,1,1,5,1,1,2,1,0,2,0,1,0,1,3,4,0,0,1,1,1,2,2,1,0,0,3,2,1,0,0,0,0,1,2,1,0,0,1,1,0,0,0,1,3,0,1,3,1,0,0,0,0,2,1,1,2,0,3,0,0,0,0,0,0,1,5,0,0,1,1,1,1,0,0,2,0,1,1,3,0,0,0,0,0,0,0,0,0,1,0,0,0,0,0,0,0,0,0
309,7,2,0,1,0,3,11,1,7,0,4,2,1,3,7,0,0,4,8,0,1,2,0,0,6,0,12,0,0,4,0,0,2,1,1,2,1,0,5,3,0,0,4,0,0,0,0,0,0,1,0,0,1,1,1,1,1,3,5,2,6,1,0,0,3,0,0,0,0,1,0,2,1,0,1,0,1,0,0,0,0,0,0,0,1,23,0,0,4,1,5,0,1,5,0,2,2,0,0,0
310,4,4,1,1,1,5,5,3,3,3,2,2,1,0,1,1,2,1,0,1,1,1,3,5,0,0,0,1,0,1,4,0,0,0,0,0,3,0,1,0,1,0,0,2,0,3,0,0,3,1,0,2,0,0,0,2,1,5,0,2,1,1,0,1,1,1,2,2,1,0,1,0,2,1,0,0,0,1,0,0,3,0,0,0,2,0,0,0,0,0,0,1,1,1,0,0,0,1,1,0
311,11,3,1,2,3,4,3,2,0,1,4,3,1,3,2,0,0,1,1,0,0,0,1,1,0,1,4,0,5,0,0,1,1,1,0,0,0,0,0,1,1,0,1,0,1,0,0,2,0,0,1,3,1,2,0,0,0,0,4,0,3,0,0,0,0,1,0,0,1,1,1,0,0,1,0,0,0,0,2,0,0,0,0,0,0,0,1,2,2,1,0,0,0,0,0,1,0,0,0,0
312,2,4,3,0,2,5,2,3,1,0,3,0,0,0,2,2,2,6,2,6,2,0,0,1,3,0,0,1,2,2,0,0,1,0,0,0,0,0,0,3,0,0,0,0,1,5,0,0,1,1,0,0,0,2,0,0,0,1,6,2,1,0,0,0,0,0,0,0,0,0,1,0,1,1,0,0,0,0,1,0,5,0,0,1,0,0,1,0,1,1,0,1,1,0,0,0,0,2,0,0
313,23,3,1,4,7,0,1,1,0,0,8,0,2,1,4,1,1,4,4,1,1,0,1,0,0,5,4,1,0,0,0,6,3,0,2,0,0,0,0,0,0,0,1,0,1,0,2,0,1,2,5,1,1,0,1,0,0,1,0,0,1,0,0,0,0,3,0,0,0,1,1,0,0,1,0,1,1,1,0,0,0,0,0,0,0,1,2,0,0,2,0,0,0,1,1,3,1,0,0,0
314,4,2,1,3,4,4,3,4,0,0,1,1,0,0,0,3,2,0,0,2,0,3,1,0,0,1,0,0,0,0,4,0,1,0,0,0,0,0,0,0,2,1,0,0,0,0,4,0,1,0,0,0,2,1,1,0,1,2,1,0,0,0,0,2,0,0,0,0,0,0,1,0,0,1,1,0,0,1,1,0,0,0,0,1,0,0,0,0,0,0,0,1,1,0,0,1,0,0,0,0
315,8,3,3,1,0,2,7,2,5,3,3,2,2,3,3,0,0,3,13,0,2,2,1,0,6,1,13,0,0,2,0,5,3,1,0,2,1,0,5,3,0,3,11,0,1,0,4,0,0,1,5,1,0,0,2,1,1,1,4,0,4,0,0,0,3,0,0,0,0,3,0,1,1,0,3,0,1,1,0,0,1,0,0,0,0,20,0,0,4,1,4,3,2,4,1,3,1,0,0,0
316,5,2,0,13,7,2,7,2,3,4,3,4,4,9,10,0,0,0,1,0,0,3,2,1,0,3,0,0,0,0,0,1,0,0,2,0,2,1,0,0,1,4,2,0,5,0,5,1,0,0,0,0,2,0,1,2,1,1,4,1,1,2,1,0,0,0,1,1,1,0,2,0,0,2,1,1,1,2,1,1,0,0,1,0,2,2,0,4,0,6,0,1,1,0,2,1,0,0,2,0
317,7,11,0,9,3,4,3,1,3,2,8,1,4,2,4,0,1,0,0,5,2,1,1,1,0,1,2,1,0,1,0,1,0,3,0,0,4,1,1,3,0,2,0,0,5,6,13,1,1,2,1,4,4,0,0,2,0,1,0,3,0,0,0,2,4,1,2,0,5,0,1,1,6,1,0,1,1,2,1,2,6,0,0,0,1,1,0,1,0,0,0,1,0,2,1,0,0,1,2,0
318,6,0,0,1,0,0,0,1,0,1,2,2,0,1,0,2,0,0,0,0,0,1,2,0,0,3,0,0,1,0,0,0,0,0,0,0,1,0,0,0,0,0,0,0,0,0,0,0,0,0,0,0,0,0,0,0,0,0,0,0,0,0,0,0,0,0,0,0,0,0,1,0,0,1,0,0,0,0,1,0,0,0,0,0,0,0,0,1,0,0,0,0,1,0,0,0,0,0,0,0
319,9,6,3,64,2,3,8,2,9,13,25,12,20,4,1,6,0,0,0,0,1,5,7,3,5,2,4,2,0,0,0,0,0,6,3,3,4,11,3,1,0,1,0,1,5,0,1,3,0,2,0,1,2,0,0,4,0,0,0,2,0,1,4,0,0,0,1,0,1,3,0,1,3,0,1,2,2,3,1,2,0,0,0,2,5,0,2,0,3,2,0,4,3,0,2,1,2,1,4,0
320,24,5,3,2,4,3,2,2,0,0,4,0,2,1,0,0,1,2,2,2,1,0,0,1,3,4,5,0,1,0,0,3,3,0,0,0,1,0,1,0,0,0,0,0,0,0,0,0,0,1,3,1,1,1,0,0,0,0,3,0,1,0,0,0,0,3,0,0,0,0,2,4,0,2,1,0,0,0,1,0,0,0,0,0,1,0,2,1,0,0,0,0,0,1,0,1,1,0,1,0
321,26,3,3,1,4,1,1,2,1,0,4,0,3,2,0,0,1,3,1,2,0,0,0,0,1,2,3,0,1,0,0,3,1,0,0,0,1,0,0,0,0,0,4,0,0,0,0,0,0,1,3,0,2,0,0,0,0,0,1,0,0,0,0,1,0,3,0,0,0,0,2,1,0,2,0,0,2,0,0,0,0,0,0,0,0,1,2,0,1,2,0,0,1,1,3,2,0,0,0,0
322,1,1,1,3,2,0,2,1,1,2,4,0,0,2,0,1,0,0,0,1,0,2,0,2,0,0,0,0,4,0,0,1,0,0,0,0,0,0,1,0,0,0,0,0,0,0,0,0,1,0,1,0,1,0,0,0,0,0,1,0,1,0,0,0,0,0,1,0,1,0,1,0,0,1,0,0,0,0,1,1,0,0,0,1,0,0,0,0,0,0,0,0,0,0,0,0,0,0,1,0
323,6,0,0,7,5,0,3,2,1,0,2,5,2,0,1,5,2,0,0,1,3,0,1,0,0,3,0,2,0,1,2,0,1,0,2,2,1,0,0,1,5,0,0,3,1,0,5,1,1,0,0,0,0,2,0,0,1,0,0,0,1,0,0,2,0,0,3,1,3,1,1,1,0,1,0,0,1,0,2,0,0,0,0,0,0,0,1,0,1,0,0,0,1,1,2,0,0,0,0,1
324,22,4,3,4,4,2,2,3,0,0,6,0,3,1,2,2,3,3,5,1,1,0,1,0,1,3,4,0,2,1,0,6,1,0,0,0,1,0,0,0,0,1,1,0,1,0,0,1,1,2,5,1,0,1,1,0,1,1,1,0,0,1,0,0,0,4,0,0,0,2,2,2,1,2,0,0,1,0,0,0,0,0,0,0,0,0,2,1,0,1,1,0,0,0,1,1,1,0,0,0
325,22,3,2,2,6,1,1,3,0,0,3,1,1,0,1,0,1,2,1,2,0,0,1,0,1,2,1,1,2,1,2,5,0,0,0,2,0,0,0,0,4,2,0,0,1,1,0,0,0,0,4,1,1,3,1,0,1,0,1,0,0,0,0,0,0,3,2,0,1,0,2,3,0,2,0,0,1,0,1,0,0,0,0,1,0,0,2,0,0,0,1,0,0,0,2,0,0,0,0,0
326,8,1,0,6,0,3,0,2,2,0,2,2,3,0,1,0,1,1,0,0,0,0,0,0,0,3,1,0,0,0,0,0,0,0,13,0,2,0,0,0,1,0,0,0,0,0,1,0,0,1,0,0,0,0,0,1,1,0,0,0,4,0,4,1,1,0,7,0,0,0,0,0,1,0,9,0,1,0,0,2,1,0,0,0,0,0,1,0,4,1,0,0,0,0,2,0,0,0,0,0
327,7,2,0,0,0,9,2,4,3,1,1,3,1,1,2,1,2,4,10,0,1,2,1,0,0,1,5,0,0,11,0,3,11,4,0,1,3,0,0,0,2,2,7,3,3,0,0,1,0,2,1,3,1,2,2,1,3,0,3,0,2,0,0,1,6,0,5,1,2,6,0,1,1,0,2,1,1,0,0,1,1,0,0,5,2,1,2,3,0,0,1,0,1,1,0,4,2,0,0,0
328,9,3,3,1,7,4,0,5,1,1,4,0,1,2,0,1,0,1,0,3,2,1,2,2,0,0,0,0,0,0,0,1,2,0,0,0,0,0,0,1,0,3,0,1,2,0,0,0,1,0,1,0,0,1,0,0,0,0,6,0,1,0,0,0,0,1,0,0,1,0,1,4,0,1,0,0,0,1,2,1,0,0,0,0,1,0,0,1,0,0,0,0,0,0,0,1,0,0,0,0
329,2,5,4,2,0,3,0,1,0,3,2,0,2,0,2,6,0,2,0,1,1,1,0,0,0,0,0,2,2,0,0,0,0,0,1,2,1,0,0,0,2,0,0,1,1,0,0,2,1,0,0,0,0,2,0,0,0,0,0,0,0,1,1,0,0,0,3,2,1,0,1,0,0,1,1,0,0,0,1,1,0,0,0,0,0,0,0,0,0,0,0,0,0,0,0,0,0,0,0,0
330,15,5,5,4,5,7,11,24,7,2,1,3,2,10,2,0,1,3,0,13,9,2,4,1,9,1,5,1,0,2,5,0,1,6,24,1,2,6,2,1,1,2,3,1,1,2,0,6,3,4,0,1,9,2,6,2,2,4,0,3,0,0,1,12,0,3,3,2,3,0,2,0,3,2,8,1,3,3,0,1,1,0,0,4,4,0,0,1,2,0,3,5,4,0,0,1,3,0,1,13
331,24,3,1,2,3,1,0,4,1,0,1,0,4,2,0,0,1,3,3,2,1,0,0,0,0,3,2,1,1,2,0,3,1,0,0,2,1,0,1,0,0,0,0,0,1,0,0,2,0,0,3,0,2,0,1,0,0,0,1,0,0,0,0,1,0,3,0,0,0,1,2,3,0,2,1,0,0,0,0,1,0,0,0,0,0,1,2,0,0,0,0,1,0,0,0,0,0,0,0,0
332,1,2,0,0,0,3,2,1,1,2,0,1,0,0,2,1,1,0,0,0,0,1,3,0,0,3,0,1,0,0,0,0,0,0,0,1,2,0,0,0,1,0,0,1,6,0,0,1,0,2,0,0,0,5,1,1,2,4,0,0,0,2,0,0,1,0,3,0,0,0,0,0,1,0,0,2,0,1,0,2,0,0,0,0,0,0,0,1,0,0,0,0,1,0,0,2,0,0,1,0
333,22,1,1,3,3,1,1,2,0,0,1,0,2,3,0,0,1,2,1,2,0,0,0,0,1,3,1,1,0,0,0,3,2,0,0,0,1,0,0,0,0,1,1,0,1,0,0,0,0,0,3,0,0,0,2,0,0,0,1,0,0,0,0,0,1,3,0,0,0,0,2,0,0,2,0,0,0,0,0,0,0,0,0,0,0,0,3,0,0,0,0,2,0,1,1,1,0,0,0,0
334,6,3,2,1,0,1,2,3,0,0,4,0,1,3,0,0,0,2,3,0,1,0,0,0,0,1,3,0,5,0,0,6,0,0,0,0,0,0,1,0,0,1,0,0,0,0,0,0,1,0,1,1,1,2,0,0,1,0,1,0,5,1,0,0,0,0,0,1,2,0,1,2,0,1,0,0,0,0,1,0,0,0,0,1,1,0,1,0,1,0,0,0,0,4,0,0,0,0,0,0
335,4,8,0,8,1,5,0,1,5,1,3,4,1,3,0,1,0,0,0,0,0,7,1,9,1,5,1,0,0,2,0,0,0,1,0,0,2,3,1,0,0,0,2,0,5,1,4,1,0,1,0,0,0,0,1,1,0,0,0,0,0,0,0,0,1,1,1,0,1,1,0,0,6,0,0,0,0,3,1,0,0,0,0,0,3,1,0,1,0,1,0,1,0,0,1,1,0,0,2,0
336,4,1,4,2,0,4,2,6,5,2,2,2,3,1,4,1,1,4,11,0,2,3,1,0,2,4,6,2,0,12,0,3,11,4,0,3,3,0,1,0,1,2,5,0,2,0,1,2,0,1,1,3,1,2,1,2,3,0,0,0,2,1,0,0,5,0,5,2,2,5,0,1,1,0,3,0,2,0,0,1,0,0,2,4,3,1,3,3,0,0,2,0,1,2,0,3,3,0,0,0
337,26,3,1,1,5,0,2,1,0,0,2,0,2,4,2,1,1,2,3,2,1,0,1,0,1,4,4,0,0,0,1,3,1,0,0,0,1,0,1,0,0,1,1,0,1,0,0,0,1,1,2,1,0,1,0,0,1,0,0,0,0,0,0,0,0,3,0,0,0,2,1,3,0,1,0,0,1,0,0,0,0,0,0,0,0,1,3,0,0,2,0,1,0,1,0,1,1,0,0,0
338,0,2,2,0,3,0,1,2,1,1,2,2,1,0,0,1,0,2,0,0,1,0,0,2,0,0,0,0,2,0,0,0,2,0,0,0,0,0,0,0,0,0,0,1,0,0,0,0,1,0,0,0,1,0,0,0,0,1,0,0,1,0,1,1,0,0,0,2,1,0,0,2,0,0,0,0,0,1,1,0,0,0,1,0,0,0,0,0,0,1,0,0,0,0,0,0,0,0,0,0
339,19,2,1,3,5,0,1,5,0,0,2,0,1,4,0,0,2,2,1,2,2,0,0,0,1,3,5,0,1,2,0,4,0,0,0,0,1,0,0,0,0,0,1,0,0,0,0,1,0,0,3,2,1,0,0,0,0,0,0,0,0,0,0,0,0,3,0,0,0,0,1,1,0,1,0,0,1,0,1,0,0,0,0,0,0,0,2,0,0,0,0,3,0,0,0,0,2,0,0,0
340,3,2,2,1,0,6,0,4,3,5,0,4,0,3,1,1,1,3,0,14,1,1,0,0,0,1,0,1,0,0,1,0,1,1,1,3,1,1,0,1,3,1,1,4,2,0,1,1,1,0,0,4,0,1,0,2,1,4,1,0,0,0,0,2,0,0,2,1,0,3,1,0,1,1,0,0,1,0,0,0,0,0,1,1,0,0,0,1,0,0,0,2,1,2,1,0,0,0,1,0
341,2,2,3,0,0,4,1,1,3,1,0,0,1,0,0,1,1,0,0,0,2,0,1,0,1,0,0,2,0,1,2,0,0,2,1,1,2,0,0,3,1,0,0,0,0,1,0,0,0,1,0,0,0,1,0,2,0,2,1,3,0,0,0,1,1,0,4,2,0,2,0,0,1,0,0,0,1,2,0,1,0,0,0,0,0,0,0,0,0,1,0,0,1,0,0,0,0,2,2,0
342,4,3,0,1,0,3,1,3,0,0,3,0,0,2,2,1,0,3,0,0,0,1,1,1,7,0,3,0,3,0,0,4,0,0,0,0,0,0,0,0,0,0,0,0,0,0,0,0,0,0,1,3,0,1,1,0,0,0,6,0,4,0,0,0,0,0,0,0,0,1,1,2,0,1,0,0,0,0,2,0,0,0,0,0,1,0,1,0,2,0,0,0,0,1,0,0,0,0,0,0
343,14,6,1,5,4,5,6,1,7,5,4,13,5,3,8,2,11,2,0,1,3,6,5,2,1,4,1,4,0,2,6,0,0,1,1,0,2,9,8,11,1,3,1,8,2,0,2,1,5,1,0,2,0,0,1,1,0,0,12,1,0,2,7,1,0,0,3,0,2,1,0,0,2,0,1,9,0,2,0,0,0,0,0,1,0,1,0,0,0,0,1,1,0,1,1,0,0,4,4,2
344,2,2,8,2,3,1,2,0,3,2,4,0,1,4,1,5,0,8,0,4,0,0,0,1,0,0,0,1,1,1,1,0,0,0,0,1,0,0,5,0,1,0,0,0,2,0,0,2,0,0,0,1,0,1,1,1,0,0,0,1,0,1,1,0,0,0,0,0,0,0,1,0,0,1,1,2,0,0,0,1,0,0,1,0,0,0,1,0,0,1,0,0,0,0,0,0,0,0,0,0
345,3,4,2,4,5,6,0,1,5,0,2,0,1,2,3,4,6,0,0,0,0,0,0,0,0,3,1,0,1,0,0,0,0,4,0,0,0,0,0,0,2,0,0,0,0,0,12,0,0,1,0,0,0,0,0,0,1,0,0,1,1,4,0,0,0,0,1,0,1,0,1,0,0,1,0,1,1,1,0,1,0,0,0,1,0,0,0,0,1,0,0,2,4,0,2,0,0,2,0,0
346,1,2,1,0,3,3,0,0,1,0,0,2,1,0,3,1,3,0,0,1,1,0,0,0,0,0,0,3,1,1,2,0,1,0,0,3,1,0,0,0,1,1,0,1,2,0,0,0,1,0,0,0,0,0,2,0,1,0,0,0,0,2,0,1,0,0,0,0,1,0,1,0,0,1,1,0,0,1,1,0,0,0,0,0,0,0,0,1,0,0,0,0,1,0,0,0,0,0,0,0
347,6,4,0,2,0,6,3,4,3,1,2,1,1,1,2,1,1,5,10,0,1,2,1,0,1,1,5,2,0,10,0,3,12,4,1,1,2,0,0,0,1,2,4,0,2,0,0,2,0,2,1,2,1,0,3,1,5,0,0,0,0,0,0,1,5,0,4,1,2,1,0,1,1,0,2,1,1,0,0,1,0,0,1,4,1,1,3,3,0,0,2,0,1,1,0,3,3,1,0,0
348,2,2,1,1,1,0,0,0,1,0,0,0,0,0,0,0,0,4,0,2,0,0,0,1,0,0,0,0,0,0,0,0,0,0,0,0,0,0,0,0,0,0,0,0,0,0,0,0,0,0,0,0,0,0,0,0,0,0,0,0,0,1,0,0,0,0,0,0,0,0,1,0,0,1,0,0,0,0,0,0,0,0,0,0,0,0,1,0,0,0,0,0,0,2,0,0,0,0,0,0
349,0,6,3,1,1,25,1,2,5,5,5,14,2,1,5,2,2,0,0,0,7,3,3,9,6,3,1,4,0,0,2,0,1,10,8,3,0,1,0,14,15,3,0,0,1,1,0,1,0,5,0,1,0,0,0,1,5,2,3,3,1,10,6,2,2,2,5,0,0,4,0,0,1,0,1,11,4,2,0,3,0,1,1,1,1,0,1,1,2,3,5,4,2,1,1,2,1,4,1,0
350,17,6,13,1,0,28,4,1,7,4,6,12,4,6,7,1,11,3,0,7,11,5,3,1,7,3,1,3,0,0,9,0,1,9,4,3,2,0,2,9,15,2,0,0,4,1,2,0,0,4,0,2,1,1,3,1,8,2,7,2,0,5,3,4,1,1,1,2,1,1,1,3,1,1,1,7,4,5,0,3,0,1,3,2,0,0,3,1,2,4,2,0,7,1,1,2,2,3,1,3
351,4,6,1,9,4,2,2,2,4,2,1,0,3,3,4,2,0,0,0,0,0,6,2,1,0,3,0,0,16,0,0,0,0,1,0,0,1,5,1,3,0,1,0,5,5,1,9,0,1,5,0,2,1,0,1,0,0,0,0,0,1,0,0,0,0,0,0,0,0,0,1,0,0,1,0,0,1,5,0,1,0,0,0,0,1,1,0,0,0,0,0,1,0,0,1,0,0,0,1,0
352,5,2,0,0,0,6,1,4,5,2,3,0,1,1,2,1,1,3,14,0,2,2,1,0,2,1,5,2,0,11,0,4,8,3,1,1,2,0,0,0,2,2,7,0,4,0,0,2,0,1,4,2,0,4,2,1,2,0,1,0,0,1,0,0,6,0,8,1,3,7,1,1,1,1,2,0,0,0,0,1,0,0,1,6,2,1,3,5,0,1,2,1,2,1,0,4,5,0,0,0
353,2,3,4,0,0,4,0,4,3,3,3,1,3,1,3,2,1,1,0,2,3,0,0,2,5,0,2,0,0,1,4,0,1,2,1,0,2,1,0,0,1,0,0,0,1,0,0,1,2,2,0,2,1,0,0,1,1,0,1,0,1,0,0,0,0,0,1,1,2,0,0,0,1,0,1,1,0,2,0,1,0,0,0,2,0,0,0,0,1,0,0,0,2,0,0,0,0,1,0,1
354,3,0,0,6,0,1,0,1,5,2,0,2,2,0,0,3,1,0,0,0,0,0,1,0,0,5,0,1,0,0,0,0,0,1,0,0,1,0,0,0,1,0,0,0,1,0,7,0,0,1,0,0,0,0,0,1,0,0,0,0,0,0,0,0,1,0,2,0,1,0,0,0,1,0,0,1,0,2,2,0,0,0,0,0,1,0,0,1,0,0,0,1,0,0,1,0,0,0,0,0
355,7,1,0,0,0,5,1,5,4,1,2,1,2,1,2,1,1,3,13,0,1,2,1,1,1,11,5,0,0,13,1,3,8,2,0,0,2,0,0,0,1,3,8,0,3,0,1,2,0,1,3,2,2,2,1,1,1,0,1,0,0,1,0,0,6,0,9,0,2,5,0,1,1,0,2,0,1,0,0,1,0,0,0,6,0,1,3,3,0,0,2,0,2,1,0,5,4,0,0,0
356,0,3,2,0,5,2,2,3,2,0,4,0,0,1,3,1,1,2,2,1,0,0,1,0,0,0,2,0,1,0,0,3,3,0,0,0,0,0,2,0,0,2,1,0,0,0,0,0,0,1,3,1,0,1,0,0,1,0,0,0,0,0,0,0,0,3,0,0,0,2,1,3,0,1,0,0,2,0,0,0,0,0,0,2,0,4,4,0,1,0,0,0,0,0,0,1,0,0,0,0
357,4,2,0,2,6,2,1,0,0,0,0,1,3,3,4,1,0,0,0,0,0,2,0,1,0,1,0,0,0,0,0,0,0,1,0,0,1,0,0,0,0,0,0,0,9,0,9,0,0,4,0,1,1,0,0,0,0,0,0,0,0,1,1,0,0,0,0,0,0,0,0,0,0,0,0,1,0,0,0,0,0,0,0,0,0,0,0,0,0,0,0,1,1,0,1,0,0,0,2,0
358,1,0,0,5,2,0,0,1,0,0,2,0,0,1,2,2,0,0,0,0,0,1,0,1,1,0,0,0,3,0,0,0,0,1,0,0,0,0,0,0,0,1,0,0,0,0,0,0,2,0,0,0,0,0,0,0,0,0,0,0,0,0,0,1,0,0,0,0,0,0,1,0,0,1,0,0,0,0,0,0,0,0,0,0,0,0,0,0,0,0,0,0,0,0,2,0,0,0,1,0
359,2,1,1,2,0,1,1,1,0,0,2,0,0,0,1,1,0,2,0,0,0,2,0,1,0,1,0,0,1,0,0,0,0,0,0,0,0,0,0,1,0,0,0,0,0,0,0,0,0,0,0,0,0,0,0,1,1,0,1,0,0,0,0,0,0,0,0,0,0,0,1,0,0,1,0,0,0,0,0,0,0,0,0,0,0,0,0,0,0,0,0,0,1,1,0,0,0,0,0,0
360,0,5,6,5,0,12,11,2,6,9,4,10,4,0,1,0,5,0,0,0,10,5,7,6,4,4,1,4,0,1,9,0,2,8,17,9,2,0,0,4,6,2,1,0,3,1,0,0,0,12,0,0,1,2,1,2,4,1,0,1,1,5,6,3,0,2,1,0,1,0,0,0,1,0,0,4,4,3,0,2,0,0,2,4,2,0,1,2,1,0,4,3,2,0,3,1,1,3,5,3
361,0,4,5,2,5,0,2,2,0,0,4,0,0,0,2,1,3,3,4,2,0,0,1,0,0,1,2,3,3,2,0,2,0,0,0,0,0,1,4,0,1,1,4,0,1,0,0,0,1,1,3,1,1,0,0,0,4,0,1,0,0,1,0,0,0,4,0,0,1,0,1,2,0,1,0,0,0,1,0,0,0,0,0,0,0,3,4,0,1,0,0,0,0,4,0,2,0,0,1,0
362,0,0,0,1,0,1,5,3,1,0,0,4,0,1,0,1,0,0,0,0,2,1,0,0,1,0,0,0,0,0,9,0,0,0,3,0,0,0,1,0,0,3,0,0,0,2,0,0,0,4,1,0,0,0,0,0,2,0,0,1,0,0,0,1,0,0,2,0,0,0,1,0,0,1,1,0,0,0,0,2,0,0,0,0,0,0,0,0,0,0,1,1,0,0,0,0,0,0,0,0
363,0,0,1,2,1,0,0,1,0,1,0,0,0,1,1,2,0,0,0,0,0,0,0,1,0,0,0,1,2,0,0,0,0,0,0,1,0,0,0,0,0,0,0,0,0,0,0,0,0,0,0,0,0,0,0,1,0,0,0,0,0,0,0,0,0,0,0,1,0,2,1,1,0,1,0,0,0,0,0,0,0,0,0,0,0,0,0,0,0,0,0,0,0,0,0,0,0,0,0,0
364,3,0,1,2,8,0,3,4,6,5,1,5,0,3,5,0,0,1,1,0,0,3,1,4,0,0,0,0,0,0,1,1,0,1,3,2,1,0,0,1,0,2,1,0,0,0,0,0,0,1,1,0,1,0,1,1,1,0,0,1,1,3,0,0,1,2,1,0,2,0,1,0,1,1,0,0,1,0,0,0,0,0,0,0,0,0,0,1,0,0,0,0,0,0,0,0,0,0,2,4
365,6,2,0,3,7,2,0,1,0,1,6,1,2,0,1,2,6,0,0,0,1,3,3,0,0,1,0,0,1,1,1,0,0,0,0,0,0,1,0,0,1,2,0,2,2,0,3,0,4,0,0,0,0,0,0,0,0,0,0,0,1,0,0,2,0,0,0,0,0,0,1,0,0,1,1,0,0,0,2,1,0,0,0,0,1,0,0,1,0,0,0,0,0,0,0,0,3,0,0,0
366,3,1,0,2,3,0,2,4,4,4,1,2,0,3,3,0,0,1,1,0,0,2,0,1,0,0,0,0,0,0,1,1,0,1,3,2,0,0,0,0,0,2,0,0,0,0,0,0,0,0,0,0,1,0,0,0,1,0,0,0,1,1,0,0,0,1,0,0,1,0,3,0,0,3,0,0,1,0,0,0,0,0,0,0,0,0,0,0,0,0,0,0,0,1,0,0,0,0,1,1
367,0,0,0,3,2,0,4,1,2,0,0,2,1,0,2,5,0,0,0,0,0,1,0,0,0,0,0,0,3,0,0,0,0,1,0,0,0,0,0,0,0,1,0,0,0,0,0,0,1,0,0,0,2,0,0,1,0,0,0,0,0,1,0,2,0,0,0,0,0,0,1,0,0,1,0,3,0,0,0,0,0,0,0,1,0,0,0,0,0,0,0,0,0,0,1,0,0,1,1,0
368,1,0,1,4,1,0,3,1,0,0,0,0,1,1,1,2,0,0,0,0,0,0,0,0,0,0,0,0,3,0,0,0,0,0,0,0,0,0,0,0,0,2,0,0,0,0,0,0,1,0,0,0,0,0,0,1,0,0,0,1,0,0,0,0,0,0,0,0,0,0,1,0,0,1,0,0,0,0,0,0,0,0,0,0,0,0,0,0,0,0,0,0,0,0,0,0,0,0,1,0
369,0,3,3,0,2,0,2,1,0,0,2,0,0,2,0,1,1,2,0,2,0,0,0,0,1,0,1,2,2,2,0,3,0,1,0,0,0,0,0,0,2,3,1,0,0,0,0,0,0,1,3,0,1,0,1,2,0,0,0,0,0,0,0,0,0,3,0,0,0,0,1,1,1,1,1,0,0,0,0,0,0,0,0,0,0,0,2,1,0,0,0,0,1,0,1,1,0,0,0,0
370,4,10,12,0,3,4,4,1,1,2,4,3,2,0,0,3,2,3,0,10,2,0,1,0,1,4,0,0,0,1,0,0,1,0,0,2,2,0,1,0,3,1,0,3,0,0,0,1,1,1,0,1,1,1,0,2,0,0,0,0,0,0,0,1,2,0,2,2,1,1,1,0,2,1,0,1,2,0,0,0,0,0,1,0,0,0,0,2,1,0,1,2,0,0,0,0,0,1,0,0
371,5,2,0,4,1,0,3,3,0,0,6,0,0,1,2,0,0,2,0,0,1,1,1,0,2,0,1,2,3,2,0,5,1,0,0,0,0,0,0,0,1,1,0,2,0,0,0,0,0,0,1,0,3,0,0,0,0,0,0,0,4,0,0,0,0,0,0,0,1,2,1,3,0,1,1,0,0,0,1,1,0,0,0,1,1,0,0,0,1,0,0,0,1,0,1,0,0,0,0,0
372,5,2,0,4,1,0,3,3,0,0,6,0,0,1,2,0,0,2,0,0,1,1,1,0,2,0,1,2,3,2,0,5,1,0,0,0,0,0,0,0,1,1,0,2,0,0,0,0,0,0,1,0,3,0,0,0,0,0,0,0,4,0,0,0,0,0,0,0,1,2,1,3,0,1,1,0,0,0,1,1,0,0,0,1,1,0,0,0,1,0,0,0,1,0,1,0,0,0,0,0
373,5,2,7,0,3,0,1,1,3,3,4,4,1,0,3,1,1,0,0,3,1,0,1,0,0,1,0,3,0,0,0,0,1,1,0,1,3,0,3,0,0,3,0,2,2,0,0,2,0,1,0,1,0,1,1,2,2,0,0,0,0,0,7,0,2,2,1,1,4,0,1,0,2,1,0,3,1,0,0,0,0,0,1,1,0,1,0,1,1,1,1,2,0,0,1,0,0,4,0,0
374,5,2,7,0,3,0,1,1,3,3,4,4,1,0,3,1,1,0,0,3,1,0,1,0,0,1,0,3,0,0,0,0,1,1,0,1,3,0,3,0,0,3,0,2,2,0,0,2,0,1,0,1,0,1,1,2,2,0,0,0,0,0,7,0,2,2,1,1,4,0,1,0,2,1,0,3,1,0,0,0,0,0,1,1,0,1,0,1,1,1,1,2,0,0,1,0,0,4,0,0
375,5,2,7,0,3,0,1,1,3,3,4,4,1,0,3,1,1,0,0,3,1,0,1,0,0,1,0,3,0,0,0,0,1,1,0,1,3,0,3,0,0,3,0,2,2,0,0,2,0,1,0,1,0,1,1,2,2,0,0,0,0,0,7,0,2,2,1,1,4,0,1,0,2,1,0,3,1,0,0,0,0,0,1,1,0,1,0,1,1,1,1,2,0,0,1,0,0,4,0,0
376,0,4,1,1,2,0,1,3,0,1,4,0,0,0,2,1,1,2,2,2,1,0,0,0,0,0,1,1,1,3,0,5,1,0,0,0,0,0,1,0,0,3,1,0,0,0,0,0,1,1,4,2,0,0,0,0,1,0,0,0,0,0,0,0,0,3,0,0,1,0,1,1,0,1,1,0,0,0,1,0,0,0,0,0,0,0,2,1,0,0,0,0,0,2,0,1,1,0,0,0
377,0,4,1,1,2,0,1,3,0,1,4,0,0,0,2,1,1,2,2,2,1,0,0,0,0,0,1,1,1,3,0,5,1,0,0,0,0,0,1,0,0,3,1,0,0,0,0,0,1,1,4,2,0,0,0,0,1,0,0,0,0,0,0,0,0,3,0,0,1,0,1,1,0,1,1,0,0,0,1,0,0,0,0,0,0,0,2,1,0,0,0,0,0,2,0,1,1,0,0,0
378,0,3,3,1,3,0,2,2,0,0,2,1,0,0,0,1,1,3,2,2,1,0,0,0,0,0,4,0,0,1,0,4,1,0,0,0,0,0,0,0,0,2,0,0,0,0,0,0,1,1,3,1,0,0,0,0,0,0,0,0,1,0,0,0,0,3,0,0,0,3,1,2,0,1,0,0,1,0,0,0,0,0,0,0,0,1,2,1,0,0,0,0,0,1,0,0,1,0,0,0
379,2,3,3,1,7,1,0,6,1,1,3,2,1,0,1,2,4,4,0,2,2,1,0,4,0,1,0,1,1,0,2,0,0,0,0,1,0,0,0,1,1,1,0,2,2,5,0,2,1,0,0,0,0,0,0,2,0,0,0,0,0,0,0,0,0,0,1,4,2,0,1,1,0,1,0,0,0,0,1,2,0,0,1,0,0,0,0,0,0,0,0,0,0,0,0,0,0,0,0,0
380,2,3,3,1,7,1,0,6,1,1,3,2,1,0,1,2,4,4,0,2,2,1,0,4,0,1,0,1,1,0,2,0,0,0,0,1,0,0,0,1,1,1,0,2,2,5,0,2,1,0,0,0,0,0,0,2,0,0,0,0,0,0,0,0,0,0,1,4,2,0,1,1,0,1,0,0,0,0,1,2,0,0,1,0,0,0,0,0,0,0,0,0,0,0,0,0,0,0,0,0
381,1,0,0,1,2,0,8,1,1,0,1,2,0,0,2,3,0,0,0,0,0,0,0,1,2,0,0,0,2,0,0,0,0,0,0,0,0,0,0,0,0,2,0,0,0,0,0,0,0,2,0,0,0,0,0,1,0,1,0,1,0,0,0,1,0,0,1,0,0,0,1,0,0,1,0,0,0,0,1,0,0,0,0,0,0,0,0,0,0,0,0,0,0,0,0,0,0,0,0,0
382,6,2,2,2,0,2,4,7,1,1,3,1,2,0,2,1,1,3,7,13,1,2,1,1,2,0,5,1,0,10,1,3,8,3,0,0,2,0,0,0,1,4,5,0,0,0,0,2,0,1,1,2,2,1,1,1,2,0,0,0,1,0,0,0,7,0,2,1,1,4,1,0,2,0,1,0,1,0,0,1,0,0,2,3,2,1,3,3,0,0,2,1,2,3,0,3,4,0,0,0
383,6,4,0,1,8,2,0,4,4,3,0,0,0,0,9,5,7,2,0,3,0,1,0,0,0,0,0,0,0,1,3,2,0,2,1,0,1,0,1,1,0,1,0,1,0,5,0,1,1,0,2,2,0,0,0,1,0,0,0,0,0,0,1,0,1,3,1,0,1,0,1,1,1,1,0,2,2,0,0,0,1,0,0,0,2,0,0,1,1,0,1,1,1,1,0,1,0,0,0,0
384,2,9,1,22,10,9,0,3,7,3,4,4,4,1,3,4,6,1,1,0,5,3,1,0,0,2,1,0,0,2,1,0,0,2,0,0,3,1,1,2,1,3,1,5,7,0,1,0,1,0,0,1,2,2,0,1,2,1,0,0,2,3,1,0,1,0,1,2,0,3,1,0,1,1,0,1,0,1,0,0,0,0,0,1,0,0,1,1,0,1,3,0,1,0,2,0,2,0,0,1
385,5,2,0,1,0,3,2,5,3,1,3,2,2,0,4,1,2,6,7,2,1,2,1,2,2,8,5,1,0,9,0,3,9,3,1,0,2,0,0,0,2,3,5,0,1,0,0,2,0,1,1,2,1,0,2,2,3,0,0,0,2,1,0,0,7,0,3,0,2,2,0,1,1,0,1,0,2,0,0,5,0,0,3,3,2,1,0,2,0,0,2,0,1,4,0,3,4,0,0,1
386,0,6,1,1,4,6,1,4,0,0,0,5,0,0,4,3,3,2,0,3,0,1,0,0,0,3,0,2,0,0,1,0,0,2,0,0,0,0,0,2,1,0,0,2,3,1,0,0,3,1,0,0,0,0,0,0,0,0,0,2,0,0,2,1,0,0,1,0,0,2,1,0,0,1,0,0,0,0,2,0,0,0,0,0,0,0,0,1,0,0,0,0,4,1,1,0,0,0,0,0
387,2,2,0,16,12,1,6,1,5,9,3,6,6,4,0,10,0,0,0,0,2,0,5,0,4,0,2,2,0,0,1,0,0,2,15,0,2,0,4,0,6,0,0,0,4,0,0,0,2,0,0,0,0,0,1,2,0,2,0,1,0,4,1,2,1,1,2,1,1,0,2,0,1,2,0,1,1,0,0,0,0,0,0,0,1,0,1,0,0,4,0,4,0,0,0,0,0,4,0,0
388,13,7,30,5,13,1,4,1,3,10,5,6,4,6,4,2,0,1,0,7,4,3,3,5,1,5,0,9,2,0,0,0,1,0,3,8,0,0,0,4,0,3,0,0,1,0,1,6,0,1,0,4,0,2,1,1,0,0,1,2,2,0,1,0,0,0,8,5,2,1,1,6,0,1,1,4,0,0,4,2,0,0,8,1,0,0,0,0,3,2,1,3,1,1,1,1,0,2,0,2
389,13,7,30,5,13,1,4,1,3,10,5,6,4,6,4,2,0,1,0,7,4,3,3,5,1,5,0,9,2,0,0,0,1,0,3,8,0,0,0,4,0,3,0,0,1,0,1,6,0,1,0,4,0,2,1,1,0,0,1,2,2,0,1,0,0,0,8,5,2,1,1,6,0,1,1,4,0,0,4,2,0,0,8,1,0,0,0,0,3,2,1,3,1,1,1,1,0,2,0,2
390,1,1,3,1,6,1,0,1,3,2,0,3,0,0,0,2,3,1,0,1,2,1,1,1,0,0,0,1,1,1,0,0,0,0,0,1,0,0,0,1,1,0,1,1,3,0,0,1,2,0,0,0,0,0,0,0,1,1,0,0,0,0,1,0,0,0,1,0,0,0,1,0,0,1,0,1,1,0,1,0,0,2,0,1,0,0,0,0,0,0,0,0,0,1,0,1,0,0,0,0
391,1,1,3,1,6,1,0,1,3,2,0,3,0,0,0,2,3,1,0,1,2,1,1,1,0,0,0,1,1,1,0,0,0,0,0,1,0,0,0,1,1,0,1,1,3,0,0,1,2,0,0,0,0,0,0,0,1,1,0,0,0,0,1,0,0,0,1,0,0,0,1,0,0,1,0,1,1,0,1,0,0,2,0,1,0,0,0,0,0,0,0,0,0,1,0,1,0,0,0,0
392,0,2,3,2,6,1,1,2,2,1,3,0,0,0,0,1,1,4,2,2,2,0,0,0,4,1,4,0,0,0,0,6,1,0,0,0,0,0,0,0,0,0,1,0,0,0,0,1,1,1,5,2,1,1,0,0,0,0,1,0,0,0,0,3,0,3,0,0,0,0,1,3,0,1,2,0,0,3,0,0,0,0,0,1,0,0,2,0,0,1,0,0,0,0,1,0,1,0,0,0
393,0,2,3,2,6,1,1,2,2,1,3,0,0,0,0,1,1,4,2,2,2,0,0,0,4,1,4,0,0,0,0,6,1,0,0,0,0,0,0,0,0,0,1,0,0,0,0,1,1,1,5,2,1,1,0,0,0,0,1,0,0,0,0,3,0,3,0,0,0,0,1,3,0,1,2,0,0,3,0,0,0,0,0,1,0,0,2,0,0,1,0,0,0,0,1,0,1,0,0,0
394,0,4,3,0,2,0,2,2,1,0,3,0,0,0,0,1,1,4,3,1,2,0,0,0,1,0,4,0,3,0,0,6,1,0,0,0,0,0,0,0,0,0,1,0,0,0,0,0,1,1,5,2,1,1,1,0,0,0,0,0,0,0,0,0,0,3,0,0,0,0,1,3,0,1,0,0,0,0,0,0,0,0,0,1,0,0,2,0,0,0,1,0,0,1,1,0,1,0,0,0
395,0,4,3,0,2,0,2,2,1,0,3,0,0,0,0,1,1,4,3,1,2,0,0,0,1,0,4,0,3,0,0,6,1,0,0,0,0,0,0,0,0,0,1,0,0,0,0,0,1,1,5,2,1,1,1,0,0,0,0,0,0,0,0,0,0,3,0,0,0,0,1,3,0,1,0,0,0,0,0,0,0,0,0,1,0,0,2,0,0,0,1,0,0,1,1,0,1,0,0,0
396,1,0,0,1,4,3,0,1,1,0,1,1,0,0,0,3,3,0,0,0,3,1,0,0,0,0,0,1,0,0,4,0,0,0,0,1,0,0,0,0,1,2,0,1,0,0,0,0,1,0,0,0,0,1,0,0,1,0,0,0,0,0,0,2,0,0,0,1,0,0,1,0,0,1,0,0,0,1,0,1,0,0,0,0,0,0,0,0,1,0,0,0,0,0,0,0,0,0,0,0
397,0,5,3,3,3,0,1,1,1,0,2,0,0,1,0,1,1,5,4,2,2,0,1,0,0,0,4,1,1,0,0,6,1,0,0,0,1,0,0,0,0,0,1,0,0,0,0,0,1,1,5,2,1,0,1,0,0,0,0,0,0,0,0,0,0,3,0,0,2,0,1,3,0,1,0,0,0,0,0,0,0,0,0,1,0,0,2,0,0,0,0,0,0,2,1,0,1,0,0,0
398,0,5,3,3,3,0,1,1,1,0,2,0,0,1,0,1,1,5,4,2,2,0,1,0,0,0,4,1,1,0,0,6,1,0,0,0,1,0,0,0,0,0,1,0,0,0,0,0,1,1,5,2,1,0,1,0,0,0,0,0,0,0,0,0,0,3,0,0,2,0,1,3,0,1,0,0,0,0,0,0,0,0,0,1,0,0,2,0,0,0,0,0,0,2,1,0,1,0,0,0
399,13,15,11,3,8,7,1,1,5,8,3,6,4,6,4,3,0,4,0,10,3,1,3,12,0,2,0,3,3,0,3,0,2,1,1,2,3,0,3,2,2,1,0,1,1,0,0,2,0,1,0,2,0,1,3,3,1,1,8,2,0,0,2,0,0,0,4,4,0,0,1,4,1,1,2,4,1,1,4,1,1,0,3,1,0,2,3,1,0,1,0,1,2,2,1,0,1,0,1,1
400,13,15,11,3,8,7,1,1,5,8,3,6,4,6,4,3,0,4,0,10,3,1,3,12,0,2,0,3,3,0,3,0,2,1,1,2,3,0,3,2,2,1,0,1,1,0,0,2,0,1,0,2,0,1,3,3,1,1,8,2,0,0,2,0,0,0,4,4,0,0,1,4,1,1,2,4,1,1,4,1,1,0,3,1,0,2,3,1,0,1,0,1,2,2,1,0,1,0,1,1
401,0,4,0,4,2,0,6,4,2,2,0,0,0,1,0,1,2,0,4,0,2,0,0,0,0,0,0,0,5,0,0,0,0,0,0,0,0,0,0,0,0,0,1,0,0,0,0,2,0,0,0,2,0,0,0,0,1,0,0,0,0,0,0,1,0,0,0,0,1,0,3,0,0,3,1,0,0,1,0,2,0,0,0,0,0,2,0,1,0,0,1,0,3,0,0,0,2,0,0,0
402,6,2,0,1,0,4,2,7,4,1,4,4,1,1,3,2,1,2,9,0,1,2,1,0,0,3,5,1,0,10,1,4,7,3,1,0,1,0,0,2,4,3,7,3,0,1,1,2,0,1,1,2,1,3,0,1,1,0,0,1,2,0,0,0,7,0,4,0,2,5,1,0,1,1,2,0,1,1,0,3,0,0,0,3,3,1,1,3,0,2,2,0,1,1,2,4,4,2,0,0
403,0,1,0,0,1,1,2,2,0,0,3,1,0,0,0,1,0,0,3,0,0,0,0,1,0,0,0,0,1,0,1,0,3,1,0,0,0,0,0,0,1,0,0,0,0,0,0,0,0,0,0,0,0,0,0,0,1,0,2,0,2,0,0,1,1,0,0,0,0,0,0,1,0,0,1,0,0,0,0,0,0,0,0,0,0,1,0,0,1,0,0,1,0,1,0,0,0,0,0,0
404,1,0,2,0,0,3,0,2,1,1,2,0,0,1,3,1,2,1,0,0,0,1,0,0,0,1,0,3,0,0,5,0,0,1,2,3,2,0,0,0,3,0,0,0,0,1,0,1,0,0,0,1,0,1,1,1,1,3,0,0,0,0,0,1,1,0,4,1,0,0,0,0,1,0,0,1,0,0,0,1,0,0,0,0,0,0,1,0,1,0,0,0,0,0,0,1,0,0,0,0
405,0,5,1,0,2,1,1,2,1,1,3,0,0,0,0,1,0,3,0,10,1,1,0,0,0,0,0,0,0,0,1,0,1,0,1,0,0,0,0,1,1,0,0,1,1,0,0,1,0,0,0,2,0,2,0,0,0,0,0,1,0,0,0,0,0,0,0,0,0,1,1,1,0,1,2,0,2,0,2,0,0,0,0,0,0,0,1,1,2,0,0,0,0,0,0,0,0,0,0,0
406,3,3,3,13,6,4,0,3,6,4,0,7,12,1,0,4,2,0,0,0,0,2,1,0,0,2,0,1,0,0,1,0,0,0,3,0,1,0,2,0,7,0,0,5,2,1,1,0,0,0,0,1,0,0,0,2,2,0,0,0,0,3,1,0,1,0,1,0,2,0,1,0,1,1,0,2,0,1,0,0,0,0,3,0,1,0,0,1,0,0,0,1,3,0,1,0,1,1,3,0
407,3,14,2,0,3,5,0,2,3,1,4,2,0,2,1,1,1,7,0,12,0,1,3,0,0,1,0,0,0,0,1,0,2,0,0,0,1,0,1,3,2,0,1,2,0,0,0,1,0,0,0,1,2,3,1,1,1,0,0,1,1,0,0,0,0,0,0,0,0,3,1,1,0,1,1,0,0,1,5,0,0,0,0,0,1,0,3,0,4,0,0,0,0,0,0,0,0,0,0,0
408,3,14,2,0,3,5,0,2,3,1,4,2,0,2,1,1,1,7,0,12,0,1,3,0,0,1,0,0,0,0,1,0,2,0,0,0,1,0,1,3,2,0,1,2,0,0,0,1,0,0,0,1,2,3,1,1,1,0,0,1,1,0,0,0,0,0,0,0,0,3,1,1,0,1,1,0,0,1,5,0,0,0,0,0,1,0,3,0,4,0,0,0,0,0,0,0,0,0,0,0
409,3,14,2,0,3,5,0,2,3,1,4,2,0,2,1,1,1,7,0,12,0,1,3,0,0,1,0,0,0,0,1,0,2,0,0,0,1,0,1,3,2,0,1,2,0,0,0,1,0,0,0,1,2,3,1,1,1,0,0,1,1,0,0,0,0,0,0,0,0,3,1,1,0,1,1,0,0,1,5,0,0,0,0,0,1,0,3,0,4,0,0,0,0,0,0,0,0,0,0,0
410,4,13,1,1,5,8,0,2,7,1,1,1,0,2,1,1,3,3,0,13,7,1,2,0,0,2,0,0,0,1,0,0,3,1,0,1,2,0,2,2,1,2,1,5,0,0,0,1,2,1,0,4,0,2,1,3,1,0,0,2,1,0,0,0,1,0,2,0,0,2,1,2,1,1,2,2,1,0,0,0,0,0,0,0,2,0,1,0,2,0,1,1,1,1,0,0,0,0,0,0
411,9,9,8,2,6,5,1,3,1,1,3,4,0,6,1,2,0,3,0,3,0,0,2,6,0,0,1,4,2,1,1,0,2,0,0,2,0,0,1,5,0,3,3,1,0,0,0,3,0,0,0,0,0,2,2,0,0,0,3,1,0,1,1,0,0,1,2,1,0,0,2,1,0,2,3,1,1,2,7,0,0,0,3,1,0,1,1,6,2,1,0,2,1,3,1,0,0,0,0,0
412,9,9,8,2,6,5,1,3,1,1,3,4,0,6,1,2,0,3,0,3,0,0,2,6,0,0,1,4,2,1,1,0,2,0,0,2,0,0,1,5,0,3,3,1,0,0,0,3,0,0,0,0,0,2,2,0,0,0,3,1,0,1,1,0,0,1,2,1,0,0,2,1,0,2,3,1,1,2,7,0,0,0,3,1,0,1,1,6,2,1,0,2,1,3,1,0,0,0,0,0
413,3,0,0,1,3,0,0,2,3,4,2,4,0,1,3,1,0,0,0,0,0,1,2,1,1,1,0,2,0,0,0,0,0,0,0,0,2,0,2,0,0,0,0,3,0,0,0,0,0,0,0,0,0,0,0,2,0,0,0,0,0,1,1,1,1,3,1,0,0,2,1,0,1,1,1,0,0,1,0,0,0,0,2,0,1,0,0,3,0,1,1,1,0,0,0,0,0,2,0,0
414,0,6,1,4,2,1,0,5,2,0,4,0,1,2,0,1,0,3,6,1,0,1,0,1,0,0,1,1,5,0,0,0,2,2,0,0,0,0,0,0,1,0,0,0,1,0,0,0,0,0,0,1,1,0,1,0,0,0,0,0,0,0,0,2,0,1,0,0,2,2,0,1,1,0,0,0,1,2,0,0,0,0,0,1,0,4,1,1,0,0,1,2,0,0,0,0,0,2,0,0
415,0,4,3,0,3,0,2,2,0,0,1,0,0,1,0,1,1,4,1,3,0,0,0,0,0,0,2,0,2,1,0,3,3,0,0,0,0,0,3,0,0,1,2,0,0,0,0,0,2,1,3,0,1,0,0,0,1,0,0,0,0,0,0,0,0,3,0,0,0,0,1,2,0,1,0,1,0,0,0,0,0,0,0,1,0,2,4,1,0,0,0,0,0,0,0,2,0,0,0,0
416,0,4,3,0,3,0,2,2,0,0,1,0,0,1,0,1,1,4,1,3,0,0,0,0,0,0,2,0,2,1,0,3,3,0,0,0,0,0,3,0,0,1,2,0,0,0,0,0,2,1,3,0,1,0,0,0,1,0,0,0,0,0,0,0,0,3,0,0,0,0,1,2,0,1,0,1,0,0,0,0,0,0,0,1,0,2,4,1,0,0,0,0,0,0,0,2,0,0,0,0
417,0,6,3,0,3,0,2,2,0,0,1,0,0,1,0,1,1,5,1,3,0,0,0,0,0,0,2,1,1,1,0,3,2,0,0,0,0,0,2,0,0,1,2,0,0,0,0,0,1,1,3,0,0,0,0,0,1,0,0,0,0,0,0,0,0,3,0,0,0,0,1,3,0,1,0,0,0,0,0,0,0,0,0,1,0,1,4,1,0,0,0,0,0,0,0,2,0,0,0,0
418,0,6,3,0,3,0,2,2,0,0,1,0,0,1,0,1,1,5,1,3,0,0,0,0,0,0,2,1,1,1,0,3,2,0,0,0,0,0,2,0,0,1,2,0,0,0,0,0,1,1,3,0,0,0,0,0,1,0,0,0,0,0,0,0,0,3,0,0,0,0,1,3,0,1,0,0,0,0,0,0,0,0,0,1,0,1,4,1,0,0,0,0,0,0,0,2,0,0,0,0
419,0,5,2,1,5,0,5,1,2,0,3,1,0,1,3,1,1,3,5,2,2,0,1,0,1,0,4,1,1,0,0,5,0,0,0,0,0,0,0,0,0,0,2,0,0,0,0,0,1,2,5,2,0,1,0,0,0,0,0,0,1,0,0,0,0,3,0,0,0,2,1,4,0,1,0,0,0,0,0,1,0,0,0,0,0,0,2,0,0,0,0,1,0,0,0,0,1,0,0,0
420,0,5,2,1,5,0,5,1,2,0,3,1,0,1,3,1,1,3,5,2,2,0,1,0,1,0,4,1,1,0,0,5,0,0,0,0,0,0,0,0,0,0,2,0,0,0,0,0,1,2,5,2,0,1,0,0,0,0,0,0,1,0,0,0,0,3,0,0,0,2,1,4,0,1,0,0,0,0,0,1,0,0,0,0,0,0,2,0,0,0,0,1,0,0,0,0,1,0,0,0
421,7,1,4,17,8,2,4,1,4,5,0,0,1,7,10,0,0,0,0,0,0,1,2,1,0,1,0,0,0,0,0,0,1,2,0,0,5,0,2,0,0,0,0,0,0,0,1,0,5,0,0,0,2,1,0,0,0,0,0,2,0,1,0,1,0,3,0,0,1,2,1,0,0,0,0,4,1,0,0,1,0,0,0,0,0,1,0,0,0,0,0,2,0,1,5,0,0,0,2,0
422,4,0,4,3,4,0,0,1,0,4,0,0,1,5,0,1,0,0,1,0,0,3,1,7,1,1,0,0,8,0,0,0,0,0,0,0,2,0,1,0,0,3,0,0,1,1,1,0,0,1,0,0,0,0,0,0,0,0,0,0,1,0,0,0,0,0,0,0,0,0,2,0,0,2,0,0,0,0,0,0,0,0,0,0,1,0,0,0,0,0,0,2,0,0,0,0,0,1,0,0
423,3,5,0,2,5,1,0,0,1,2,2,0,0,0,8,13,2,0,0,4,3,0,2,0,0,0,0,5,7,2,0,0,0,0,0,6,2,0,0,1,1,0,0,3,0,0,0,1,2,0,0,0,0,0,3,0,2,0,0,0,0,2,0,2,0,0,0,2,1,0,1,0,0,1,0,0,2,0,2,0,0,0,2,0,0,0,0,0,1,0,0,0,0,3,1,0,0,0,0,7
424,3,5,0,2,5,1,0,0,1,2,2,0,0,0,8,13,2,0,0,4,3,0,2,0,0,0,0,5,7,2,0,0,0,0,0,6,2,0,0,1,1,0,0,3,0,0,0,1,2,0,0,0,0,0,3,0,2,0,0,0,0,2,0,2,0,0,0,2,1,0,1,0,0,1,0,0,2,0,2,0,0,0,2,0,0,0,0,0,1,0,0,0,0,3,1,0,0,0,0,7
425,6,1,1,2,0,3,2,6,5,1,1,2,2,7,2,1,1,2,9,0,1,2,1,0,0,4,5,2,0,11,0,3,7,3,0,0,2,0,2,0,2,4,8,0,0,0,1,2,0,1,1,2,1,2,0,1,1,0,0,0,3,0,0,0,6,0,2,1,2,4,1,2,1,1,2,0,2,1,0,2,0,0,0,3,0,2,1,2,0,0,2,1,2,1,0,3,3,0,1,0
426,1,3,2,14,8,0,2,1,4,6,5,2,8,2,14,9,0,1,0,3,0,3,2,0,2,0,0,7,0,0,1,0,0,1,5,6,3,0,1,2,2,1,0,0,0,0,0,1,0,1,0,0,0,1,4,2,1,0,0,0,0,3,2,0,1,2,1,2,0,0,1,0,1,1,0,0,0,0,0,0,0,0,2,0,0,0,0,0,2,0,0,0,1,5,0,0,1,6,3,3
427,3,7,4,0,1,6,2,2,1,3,0,1,1,0,3,1,4,1,0,6,0,0,0,0,1,0,0,0,0,1,0,0,3,0,0,3,2,0,1,3,1,0,1,2,0,0,3,2,1,0,0,2,0,0,2,1,0,0,1,1,0,1,0,0,1,0,4,3,2,1,1,2,1,1,0,2,1,0,0,0,0,0,1,0,0,1,0,1,0,0,1,0,1,1,0,0,0,0,0,0
428,6,6,0,1,4,1,1,2,3,0,1,1,1,2,0,2,1,1,0,9,1,1,1,1,0,1,0,0,4,0,1,0,0,2,2,0,1,0,0,4,1,0,0,2,0,0,0,1,2,0,0,0,0,0,0,0,0,0,0,0,0,0,0,0,0,0,1,1,0,0,1,0,0,1,0,0,0,0,2,0,0,0,0,0,1,0,0,0,0,0,1,0,0,2,2,0,0,1,0,2
429,6,6,0,1,4,1,1,2,3,0,1,1,1,2,0,2,1,1,0,9,1,1,1,1,0,1,0,0,4,0,1,0,0,2,2,0,1,0,0,4,1,0,0,2,0,0,0,1,2,0,0,0,0,0,0,0,0,0,0,0,0,0,0,0,0,0,1,1,0,0,1,0,0,1,0,0,0,0,2,0,0,0,0,0,1,0,0,0,0,0,1,0,0,2,2,0,0,1,0,2
430,1,6,0,1,0,0,3,5,0,0,2,0,0,2,0,0,0,0,7,0,2,0,0,0,1,0,0,0,3,3,0,0,1,1,0,0,0,0,1,0,0,1,0,1,0,0,0,0,0,0,0,1,0,0,0,1,0,0,0,0,0,0,1,0,0,0,0,0,1,1,1,0,2,1,0,0,0,0,0,1,0,0,0,0,0,2,1,0,1,0,0,0,1,2,0,0,1,0,0,0
431,5,3,1,2,2,0,4,4,2,0,3,0,0,2,2,0,0,0,1,0,0,1,1,0,1,0,1,0,8,1,0,5,0,0,0,0,0,0,0,0,0,2,0,1,0,0,0,0,1,0,1,1,1,0,0,0,0,0,0,0,2,0,0,0,0,0,0,0,2,0,2,1,0,2,0,0,1,0,1,0,0,0,0,1,2,0,0,0,0,0,0,0,0,2,0,1,0,0,0,0
432,5,3,1,2,2,0,4,4,2,0,4,0,0,2,2,0,0,0,1,0,0,1,1,0,1,0,1,0,8,1,0,5,0,0,0,0,0,0,0,0,0,2,0,1,0,0,0,0,1,0,1,1,1,0,0,0,0,0,0,0,2,0,0,0,0,0,0,0,2,0,2,1,0,2,0,0,1,0,1,0,0,0,0,1,2,0,0,0,0,0,0,0,0,2,0,1,0,0,0,0
433,1,0,1,1,4,3,0,1,0,4,0,3,1,0,0,2,6,0,0,0,3,1,1,2,0,1,0,0,4,0,1,0,0,0,4,1,0,0,0,5,1,0,0,0,2,0,0,1,2,0,0,0,0,0,0,0,1,0,4,0,0,0,0,2,0,0,3,0,0,1,1,0,0,1,0,2,0,1,0,1,0,0,0,0,0,0,0,0,1,0,0,0,1,0,0,1,0,0,0,0
434,1,3,3,1,6,2,1,4,3,0,1,2,0,0,0,1,2,1,0,1,2,1,0,4,0,2,0,0,0,1,4,0,0,0,0,0,1,0,0,5,1,0,0,3,2,0,0,0,1,0,0,0,0,0,0,0,1,0,0,2,0,0,0,0,0,0,0,0,0,0,1,0,0,1,0,1,0,1,2,0,0,0,0,2,0,0,0,0,1,0,0,0,1,1,0,0,1,1,0,0
435,1,3,3,1,6,2,1,4,3,0,1,2,0,0,0,1,2,1,0,1,2,1,0,4,0,2,0,0,0,1,4,0,0,0,0,0,1,0,0,5,1,0,0,3,2,0,0,0,1,0,0,0,0,0,0,0,1,0,0,2,0,0,0,0,0,0,0,0,0,0,1,0,0,1,0,1,0,1,2,0,0,0,0,2,0,0,0,0,1,0,0,0,1,1,0,0,1,1,0,0
436,4,0,3,0,0,1,2,1,2,1,0,2,0,1,0,1,1,0,0,0,2,1,0,0,0,1,0,0,0,0,3,0,0,0,0,0,2,0,0,3,1,0,0,0,0,0,0,1,0,0,0,0,0,0,1,1,0,1,0,5,0,2,1,0,1,0,3,1,0,0,0,0,1,0,0,2,1,1,0,1,0,0,0,0,0,0,0,0,2,0,0,0,1,0,0,0,0,1,0,0
437,1,0,4,2,10,3,6,2,4,3,2,1,1,5,0,1,0,1,0,0,2,4,1,0,0,1,0,0,9,0,0,0,0,1,0,1,1,0,0,0,1,2,0,0,1,0,1,0,0,0,0,0,9,0,0,1,1,1,0,1,0,0,0,1,0,0,0,0,0,0,2,0,0,2,0,2,0,0,0,0,0,0,0,0,0,0,0,0,1,0,0,1,0,0,0,0,0,0,0,0
438,0,4,2,0,7,0,6,4,1,1,3,0,0,2,3,1,2,2,2,2,1,0,0,0,1,0,2,0,2,0,0,3,0,0,0,1,0,0,4,0,0,0,2,0,0,0,0,0,1,1,3,0,1,0,0,0,2,0,1,0,1,0,0,0,0,3,0,0,1,1,1,1,0,1,0,0,0,0,0,0,0,0,0,1,0,5,4,0,3,0,0,0,1,1,1,3,0,0,0,0
439,0,4,2,0,7,0,6,4,1,1,3,0,0,2,3,1,2,2,2,2,1,0,0,0,1,0,2,0,2,0,0,3,0,0,0,1,0,0,4,0,0,0,2,0,0,0,0,0,1,1,3,0,1,0,0,0,2,0,1,0,1,0,0,0,0,3,0,0,1,1,1,1,0,1,0,0,0,0,0,0,0,0,0,1,0,5,4,0,3,0,0,0,1,1,1,3,0,0,0,0
440,4,9,17,2,0,22,9,6,5,3,4,9,8,5,10,1,10,7,0,2,9,1,2,0,2,5,1,6,0,3,17,0,1,13,4,5,0,0,0,11,9,1,2,0,1,0,5,0,1,14,0,1,3,5,7,1,12,3,3,2,0,5,3,2,0,1,3,3,2,2,0,0,1,0,1,4,5,5,0,7,0,0,3,5,2,0,1,3,4,0,4,0,2,0,1,1,1,2,5,0
441,1,3,7,2,8,3,0,4,5,6,1,1,0,0,0,2,3,2,0,1,4,2,2,1,0,0,0,0,0,1,5,0,0,0,0,1,0,0,2,0,1,0,0,3,1,0,2,0,2,0,0,0,0,0,0,0,1,0,1,0,0,0,0,2,0,1,0,0,1,0,1,0,0,1,0,0,0,0,1,0,2,0,0,0,1,0,0,0,2,1,0,0,0,3,0,1,0,0,0,0
442,1,3,7,2,8,3,0,4,5,6,1,1,0,0,0,2,3,2,0,1,4,2,2,1,0,0,0,0,0,1,5,0,0,0,0,1,0,0,2,0,1,0,0,3,1,0,2,0,2,0,0,0,0,0,0,0,1,0,1,0,0,0,0,2,0,1,0,0,1,0,1,0,0,1,0,0,0,0,1,0,2,0,0,0,1,0,0,0,2,1,0,0,0,3,0,1,0,0,0,0
443,3,13,23,0,0,24,2,6,14,7,5,9,7,1,16,2,10,2,0,4,9,2,4,3,7,6,0,5,0,2,12,0,1,8,2,10,0,0,0,16,10,1,1,0,0,3,0,0,0,5,0,0,1,0,4,2,3,2,1,6,2,5,5,5,0,4,5,1,1,0,0,0,1,0,0,3,3,0,0,2,0,0,3,3,3,0,1,2,4,4,3,4,1,1,2,4,1,0,2,11
444,0,5,1,2,4,1,2,2,0,1,2,0,0,1,0,1,0,1,5,0,1,0,0,0,2,0,0,0,4,0,0,0,2,1,0,1,0,0,0,0,0,0,1,0,0,0,0,0,0,0,0,1,1,0,0,0,0,0,0,0,0,0,0,0,0,0,0,0,1,2,0,1,0,0,0,1,2,3,0,1,0,0,0,2,0,0,0,1,0,0,0,0,0,0,1,1,0,0,0,0
445,6,2,0,1,3,0,10,5,0,1,5,5,0,3,2,0,1,1,0,0,0,0,2,0,7,0,1,0,8,1,0,3,0,2,1,0,0,0,0,0,0,1,4,1,0,0,0,0,0,0,1,0,5,0,0,0,2,0,0,0,4,2,0,0,0,0,0,0,1,1,1,4,0,1,0,0,1,1,2,1,0,0,0,0,1,0,0,1,2,0,0,0,2,0,3,0,0,0,2,0
446,6,2,0,1,3,0,10,5,0,1,5,5,0,3,2,0,1,1,0,0,0,0,2,0,7,0,1,0,8,1,0,3,0,2,1,0,0,0,0,0,0,1,4,1,0,0,0,0,0,0,1,0,5,0,0,0,2,0,0,0,4,2,0,0,0,0,0,0,1,1,1,4,0,1,0,0,1,1,2,1,0,0,0,0,1,0,0,1,2,0,0,0,2,0,3,0,0,0,2,0
447,0,5,2,0,4,0,2,1,1,0,4,0,0,1,1,1,1,3,2,2,0,0,0,0,0,0,1,0,3,1,0,4,2,1,0,0,0,0,0,0,0,0,2,0,0,0,0,1,1,1,4,0,0,2,0,0,0,0,0,0,0,0,0,0,0,3,0,0,0,1,1,1,0,1,1,0,1,0,0,0,0,0,0,0,1,1,3,0,1,0,1,2,0,1,1,1,0,0,0,0
448,0,5,2,0,4,0,2,1,1,0,4,0,0,1,1,1,1,3,2,2,0,0,0,0,0,0,1,0,3,1,0,4,2,1,0,0,0,0,0,0,0,0,2,0,0,0,0,1,1,1,4,0,0,2,0,0,0,0,0,0,0,0,0,0,0,3,0,0,0,1,1,1,0,1,1,0,1,0,0,0,0,0,0,0,1,1,3,0,1,0,1,2,0,1,1,1,0,0,0,0
449,0,6,3,0,4,0,2,1,0,1,2,0,0,1,0,1,1,3,7,2,2,0,0,0,1,1,1,0,5,0,0,2,3,0,0,0,0,0,0,0,0,0,2,0,1,0,1,0,1,1,2,0,2,0,0,0,0,0,0,0,2,0,0,0,0,3,0,0,2,2,1,2,0,1,2,1,1,0,1,1,0,0,0,0,0,1,4,0,0,1,0,0,0,1,1,1,0,0,0,0
450,0,6,3,0,4,0,2,1,0,1,2,0,0,1,0,1,1,3,7,2,2,0,0,0,1,1,1,0,5,0,0,2,3,0,0,0,0,0,0,0,0,0,2,0,1,0,1,0,1,1,2,0,2,0,0,0,0,0,0,0,2,0,0,0,0,3,0,0,2,2,1,2,0,1,2,1,1,0,1,1,0,0,0,0,0,1,4,0,0,1,0,0,0,1,1,1,0,0,0,0
451,6,2,0,0,0,4,6,6,2,1,1,2,3,1,3,2,0,4,10,0,1,2,1,1,1,3,6,2,0,7,1,4,7,4,1,0,1,0,0,0,2,4,5,0,0,0,1,2,0,1,1,2,2,2,1,1,1,0,0,1,5,0,0,0,6,0,2,0,1,5,0,3,1,0,1,1,2,1,0,2,1,0,1,4,1,1,2,3,0,1,3,0,1,1,1,3,4,0,0,1
452,0,3,0,0,1,1,2,4,0,0,3,0,0,0,0,1,0,2,3,0,1,1,1,0,1,0,0,0,2,0,0,0,0,2,1,0,0,0,0,1,1,0,0,0,0,0,0,0,0,1,0,0,0,1,1,0,0,0,0,0,0,0,0,1,0,0,0,0,0,1,0,0,0,0,0,0,0,0,0,0,0,0,1,0,0,0,0,0,1,0,1,0,0,1,0,0,0,1,0,0
453,0,1,0,3,5,0,5,2,0,0,1,0,0,2,0,1,2,1,1,0,3,0,0,1,2,1,3,0,1,0,1,4,1,0,1,0,0,0,0,0,0,0,1,0,0,0,0,2,2,0,3,0,2,1,0,0,2,0,0,0,0,0,0,0,0,3,0,0,0,0,1,0,0,1,0,0,2,0,0,0,0,0,0,0,0,1,1,1,1,0,1,0,0,1,0,2,1,0,0,0
454,0,1,0,3,5,0,5,2,0,0,1,0,0,2,0,1,2,1,1,0,3,0,0,1,2,1,3,0,1,0,1,4,1,0,1,0,0,0,0,0,0,0,1,0,0,0,0,2,2,0,3,0,2,1,0,0,2,0,0,0,0,0,0,0,0,3,0,0,0,0,1,0,0,1,0,0,2,0,0,0,0,0,0,0,0,1,1,1,1,0,1,0,0,1,0,2,1,0,0,0
455,0,2,3,1,2,0,1,1,0,0,2,0,0,0,0,1,1,2,2,2,1,0,0,0,1,1,1,2,0,0,0,3,0,0,0,0,0,0,0,0,0,0,2,0,1,0,0,0,0,1,3,0,0,0,0,0,0,0,0,0,0,0,0,0,0,3,0,0,0,1,1,2,0,1,0,0,0,0,1,1,0,0,0,0,0,0,2,0,0,0,0,1,0,1,1,1,0,0,0,0
456,0,2,3,1,2,0,1,1,0,0,2,0,0,0,0,1,1,2,2,2,1,0,0,0,1,1,1,2,0,0,0,3,0,0,0,0,0,0,0,0,0,0,2,0,1,0,0,0,0,1,3,0,0,0,0,0,0,0,0,0,0,0,0,0,0,3,0,0,0,1,1,2,0,1,0,0,0,0,1,1,0,0,0,0,0,0,2,0,0,0,0,1,0,1,1,1,0,0,0,0
457,1,7,1,1,19,3,9,1,3,7,3,3,4,1,7,4,1,0,0,0,0,0,0,7,0,4,0,3,0,1,0,0,1,1,2,2,0,1,5,0,1,7,1,6,5,1,0,0,0,2,0,1,0,0,1,2,6,2,0,1,2,1,1,0,0,1,0,0,2,3,0,0,0,0,1,1,0,1,1,0,0,0,2,2,1,2,0,0,0,1,2,2,0,0,0,0,0,0,3,0
458,0,1,0,1,1,7,0,1,1,0,0,4,0,0,0,2,4,1,0,0,0,1,1,1,1,1,0,0,0,0,3,0,1,2,0,0,0,1,0,3,1,0,0,1,2,0,0,0,1,0,0,0,0,0,0,0,2,0,0,0,1,0,0,2,0,0,2,0,0,0,1,0,0,1,1,0,0,0,1,1,0,0,0,1,1,0,0,0,0,1,0,0,0,0,0,0,0,0,0,0
459,3,3,0,4,6,0,10,5,0,0,2,3,5,2,3,1,1,5,2,1,1,1,3,0,3,1,2,0,1,4,1,2,1,0,1,0,1,0,0,0,0,0,0,2,0,3,3,1,1,1,1,2,0,0,0,0,0,0,0,0,0,0,1,0,0,2,0,0,3,1,1,0,0,1,0,1,0,0,6,1,0,0,0,0,0,0,0,0,1,0,0,0,0,3,0,1,0,0,0,0
460,3,3,0,4,6,0,10,5,0,0,2,3,5,2,3,1,1,5,2,1,1,1,3,0,3,1,2,0,1,4,1,2,1,0,1,0,1,0,0,0,0,0,0,2,0,3,3,1,1,1,1,2,0,0,0,0,0,0,0,0,0,0,1,0,0,2,0,0,3,1,1,0,0,1,0,1,0,0,6,1,0,0,0,0,0,0,0,0,1,0,0,0,0,3,0,1,0,0,0,0
461,1,8,3,1,9,6,1,4,3,0,3,2,10,0,2,1,2,3,0,1,1,1,3,0,0,2,0,0,2,0,3,1,0,1,1,0,1,0,0,4,3,2,1,2,1,1,18,0,0,2,1,0,0,1,0,0,3,1,0,1,0,1,2,4,0,0,0,0,0,0,1,1,0,1,0,5,2,2,2,0,0,0,0,0,2,0,0,0,2,0,2,1,1,0,13,0,4,1,1,2
462,1,8,3,1,9,6,1,4,3,0,3,2,10,0,2,1,2,3,0,1,1,1,3,0,0,2,0,0,2,0,3,1,0,1,1,0,1,0,0,4,3,2,1,2,1,1,18,0,0,2,1,0,0,1,0,0,3,1,0,1,0,1,2,4,0,0,0,0,0,0,1,1,0,1,0,5,2,2,2,0,0,0,0,0,2,0,0,0,2,0,2,1,1,0,13,0,4,1,1,2
463,7,4,0,4,2,0,6,3,2,0,4,2,4,4,3,0,1,4,0,0,1,1,1,0,3,1,1,0,5,0,1,3,2,0,0,0,1,0,0,0,0,0,0,0,0,0,2,0,1,0,1,2,0,0,1,0,0,0,0,0,3,0,0,0,1,1,0,0,1,0,1,3,0,1,1,1,0,0,1,0,0,0,0,1,2,1,0,0,0,0,0,0,0,1,0,1,0,0,0,0
464,7,4,0,4,2,0,6,3,2,0,4,2,4,4,3,0,1,4,0,0,1,1,1,0,3,1,1,0,5,0,1,3,2,0,0,0,1,0,0,0,0,0,0,0,0,0,2,0,1,0,1,2,0,0,1,0,0,0,0,0,3,0,0,0,1,1,0,0,1,0,1,3,0,1,1,1,0,0,1,0,0,0,0,1,2,1,0,0,0,0,0,0,0,1,0,1,0,0,0,0
465,6,4,2,1,1,0,7,3,1,0,8,0,3,3,1,0,0,3,3,0,2,0,1,0,4,1,4,0,8,0,0,5,0,0,1,0,1,0,1,0,0,0,1,1,0,0,2,0,1,0,2,2,1,0,1,0,0,0,0,0,4,0,0,0,0,0,0,0,1,0,1,1,0,1,0,1,0,0,3,0,0,0,0,0,1,0,0,0,0,0,0,0,0,3,0,1,0,0,0,0
466,6,4,2,1,1,0,7,3,1,0,8,0,3,3,1,0,0,3,3,0,2,0,1,0,4,1,4,0,8,0,0,5,0,0,1,0,1,0,1,0,0,0,1,1,0,0,2,0,1,0,2,2,1,0,1,0,0,0,0,0,4,0,0,0,0,0,0,0,1,0,1,1,0,1,0,1,0,0,3,0,0,0,0,0,1,0,0,0,0,0,0,0,0,3,0,1,0,0,0,0
467,0,2,3,0,4,1,2,2,2,1,2,1,1,0,1,1,1,5,0,2,1,0,0,0,1,1,1,0,1,0,0,3,0,1,3,0,0,0,1,0,0,1,1,1,0,0,0,1,1,1,3,0,0,0,2,0,0,0,2,0,0,1,1,1,0,3,0,0,0,1,1,0,0,1,0,0,1,2,0,1,0,0,1,0,0,0,2,2,0,0,0,1,0,2,0,1,0,0,1,0
468,0,2,3,0,4,1,2,2,2,1,2,1,1,0,1,1,1,5,0,2,1,0,0,0,1,1,1,0,1,0,0,3,0,1,3,0,0,0,1,0,0,1,1,1,0,0,0,1,1,1,3,0,0,0,2,0,0,0,2,0,0,1,1,1,0,3,0,0,0,1,1,0,0,1,0,0,1,2,0,1,0,0,1,0,0,0,2,2,0,0,0,1,0,2,0,1,0,0,1,0
469,0,3,0,0,1,1,2,5,0,0,2,0,0,1,0,1,0,1,4,0,1,0,2,0,0,0,0,0,3,2,0,0,2,1,0,0,0,0,0,0,0,0,0,0,1,0,0,1,0,0,0,3,1,1,0,1,0,0,1,0,0,0,0,1,0,0,0,0,1,1,0,1,1,0,0,1,1,0,0,0,0,0,0,0,0,2,0,2,0,0,0,0,0,0,0,0,0,0,0,0
470,6,2,1,1,0,5,1,8,2,3,1,2,0,1,2,2,0,2,8,2,1,2,1,2,1,2,5,1,0,8,2,3,6,4,0,0,2,0,0,0,2,5,6,0,0,0,0,3,0,1,1,2,4,0,2,1,2,0,0,1,2,0,0,2,6,0,2,1,1,0,1,0,1,0,1,1,2,0,0,2,1,0,2,4,2,1,3,2,1,0,2,1,1,2,0,3,3,0,0,1
471,3,6,3,0,0,5,0,1,3,2,1,3,0,0,2,3,4,0,0,0,0,0,1,0,0,2,0,3,0,0,1,0,0,0,1,4,0,2,0,1,4,4,0,0,1,1,0,0,1,1,0,4,0,0,0,1,2,1,0,2,0,0,1,2,0,0,1,0,1,0,0,0,1,0,0,1,1,3,0,1,0,0,0,0,0,0,0,1,0,0,0,2,0,0,0,0,1,0,2,0
472,0,2,1,2,1,0,1,4,0,3,1,0,2,0,0,2,0,4,1,0,0,0,0,1,0,1,0,0,0,1,0,0,0,1,0,0,0,0,1,0,0,0,0,0,0,0,0,0,1,0,0,0,0,0,0,0,0,0,0,0,0,0,0,1,0,0,0,0,1,0,0,0,1,0,0,1,0,0,0,0,0,0,0,0,0,0,1,0,0,0,1,0,0,1,0,0,0,0,0,0
473,5,0,0,2,13,2,4,3,6,3,0,1,0,9,3,1,10,2,1,0,5,3,1,1,3,1,4,1,0,1,1,5,0,2,4,1,2,1,2,3,4,0,1,0,3,2,2,0,0,0,1,2,2,2,1,1,0,0,1,0,1,2,0,1,2,0,11,0,1,0,2,0,2,2,2,0,2,2,0,3,1,0,1,1,3,0,0,1,1,1,2,2,0,0,1,1,0,0,1,0
474,5,0,0,2,13,2,4,3,6,3,0,1,0,9,3,1,10,2,1,0,5,3,1,1,3,1,4,1,0,1,1,5,0,2,4,1,2,1,2,3,4,0,1,0,3,2,2,0,0,0,1,2,2,2,1,1,0,0,1,0,1,2,0,1,2,0,11,0,1,0,2,0,2,2,2,0,2,2,0,3,1,0,1,1,3,0,0,1,1,1,2,2,0,0,1,1,0,0,1,0
475,5,0,0,2,13,2,4,3,6,3,0,1,0,9,3,1,10,2,1,0,5,3,1,1,3,1,4,1,0,1,1,5,0,2,4,1,2,1,2,3,4,0,1,0,3,2,2,0,0,0,1,2,2,2,1,1,0,0,1,0,1,2,0,1,2,0,11,0,1,0,2,0,2,2,2,0,2,2,0,3,1,0,1,1,3,0,0,1,1,1,2,2,0,0,1,1,0,0,1,0
