articles,million,bhd,said,share,wa,year,price,petrona,ha,stock,market,sen,compani,oil,group,billion,thi,s,contract,malaysia,profit,trade,research,ga,also,includ,us,expect,today,project,net,revenu,hold,klci,per,end,valu,earn,sdn,quarter,last,kuala,lumpur,develop,valuat,fbm,activ,higher,note,point,may,new,base,time,financi,oper,lower,servic,product,first,fundament,close,investor,due,counter,accord,manag,bank,bursa,would,gain,say,top,gainer,work,fell,secur,2015,31,remain,score,rate,current,construct,rose,industri,report,invest,busi,edg,ad,one,continu,two,unit,high,local,target,index,month
0,0,26,4,2,1,1,0,2,0,1,3,0,2,1,1,2,0,0,0,1,0,1,2,3,0,4,2,1,1,0,0,0,2,3,0,0,1,1,0,0,0,2,2,1,0,3,1,2,0,3,0,0,0,1,1,0,0,0,0,0,0,0,2,0,1,1,0,0,0,0,2,0,1,2,0,0,0,0,0,1,0,0,0,0,1,1,0,0,0,0,0,0,2,0,0,2,0,0,4,0
1,7,4,0,3,1,5,0,0,5,1,1,0,0,0,5,5,2,0,2,0,0,1,1,0,2,0,8,1,0,4,2,1,2,0,3,1,2,1,0,1,1,0,0,0,0,0,0,2,1,2,0,2,1,4,2,0,1,0,1,0,0,0,0,0,0,0,0,0,0,0,0,0,0,0,0,0,3,0,0,0,0,3,2,0,0,0,0,0,0,0,1,0,0,0,0,0,0,0,0,0
2,2,3,5,6,3,2,7,1,3,0,0,5,2,3,7,0,2,6,4,0,0,1,2,2,0,0,2,2,2,0,0,0,1,0,4,0,2,0,1,0,0,1,1,0,0,0,0,0,2,0,3,0,2,1,1,0,0,1,0,0,0,1,0,0,3,1,0,1,0,0,0,0,0,0,1,1,1,0,0,0,0,3,3,0,0,0,0,0,0,0,1,0,0,0,1,2,0,2,0,1
3,0,3,0,0,1,1,1,4,0,1,0,0,0,0,0,0,1,0,1,1,0,0,1,5,1,0,0,0,0,0,0,0,2,0,3,0,2,3,0,0,0,0,0,0,0,0,0,0,0,0,0,0,2,1,1,0,0,0,0,0,0,0,0,0,0,0,0,0,0,1,0,0,0,0,0,0,0,0,0,0,0,2,5,0,0,0,0,0,0,0,0,0,0,0,0,0,0,1,0,0
4,1,2,0,1,1,0,0,1,0,0,0,2,1,0,0,0,1,0,1,1,0,1,0,0,0,0,0,0,0,0,0,0,0,0,0,0,0,0,1,0,0,1,1,0,0,0,1,0,0,0,0,0,0,0,0,0,0,1,0,0,0,0,0,0,0,0,0,0,0,0,0,0,0,0,0,0,0,0,0,0,0,0,0,1,1,0,0,0,0,0,1,0,0,0,1,0,0,0,0,0
5,1,4,5,2,1,0,0,3,2,1,1,2,0,3,1,1,0,2,7,0,0,1,0,3,0,0,0,0,1,0,0,0,0,0,0,0,0,0,2,0,0,1,1,0,0,0,0,0,0,0,0,0,0,0,0,0,0,4,1,0,0,0,0,0,0,0,0,0,0,0,0,0,0,0,1,0,2,0,0,0,0,0,0,0,0,0,0,0,0,0,0,0,0,0,2,0,0,0,0,0
6,2,1,0,2,1,1,0,1,2,2,2,1,0,0,0,0,1,0,0,1,0,1,0,0,0,0,0,0,2,0,0,0,0,0,0,0,0,0,0,0,0,1,1,1,0,0,0,0,0,0,1,0,0,0,0,0,0,4,0,0,0,0,0,0,0,1,0,0,1,0,0,0,0,0,0,0,1,0,0,0,0,0,0,0,0,0,0,0,0,0,0,0,0,0,0,0,0,0,0,1
7,8,3,4,3,0,4,1,5,3,1,1,1,4,2,0,0,2,0,13,1,3,1,0,1,0,0,0,1,0,0,2,1,0,0,1,2,2,1,2,0,1,1,1,0,0,0,0,0,1,1,0,0,0,4,2,0,1,0,1,0,0,1,0,1,1,1,0,0,2,0,0,0,0,0,5,0,0,0,0,0,0,0,0,0,0,0,0,0,0,0,0,3,0,2,3,0,0,0,0,1
8,2,4,3,3,1,3,1,3,1,1,3,1,3,1,1,0,0,0,9,2,0,1,0,1,0,0,0,1,2,0,1,0,0,0,1,1,1,1,2,0,1,1,1,0,0,0,0,0,1,0,0,0,0,2,1,0,0,0,0,0,0,2,0,0,1,0,0,0,3,0,0,0,0,0,3,0,1,0,0,0,0,0,0,0,0,0,0,0,0,0,0,2,0,1,1,0,0,0,0,1
9,0,4,0,1,0,3,3,1,1,1,0,1,0,2,6,2,1,0,5,0,0,0,1,0,0,0,1,1,0,0,0,0,0,0,2,0,1,1,2,0,1,0,0,1,0,0,1,0,0,0,0,2,1,4,2,0,0,0,0,1,0,0,0,0,0,0,0,0,0,0,0,1,0,0,2,0,2,0,0,1,0,0,1,0,0,0,0,0,0,0,0,1,2,0,0,0,0,1,0,0
10,2,5,2,2,0,4,1,1,2,1,3,0,1,0,0,0,1,0,6,2,0,1,0,0,0,0,0,0,0,0,0,0,0,0,0,0,1,0,2,0,1,1,1,0,0,0,0,0,0,0,0,0,0,2,0,0,1,1,0,1,0,1,0,0,0,1,0,0,2,0,0,0,0,0,2,0,1,0,0,0,0,0,0,0,0,0,0,0,0,0,1,1,0,0,0,0,0,0,0,0
11,0,2,0,1,1,3,0,1,0,0,0,1,0,0,0,0,1,0,2,0,0,1,0,0,0,1,0,0,0,0,0,0,0,0,0,0,0,0,1,0,1,1,1,0,0,0,0,0,0,0,0,0,0,0,0,0,0,2,0,1,0,0,0,0,0,0,0,0,0,0,0,0,0,0,0,0,0,0,0,0,0,0,0,0,1,0,0,0,0,0,0,1,0,0,0,0,0,0,0,0
12,2,5,2,2,0,4,1,2,2,2,3,0,1,0,0,0,1,0,5,2,0,1,0,0,0,1,0,0,1,0,0,0,0,0,0,0,1,0,2,0,1,1,1,0,0,0,0,0,0,0,0,0,0,2,0,0,1,2,0,1,0,1,0,0,0,1,0,0,2,0,0,0,0,0,2,0,1,0,0,0,0,0,0,0,0,0,0,0,0,0,1,1,0,0,0,0,0,0,0,0
13,0,6,1,0,21,4,0,1,0,1,0,0,0,0,3,2,3,0,0,4,2,0,0,0,3,2,3,0,0,2,0,0,1,0,0,0,0,0,0,0,0,1,1,1,0,0,0,0,0,0,0,5,0,0,0,12,0,1,0,2,0,1,0,1,0,0,8,0,0,4,0,2,1,0,0,0,0,0,0,0,0,0,1,0,0,3,0,0,0,0,0,1,1,0,0,0,1,0,0,0
14,9,24,5,31,58,63,76,4,7,54,22,7,22,2,7,12,30,0,2,3,6,2,39,6,24,10,1,9,2,5,9,3,21,2,2,1,3,16,1,3,10,1,0,4,2,3,4,7,12,5,12,8,6,29,0,1,3,0,7,2,1,11,9,3,4,10,5,5,0,19,17,1,1,0,3,0,7,2,1,10,0,2,6,14,3,8,4,6,3,4,0,4,10,7,0,8,1,30,3,14
15,1,3,0,3,4,1,3,5,0,3,0,4,0,3,1,2,0,0,1,4,0,2,0,1,0,0,7,1,2,0,0,0,1,3,0,0,0,0,0,0,1,1,1,0,0,1,0,3,0,2,1,0,0,2,0,0,0,0,0,2,0,1,0,0,2,0,0,0,3,0,3,0,2,2,0,0,0,2,0,0,0,0,0,0,2,0,2,0,0,0,1,0,0,0,0,1,0,0,0,0
16,2,2,1,2,0,0,0,1,0,0,0,2,0,0,0,0,1,0,1,0,0,2,0,0,0,0,1,1,0,0,0,0,0,0,0,0,0,0,1,0,0,1,1,1,0,0,1,0,0,0,0,0,0,0,0,0,0,0,2,0,0,0,0,0,0,0,0,0,0,0,0,0,0,0,0,0,0,0,1,0,0,0,0,0,2,0,0,0,0,0,0,0,1,0,0,0,0,0,0,0
17,1,4,2,4,1,0,0,4,0,1,0,3,1,3,0,0,2,5,3,0,0,2,0,0,0,0,0,1,0,0,0,0,0,0,0,0,0,0,3,0,0,1,1,1,0,0,0,0,0,0,0,0,0,0,0,1,0,0,4,0,0,0,0,0,0,0,0,0,0,0,0,0,0,0,0,0,0,0,1,0,0,0,0,0,0,0,0,0,0,0,0,0,1,0,0,1,0,0,0,0
18,2,3,2,2,0,1,0,2,0,0,0,3,0,0,1,0,1,0,2,0,0,1,0,0,0,0,0,0,1,0,0,0,0,0,0,0,0,0,2,0,0,1,1,0,0,0,0,0,0,0,0,0,0,0,0,0,0,1,1,0,0,0,0,0,0,0,0,0,0,0,0,0,0,0,0,0,0,0,0,0,0,0,0,0,1,0,0,0,0,0,0,1,0,0,0,0,0,0,0,0
19,0,2,0,1,1,0,1,4,0,1,0,1,0,2,0,0,0,2,0,3,0,1,0,5,0,0,1,0,4,0,0,0,0,4,0,0,0,0,0,0,0,1,1,0,0,1,0,0,1,4,1,0,0,0,0,0,0,0,0,0,0,0,0,0,0,0,0,1,3,0,1,0,1,3,0,0,0,0,0,0,0,0,0,0,1,0,0,1,0,0,1,0,0,0,0,0,0,0,1,0
20,1,3,2,2,0,0,0,3,0,0,0,3,1,0,2,0,0,1,2,0,0,1,0,0,0,0,0,2,0,0,0,0,0,0,0,0,0,1,1,0,0,1,1,0,0,0,0,0,0,0,0,0,0,0,0,0,0,0,0,0,0,0,0,0,0,0,0,0,0,0,1,0,0,0,2,0,1,0,0,0,0,0,0,1,1,0,0,0,0,0,1,0,0,1,0,0,0,0,0,1
21,3,4,1,4,2,3,2,2,1,1,3,4,0,0,2,1,0,0,1,0,0,4,1,0,0,0,0,4,0,0,0,0,1,0,0,0,0,1,1,0,1,1,1,0,0,0,3,0,1,1,0,0,0,0,1,0,1,1,0,0,0,1,0,2,1,0,0,1,0,0,0,0,0,0,0,2,0,1,1,0,0,1,1,1,0,0,1,1,0,1,2,0,0,0,0,0,0,0,0,0
22,0,3,1,3,3,0,1,4,0,1,4,1,1,0,1,2,0,4,0,2,1,1,1,3,0,0,1,1,1,0,0,0,0,3,0,0,0,0,1,0,0,1,1,0,0,1,1,0,0,2,0,0,0,0,0,0,0,0,0,0,0,1,1,0,1,0,2,0,2,0,2,0,0,2,0,1,1,0,0,0,0,1,0,0,2,0,2,0,0,0,0,0,0,0,0,0,0,0,0,0
23,1,27,1,0,5,12,4,10,13,1,6,0,14,20,5,2,13,0,4,5,0,1,0,16,3,0,4,1,0,6,0,0,3,0,1,1,0,0,6,0,6,0,0,3,1,0,7,0,0,0,2,1,0,8,2,0,0,2,1,2,1,0,1,0,0,1,3,15,0,3,0,16,1,0,4,1,0,1,0,0,0,1,3,1,0,11,3,6,1,4,0,2,2,2,2,0,5,0,0,2
24,1,3,1,3,2,4,1,2,0,0,1,3,1,0,0,1,1,3,1,0,0,4,1,0,0,0,0,4,0,0,0,0,1,0,0,0,0,1,1,0,1,1,1,0,0,0,3,0,1,1,0,0,0,0,0,0,0,1,0,0,0,1,0,2,0,0,0,1,0,0,0,0,0,0,0,0,0,1,1,0,0,1,1,1,0,0,0,1,0,0,1,0,1,0,0,0,0,0,0,0
25,1,4,0,4,2,2,0,1,1,1,0,0,1,0,6,0,2,3,1,0,0,0,0,0,3,1,0,0,1,1,1,0,0,0,2,2,1,1,3,0,0,1,1,1,0,0,1,0,1,0,0,0,0,0,2,0,0,0,0,0,0,1,0,0,1,1,2,0,0,0,0,0,0,0,0,0,0,0,1,0,0,0,1,0,0,0,0,0,6,0,0,2,0,0,1,0,0,0,0,0
26,1,2,2,3,1,0,0,1,0,1,0,6,0,1,2,0,1,6,1,0,0,2,1,0,0,1,0,0,1,0,0,0,0,0,0,0,3,0,1,0,0,1,1,0,1,0,1,0,1,0,0,0,1,0,0,1,0,0,1,0,0,0,0,0,0,0,0,1,0,1,0,0,0,0,0,0,0,0,0,0,0,0,1,0,2,0,0,1,0,0,0,0,0,0,0,1,0,0,0,0
27,1,3,1,2,2,1,3,1,2,1,2,4,1,5,1,1,0,0,1,0,0,2,0,0,2,0,0,0,1,0,0,0,0,0,0,1,0,0,2,0,0,1,1,1,0,0,0,0,0,0,0,0,0,0,1,0,0,0,2,0,0,1,1,0,1,0,0,0,0,0,2,0,0,0,0,0,0,0,0,0,0,0,3,0,1,0,0,0,0,0,0,0,0,0,0,1,0,0,0,0
28,1,3,1,3,0,0,0,1,0,1,0,3,1,4,0,0,1,0,1,0,0,1,0,0,1,0,0,0,0,0,0,0,0,0,0,0,0,0,2,0,0,1,1,1,0,0,1,0,0,0,0,0,0,0,0,0,0,0,2,0,0,0,0,0,0,0,0,0,0,0,0,0,0,0,0,0,0,0,0,0,0,0,0,0,2,0,0,0,0,0,0,0,0,0,0,1,0,0,0,0
29,1,3,1,3,0,0,0,1,0,1,0,3,1,4,0,0,1,0,1,0,0,1,0,0,1,0,0,0,0,0,0,0,0,0,0,0,0,0,2,0,0,1,1,1,0,0,1,0,0,0,0,0,0,0,0,0,0,0,2,0,0,0,0,0,0,0,0,0,0,0,0,0,0,0,0,0,0,0,0,0,0,0,0,0,2,0,0,0,0,0,0,0,0,0,0,1,0,0,0,0
30,14,1,0,2,0,4,2,1,8,3,1,1,7,1,10,1,5,0,0,4,4,2,0,0,2,1,8,1,1,0,3,5,1,0,0,2,0,1,0,2,2,0,0,0,0,0,1,0,1,0,5,3,0,2,0,6,0,1,5,0,0,1,1,0,0,0,3,0,0,1,0,11,2,0,3,0,1,1,0,0,0,0,4,0,1,1,0,2,5,0,0,6,2,1,0,0,0,2,0,2
31,3,9,8,1,1,2,6,4,6,1,0,0,2,10,2,3,3,0,6,1,3,1,2,2,3,0,1,0,0,0,1,2,2,0,1,2,2,4,1,9,0,1,1,0,3,0,0,1,1,0,2,1,0,0,3,1,1,1,1,3,0,0,2,1,1,0,0,1,0,0,1,0,0,0,3,0,2,0,1,1,0,3,1,0,0,0,0,2,0,1,1,0,0,2,0,1,2,0,0,0
32,1,7,5,1,0,5,0,3,2,1,1,1,0,1,1,2,0,2,10,3,0,0,0,2,2,2,0,3,2,2,0,0,0,0,0,1,0,1,5,0,0,1,1,1,0,0,0,0,0,0,0,0,0,0,1,0,0,2,0,0,0,1,0,0,0,1,1,0,1,0,0,0,0,0,9,0,0,0,2,0,0,0,0,3,0,0,0,0,0,0,1,2,0,1,2,1,0,0,0,0
33,0,1,2,1,1,0,2,1,2,2,1,5,0,0,0,0,1,0,2,1,0,0,2,0,0,0,1,1,2,0,0,0,0,0,0,0,0,2,0,0,0,1,1,0,0,0,0,0,1,0,0,0,1,0,0,0,2,0,0,0,0,0,0,0,0,0,0,0,0,0,0,0,0,0,0,2,1,0,0,0,0,0,0,0,0,0,0,0,0,0,0,1,0,0,0,0,0,2,0,0
34,0,3,0,1,1,0,0,1,2,0,0,2,1,1,0,0,1,0,1,1,0,2,0,0,0,0,0,0,0,0,0,0,2,0,0,0,0,0,2,0,0,1,1,3,0,0,0,0,0,0,0,0,0,0,0,0,0,2,3,1,0,0,0,0,0,0,0,0,0,0,0,0,0,0,0,0,0,0,0,1,0,0,0,0,1,0,0,0,0,0,0,0,0,0,0,0,0,0,0,0
35,0,1,2,0,1,0,2,1,3,1,1,3,0,0,0,0,1,0,2,1,0,0,2,0,0,0,1,1,1,0,0,0,0,0,0,0,0,2,0,0,0,1,1,0,0,0,0,0,1,0,0,0,1,0,0,0,2,0,0,0,0,0,0,0,0,0,0,0,0,0,0,0,0,0,0,0,1,0,0,0,0,0,0,0,0,0,0,0,0,0,0,1,0,0,0,0,0,2,0,0
36,6,1,2,6,0,2,8,2,2,3,2,5,2,2,1,5,0,0,0,0,2,0,2,0,2,0,0,4,0,0,3,1,1,0,3,1,0,2,0,1,1,1,1,0,1,0,0,3,3,0,1,0,0,2,2,0,1,0,0,0,0,1,0,0,0,0,0,0,0,0,5,0,0,0,0,0,0,0,0,1,0,0,0,0,0,1,0,0,1,0,0,0,0,0,0,0,0,1,0,2
37,19,8,2,6,18,8,1,2,5,1,1,2,8,7,0,3,7,0,7,2,0,0,0,7,1,2,4,0,0,0,2,4,2,0,1,1,4,1,2,0,5,0,0,0,0,0,0,0,0,0,2,2,0,2,0,0,0,0,1,1,0,0,0,2,0,0,4,0,0,0,0,2,0,0,6,1,1,1,0,3,0,2,1,4,0,2,0,1,0,0,1,2,0,2,2,0,0,0,0,4
38,19,17,0,1,7,14,1,3,3,1,3,2,6,0,7,2,5,0,9,4,14,0,0,0,1,7,2,1,1,11,0,6,3,0,1,1,4,3,10,3,6,0,0,8,0,0,0,2,0,0,1,2,0,2,2,6,1,10,0,1,0,1,0,4,0,2,22,0,2,0,0,11,0,0,0,0,3,1,1,0,0,1,1,1,0,4,0,0,3,1,0,0,1,0,3,3,0,1,0,3
39,0,1,0,1,0,1,2,2,0,1,0,0,1,0,1,0,0,1,0,0,0,1,0,0,0,0,0,0,2,0,0,0,1,0,0,0,0,0,0,0,1,1,1,0,0,0,0,0,0,0,0,0,0,0,0,0,0,0,0,0,0,0,1,0,0,0,0,0,0,1,0,0,0,0,0,0,0,0,0,0,0,3,0,0,0,0,0,0,0,0,0,0,0,0,0,0,0,2,0,1
40,6,12,1,11,10,3,11,1,4,10,1,7,4,0,5,0,5,0,2,3,1,2,0,0,2,2,0,0,0,0,4,1,1,0,0,3,1,1,1,2,5,0,0,0,1,0,0,0,0,0,6,0,0,3,1,0,0,2,0,3,1,1,2,0,1,0,0,0,0,0,0,0,0,0,0,1,0,0,3,1,0,0,0,0,3,0,1,0,0,0,0,1,4,2,0,0,0,0,0,0
41,3,3,1,4,1,2,1,1,0,1,1,2,0,1,0,0,1,0,3,1,0,2,0,0,0,0,0,0,0,0,1,0,0,0,0,0,1,1,1,0,1,0,0,0,1,0,0,1,0,0,0,1,0,2,0,0,0,1,0,0,1,0,0,0,0,0,0,0,0,0,0,0,0,0,0,0,0,0,0,0,0,1,1,1,0,0,0,0,0,0,0,1,0,1,0,0,0,0,0,1
42,0,4,0,5,1,1,5,1,2,2,0,3,1,0,0,0,1,0,4,1,0,1,1,1,0,1,0,3,0,0,0,0,0,0,1,0,0,4,0,0,0,0,0,0,0,0,1,0,0,0,1,0,1,0,0,0,0,0,0,0,1,0,1,0,0,0,0,0,0,0,0,0,0,0,3,0,0,0,0,1,0,1,0,1,0,0,0,0,0,0,0,0,1,0,0,0,0,1,0,0
43,0,3,0,1,0,0,0,2,2,0,0,2,0,0,0,0,0,0,4,0,0,2,0,0,0,1,0,0,1,0,0,0,0,0,0,0,1,0,2,0,0,1,1,0,0,0,0,0,0,0,0,0,0,0,0,0,0,0,0,0,0,0,0,0,0,0,0,0,0,0,0,0,0,0,2,0,1,0,0,0,0,1,0,1,2,0,0,0,0,0,0,0,0,0,0,0,0,0,0,0
44,2,1,6,3,3,0,2,1,0,4,0,1,0,0,1,0,0,0,0,0,0,2,4,0,0,0,0,0,0,0,0,0,0,0,0,0,0,0,0,0,0,1,1,0,0,0,0,0,0,0,0,0,0,0,0,0,0,0,0,0,0,1,0,0,0,0,0,0,0,1,0,0,0,0,0,0,0,0,0,1,0,0,1,0,0,0,0,0,0,0,0,0,1,0,0,0,0,0,1,0
45,0,2,1,1,0,0,0,1,1,0,0,1,0,1,0,0,0,0,3,0,0,1,0,0,0,0,0,0,1,1,0,0,1,0,0,0,0,0,1,0,0,1,1,0,0,0,0,0,0,0,0,0,0,0,0,0,0,1,0,0,0,0,0,0,0,0,0,0,0,0,0,0,0,0,1,0,0,0,0,0,0,0,0,1,1,0,0,0,0,0,0,0,0,0,0,0,0,0,0,0
46,0,9,9,3,2,4,14,3,3,7,2,0,11,11,2,3,3,0,5,1,1,5,3,1,4,2,10,3,0,2,1,1,5,0,10,1,2,5,0,4,4,1,1,3,3,0,2,0,4,1,0,0,0,7,2,1,1,3,4,1,1,0,0,1,1,1,0,3,0,1,0,0,1,0,0,0,0,1,2,0,0,4,3,3,1,0,4,3,1,1,2,0,4,0,0,0,1,0,0,0
47,3,5,7,5,4,2,5,1,2,3,13,3,2,6,0,0,2,0,1,2,2,4,0,2,3,3,12,1,1,0,0,0,0,2,0,1,1,0,1,0,1,1,1,0,0,5,2,0,0,6,0,1,1,2,1,0,0,1,0,0,2,1,2,0,6,2,2,1,2,1,2,4,1,0,0,3,0,0,0,1,0,0,1,1,1,0,1,2,0,1,3,0,0,2,0,0,1,0,5,0
48,5,5,2,1,1,0,0,2,2,0,0,2,1,2,0,0,0,0,3,1,0,1,0,1,0,0,1,0,1,0,0,0,0,0,0,0,0,0,2,0,0,1,1,0,0,0,1,0,0,0,0,1,0,0,0,0,0,1,1,1,0,0,0,0,0,0,0,0,0,0,0,0,0,0,1,0,0,0,0,0,0,0,0,0,1,0,0,1,0,0,0,0,0,1,2,0,0,0,0,0
49,1,3,3,0,1,2,0,3,0,1,1,0,3,4,3,1,0,2,1,1,0,1,0,2,1,3,0,0,2,1,0,0,0,0,0,0,0,0,1,0,1,1,1,0,0,0,0,0,0,0,0,0,1,0,0,0,1,2,1,0,0,1,0,0,0,0,0,0,0,0,0,0,0,0,1,0,2,0,0,0,0,0,0,0,0,0,1,0,0,0,0,0,0,1,0,0,0,1,0,1
50,13,11,7,4,3,6,3,2,5,2,2,2,5,2,7,2,1,2,0,2,0,2,0,1,2,2,1,1,5,1,0,0,4,0,1,2,1,0,3,0,0,4,3,5,0,0,0,0,2,0,0,6,2,0,6,1,0,1,3,1,0,0,0,0,0,0,4,1,2,0,0,0,0,0,0,0,1,0,1,1,0,0,1,0,0,0,3,3,2,0,0,0,0,4,0,0,0,2,0,0
51,0,2,3,1,0,1,1,1,1,1,0,1,0,0,1,0,1,0,0,1,1,1,2,1,0,0,0,1,0,1,1,0,1,0,0,0,2,1,0,0,0,1,1,0,0,0,0,0,1,0,0,0,0,0,0,1,0,0,0,0,0,0,0,1,0,0,0,0,0,0,0,0,0,0,0,0,0,0,0,0,0,1,0,0,2,0,0,0,0,0,0,0,0,0,0,0,0,1,0,0
52,13,2,2,4,3,6,2,1,1,2,1,4,1,2,7,0,0,12,1,1,5,0,0,1,0,0,0,1,2,0,4,3,0,0,1,1,1,2,1,1,1,1,1,0,0,0,0,1,0,0,1,2,0,0,1,5,1,4,1,1,0,1,0,0,0,0,0,0,1,1,3,0,0,0,0,1,0,0,0,0,0,0,0,0,0,1,0,0,3,0,0,0,2,0,0,1,0,0,0,0
53,1,6,2,4,1,0,0,3,0,6,2,4,0,0,1,2,0,1,0,3,0,3,1,0,0,0,2,0,0,0,0,0,1,2,0,0,0,0,1,0,0,1,1,0,0,1,0,0,0,2,0,0,0,0,0,0,0,0,0,0,0,2,4,0,0,0,0,0,3,0,2,0,0,1,0,3,1,0,0,0,0,0,0,0,0,0,1,0,0,0,1,0,0,0,0,1,0,0,0,0
54,3,1,0,0,2,6,0,3,7,1,1,2,1,0,16,3,4,0,0,0,3,2,0,0,2,1,0,0,0,0,0,3,2,1,2,3,0,1,0,2,1,0,0,0,1,1,0,1,1,0,0,4,1,4,4,2,3,0,0,2,0,3,0,0,0,0,2,0,0,1,1,3,0,0,0,1,0,0,2,2,0,6,1,0,0,0,2,1,1,2,0,2,1,0,1,0,0,0,1,0
55,0,2,9,0,0,0,3,2,3,1,1,0,0,0,4,1,1,2,0,2,1,0,6,0,0,0,1,2,1,2,1,0,1,0,1,1,4,0,0,0,0,1,1,0,1,0,0,1,1,0,0,1,0,0,0,0,0,0,4,0,0,0,0,0,0,0,0,0,0,9,0,0,0,0,0,0,0,0,0,0,0,1,2,0,0,0,0,0,0,0,0,0,0,0,0,0,0,0,0,0
56,1,3,1,2,0,0,0,2,1,0,1,2,0,0,0,0,1,2,3,0,0,1,0,0,0,0,0,0,0,0,0,0,0,0,0,0,0,0,2,0,0,1,1,0,0,0,0,0,0,0,1,0,0,0,0,0,0,3,0,0,0,0,0,0,0,0,0,0,0,0,0,0,0,0,0,0,1,0,0,0,0,1,0,0,0,0,0,0,0,0,1,0,0,0,0,0,0,0,0,1
57,0,7,2,4,3,0,1,4,1,3,4,2,0,4,0,2,1,2,0,4,0,1,0,3,0,0,1,0,2,0,0,0,0,2,0,0,1,0,1,0,0,1,1,0,0,1,1,0,1,2,1,0,0,0,0,0,0,0,0,0,0,2,3,0,0,1,0,0,3,0,1,0,1,2,0,1,1,0,0,0,0,0,0,0,2,0,1,0,0,0,1,0,0,0,0,0,1,0,0,0
58,1,4,5,0,4,2,0,7,0,1,0,0,0,1,0,1,1,0,6,2,0,0,0,0,0,0,0,0,0,0,0,0,1,0,0,0,1,0,1,0,3,1,1,0,0,0,0,0,0,0,0,0,0,1,0,1,0,5,4,0,0,0,0,2,0,0,0,0,0,0,0,2,0,0,0,0,0,0,0,0,0,0,0,0,0,0,1,0,0,0,0,0,0,1,0,0,0,0,0,1
59,5,3,2,5,4,1,3,3,1,2,2,3,0,3,0,0,0,2,0,2,1,2,0,0,1,0,3,0,3,0,0,0,2,4,1,0,1,0,0,0,2,1,1,1,0,2,0,0,1,3,0,1,0,0,0,0,0,0,1,1,0,0,1,1,1,0,0,1,2,1,0,0,0,1,0,2,1,0,0,0,0,0,0,0,0,0,2,0,0,0,0,0,1,0,0,2,0,0,1,0
60,1,10,0,3,2,21,9,2,8,3,12,0,9,5,1,3,10,0,4,4,4,0,8,2,1,1,2,14,0,0,2,0,2,3,0,3,1,21,1,10,5,1,1,0,0,3,0,0,0,1,2,0,0,2,1,0,0,0,1,7,0,2,4,3,1,5,2,11,3,3,0,16,0,0,0,0,1,0,3,7,0,0,1,3,2,0,1,2,0,0,0,3,1,3,0,2,4,0,1,1
61,3,5,0,1,9,8,0,1,4,1,1,1,4,0,0,4,2,0,0,8,0,0,0,0,2,0,0,1,0,1,0,0,3,0,0,1,3,0,2,1,3,1,1,9,0,0,0,0,0,0,1,1,0,2,0,0,0,0,0,4,0,0,2,0,0,0,0,1,0,1,0,1,1,0,0,0,2,1,0,1,0,0,0,0,0,0,0,0,1,1,0,3,0,0,1,2,0,0,0,0
62,1,1,3,0,2,3,1,2,0,1,1,0,0,3,0,0,0,3,0,0,0,0,0,1,0,0,0,0,1,0,0,0,0,0,3,0,0,0,0,0,2,1,1,0,0,0,0,0,0,0,1,0,1,0,0,0,0,0,3,1,0,0,0,0,0,0,0,0,0,0,0,0,0,0,0,0,0,0,0,0,0,0,0,0,0,1,0,0,0,0,0,0,2,0,0,0,0,0,0,0
63,5,3,0,3,3,4,1,1,3,1,0,3,0,2,5,1,2,0,1,0,0,1,0,2,0,0,3,2,0,0,1,0,0,0,2,0,5,0,1,1,3,0,0,0,0,0,0,0,1,0,4,1,2,0,1,3,2,0,0,0,0,0,0,1,0,0,0,1,0,1,0,0,0,0,0,0,0,0,0,1,0,2,2,0,0,0,0,1,0,0,0,0,0,0,0,0,0,0,0,0
64,5,3,0,0,0,2,2,1,1,2,0,1,2,0,0,3,1,0,6,2,0,1,1,0,0,0,0,1,0,3,0,0,2,0,0,0,1,2,1,1,0,0,0,0,0,0,0,1,0,0,0,3,0,0,1,1,0,0,0,1,0,0,0,0,0,0,0,0,0,1,0,0,0,0,2,0,1,0,0,0,0,0,3,1,0,0,0,0,0,0,0,0,0,1,0,0,0,1,0,0
65,7,3,2,1,1,0,0,2,0,1,1,1,1,0,0,0,0,1,8,1,0,3,0,1,1,0,0,1,1,2,0,0,1,0,0,0,2,0,2,0,0,1,1,0,0,0,0,0,0,0,0,1,0,0,0,0,0,5,0,0,0,0,0,0,0,0,0,0,1,0,0,0,1,0,1,0,0,0,0,0,0,0,0,0,0,0,0,0,0,0,0,0,0,0,0,0,0,0,0,0
66,0,1,11,3,0,2,1,10,4,1,1,0,3,1,2,6,2,0,0,1,0,0,0,4,1,1,1,0,1,10,0,0,0,0,0,0,0,1,0,0,0,3,3,0,0,0,0,0,0,0,3,1,0,1,1,0,0,0,0,0,0,0,0,0,0,2,0,0,0,4,0,0,0,0,0,0,0,0,0,0,0,0,0,0,0,0,0,1,0,0,1,4,0,0,0,0,1,0,0,0
67,0,1,11,3,0,2,1,10,4,1,1,0,3,1,2,6,2,0,0,1,0,0,0,4,1,1,4,0,1,10,0,0,0,0,0,0,0,1,0,0,0,3,3,0,0,0,0,0,0,0,3,1,0,1,1,0,0,0,0,0,0,0,0,0,0,2,0,0,0,4,0,0,0,0,0,0,0,0,0,0,0,0,0,0,0,0,0,1,0,0,1,4,0,0,0,0,1,0,0,0
68,1,2,4,2,0,0,0,1,2,0,0,1,3,1,1,0,0,0,2,1,0,2,0,1,0,0,0,0,1,0,0,0,2,0,0,0,0,0,0,0,0,1,1,1,0,0,0,0,1,0,0,0,0,0,1,3,0,2,1,0,0,0,0,0,0,1,0,0,2,0,0,0,0,0,1,1,0,0,1,0,0,0,0,0,0,0,0,0,0,0,1,1,3,0,0,0,0,0,0,0
69,0,25,3,1,1,0,1,2,0,4,3,0,0,2,2,0,0,4,0,2,0,1,1,2,0,4,2,0,1,0,0,0,4,3,0,0,0,0,0,0,0,2,2,0,0,3,1,0,0,1,4,0,0,0,2,0,0,0,0,0,0,0,1,0,0,1,0,0,0,0,2,0,1,1,0,1,0,0,0,0,0,0,0,0,0,3,0,0,0,0,0,0,0,0,1,1,0,0,1,0
70,25,16,10,2,1,6,1,1,5,3,1,0,5,2,10,0,3,12,6,0,4,0,1,0,1,1,0,3,1,2,4,7,2,0,0,3,2,1,7,4,0,1,1,7,0,0,1,3,1,0,1,1,1,0,2,8,0,2,3,2,0,0,0,1,0,3,1,1,0,2,0,0,6,0,0,0,3,0,4,2,0,0,0,1,3,0,0,3,5,0,0,0,1,1,3,0,0,1,0,0
71,0,2,3,4,3,8,17,2,9,0,8,0,0,25,0,0,1,0,0,0,0,0,2,1,3,1,5,6,0,0,0,0,0,3,1,0,0,6,1,0,1,1,1,1,0,4,0,2,1,2,0,0,0,0,1,1,2,0,3,0,0,0,0,0,0,1,0,1,0,4,1,0,0,0,0,0,1,0,0,2,0,0,1,0,0,0,0,1,0,1,2,1,1,1,0,0,2,0,4,0
72,1,6,5,5,2,2,3,1,1,3,1,7,6,1,0,1,2,0,9,0,0,0,0,1,0,0,0,0,0,0,1,0,2,0,2,1,4,0,4,1,0,1,1,0,1,0,0,0,1,0,0,0,0,4,2,0,1,3,0,0,0,0,0,0,0,1,0,1,0,0,1,0,0,0,0,0,1,0,1,1,0,0,2,0,1,2,0,0,0,1,1,1,0,4,0,0,0,0,0,0
73,3,2,13,1,0,9,1,4,1,1,0,0,6,7,0,3,4,0,0,1,1,0,0,1,2,0,7,0,0,3,0,0,0,0,0,0,0,0,0,0,4,1,1,3,0,0,1,0,0,0,0,1,0,1,0,0,1,0,2,0,0,0,2,0,0,1,0,0,0,2,1,0,0,0,0,1,0,1,0,1,0,2,1,0,0,1,0,3,0,0,0,1,0,0,1,1,0,2,1,1
74,0,5,0,2,0,5,1,2,1,1,0,4,0,2,3,1,2,0,1,2,0,1,0,2,1,1,0,1,0,0,0,0,3,0,2,1,3,1,1,1,1,0,0,0,0,0,0,0,0,0,0,2,1,2,1,4,1,0,1,1,0,0,0,0,0,0,1,1,0,0,0,0,0,0,1,0,2,0,0,1,0,3,2,0,0,0,0,0,0,0,1,2,0,2,0,0,0,0,0,3
75,8,4,1,3,1,9,8,5,8,2,2,4,5,9,3,4,3,0,7,2,1,0,8,2,3,0,2,2,0,0,5,1,3,0,3,1,0,0,2,0,2,0,0,0,0,0,1,1,0,0,1,1,0,0,2,1,0,2,3,0,0,2,0,0,2,2,3,0,0,0,1,6,0,0,3,0,1,0,1,3,0,0,1,1,0,1,0,4,1,0,0,3,1,3,0,0,0,1,0,0
76,2,2,0,0,0,0,5,1,3,2,0,0,4,4,2,4,2,0,3,1,0,0,1,0,0,1,1,3,0,1,0,0,2,0,1,1,2,0,0,1,0,0,0,0,0,0,1,1,1,0,0,0,2,1,1,0,0,0,1,0,0,0,0,0,0,0,0,1,0,2,0,0,0,0,2,0,0,0,1,0,0,0,0,1,0,0,1,1,0,0,0,0,0,0,1,0,0,1,0,0
77,7,4,1,7,1,2,1,1,1,2,0,8,1,0,4,0,1,6,2,0,2,2,0,0,1,0,0,0,0,0,1,6,0,0,3,1,0,0,3,1,0,1,1,0,0,0,0,2,0,0,0,1,0,1,0,0,0,0,0,1,0,2,0,0,0,0,0,0,0,0,0,0,1,0,0,0,1,0,1,0,0,0,0,0,0,0,1,0,1,0,2,0,1,1,1,2,0,0,0,0
78,5,3,0,0,1,3,3,1,2,1,1,0,2,4,0,2,2,0,4,2,0,0,1,1,2,0,12,3,0,2,0,1,0,0,0,0,1,4,1,0,0,0,0,1,0,0,0,1,1,0,0,3,0,0,1,0,1,3,0,0,0,0,0,0,0,0,1,0,0,0,0,0,2,0,0,0,0,0,0,0,0,0,1,1,0,4,0,0,0,0,1,3,0,0,0,0,0,1,0,0
79,36,7,1,19,15,58,21,1,29,12,14,17,29,17,10,11,19,0,4,2,16,6,14,3,11,2,5,14,0,11,11,7,4,0,17,12,6,21,3,8,12,1,0,7,2,0,0,8,5,1,5,6,3,16,2,1,1,4,9,4,0,11,4,4,3,3,9,4,0,6,7,13,1,0,3,2,5,0,3,4,0,2,3,12,1,19,6,4,6,2,1,6,6,6,0,6,4,1,0,6
80,5,4,5,5,3,5,4,2,2,3,2,8,0,2,1,2,3,4,6,0,3,3,2,1,1,0,3,5,3,0,0,0,2,0,3,0,3,2,2,1,0,1,1,0,0,0,1,3,2,0,0,1,0,0,2,0,0,1,1,0,0,1,0,1,0,0,0,1,0,2,1,0,1,1,3,0,1,0,0,2,0,5,2,0,0,0,0,1,0,0,1,1,0,1,1,3,2,1,0,0
81,0,24,3,0,0,0,2,2,0,3,2,0,0,2,2,0,0,1,0,3,0,1,1,1,0,3,3,1,1,0,0,0,3,2,0,0,0,0,0,0,0,2,2,0,0,2,1,0,0,1,3,0,0,0,0,0,0,1,0,0,0,0,0,0,0,1,0,4,1,0,0,0,2,1,0,0,0,0,0,1,0,0,0,0,1,1,0,0,0,0,1,0,0,0,0,1,0,1,0,0
82,5,10,8,6,3,2,7,1,10,2,3,2,6,2,7,10,1,10,0,0,1,3,10,1,5,3,4,2,1,1,3,3,1,3,6,0,3,11,0,1,0,3,3,2,4,3,0,0,0,1,1,2,4,0,0,1,1,2,4,1,1,0,0,3,0,1,0,0,0,1,0,0,2,0,1,0,0,0,0,0,0,12,2,8,0,2,1,0,3,0,0,1,1,1,0,2,1,4,1,3
83,0,3,1,4,0,0,0,3,0,2,0,2,0,0,0,3,1,2,0,3,1,2,1,0,0,0,0,0,1,0,0,0,0,3,0,0,1,0,1,0,0,2,2,0,0,1,0,0,0,3,0,0,0,0,0,0,1,0,0,0,0,1,2,1,0,0,1,0,3,0,1,0,0,1,0,3,1,0,0,0,0,0,0,0,0,0,0,0,0,0,0,0,0,0,0,0,0,0,0,0
84,2,3,6,2,0,0,0,4,0,1,1,1,0,0,0,1,0,1,3,0,0,1,0,6,1,1,0,0,1,3,0,0,0,0,0,1,1,0,1,0,0,1,1,0,0,0,0,0,0,0,0,0,0,0,0,0,0,1,0,0,0,0,0,0,0,0,0,0,0,1,0,0,0,0,0,1,1,0,0,0,0,0,0,0,0,0,0,0,0,0,0,0,0,1,0,0,1,0,0,0
85,6,5,5,3,0,0,0,2,1,0,1,2,1,1,0,0,0,2,1,0,0,2,0,0,1,1,2,1,1,0,0,0,0,0,0,0,0,0,3,0,0,1,1,1,0,0,1,0,0,0,1,0,0,0,0,0,0,0,2,0,0,0,0,0,0,0,0,0,0,1,0,0,0,0,0,1,0,0,0,1,0,0,0,0,0,0,0,0,0,0,0,0,0,0,0,0,0,0,0,0
86,2,3,1,0,0,1,1,3,0,2,0,5,0,3,3,0,0,2,0,1,0,0,0,0,0,0,2,1,1,0,0,0,0,0,1,0,0,0,0,0,0,1,1,0,0,0,2,0,0,0,0,1,0,1,0,0,0,0,2,1,0,0,0,0,0,0,0,0,1,0,0,0,0,1,0,0,0,0,0,0,0,0,1,0,2,0,1,0,0,0,0,0,1,0,0,0,0,0,0,0
87,2,4,2,2,0,1,0,1,0,1,1,1,0,0,1,1,0,2,1,1,0,2,0,0,0,1,0,1,1,2,0,0,1,0,0,1,0,1,2,0,0,1,1,1,0,0,0,0,0,0,0,0,0,0,1,0,0,0,0,0,0,0,0,0,0,0,0,0,1,0,0,0,0,0,0,0,0,0,1,0,0,0,0,1,0,0,0,0,0,0,0,0,0,0,0,0,0,0,0,0
88,22,16,12,7,2,7,1,5,7,1,0,4,7,0,4,2,0,2,1,2,7,1,0,5,3,1,5,3,6,5,5,6,7,0,4,4,2,4,4,3,1,1,1,3,1,0,1,4,0,0,2,4,2,1,2,3,0,0,1,0,0,0,0,4,2,2,2,0,2,2,2,0,0,0,3,0,0,0,0,0,0,0,1,4,0,1,0,1,6,0,2,1,0,1,4,1,0,0,0,1
89,3,2,5,3,2,5,1,2,0,1,1,1,0,0,0,2,1,7,1,0,4,1,1,1,1,0,0,0,3,0,4,1,1,0,1,1,1,4,0,0,0,1,1,0,0,0,0,2,2,0,0,0,0,0,1,0,1,0,0,0,0,0,0,1,0,0,0,1,0,0,0,0,0,0,0,1,0,0,1,0,0,0,1,0,0,0,0,1,0,0,0,0,0,0,0,0,0,1,0,0
90,1,15,5,2,2,0,2,2,0,1,5,0,2,5,1,3,0,0,2,5,0,1,0,0,1,3,3,2,3,0,0,0,1,3,2,0,1,0,1,0,0,1,1,1,0,0,0,1,0,3,0,0,1,0,2,0,5,0,0,0,1,4,3,1,2,0,0,3,0,0,0,0,1,2,0,1,1,0,0,0,0,6,0,0,0,1,3,0,0,1,3,2,0,1,1,0,1,1,0,0
91,1,9,2,4,2,0,0,1,0,2,5,0,2,0,0,2,0,10,0,6,0,1,0,0,2,3,1,0,1,0,0,0,1,5,0,0,1,0,0,0,0,1,1,0,0,1,0,0,0,5,1,0,0,0,0,0,1,0,0,0,0,1,0,0,1,0,0,2,1,0,0,0,2,2,0,1,0,0,0,0,0,2,0,0,0,1,1,1,0,0,0,0,0,0,0,0,0,0,0,0
92,16,13,0,17,9,3,9,3,8,1,8,4,15,9,2,12,6,0,0,4,4,1,0,6,1,3,0,2,1,0,9,4,9,0,5,5,6,0,0,4,7,0,0,1,1,0,0,0,0,0,1,0,1,2,2,0,0,1,2,6,0,6,1,0,1,0,0,1,0,3,1,5,0,0,0,0,0,0,1,1,0,0,1,0,0,4,0,0,0,2,1,1,1,1,4,0,0,1,0,1
93,4,4,3,4,3,3,5,1,1,2,1,0,2,3,8,3,7,6,5,0,2,2,2,6,3,1,1,1,0,3,4,0,1,0,1,0,3,2,1,0,0,1,1,4,2,0,0,1,1,0,1,1,2,2,0,2,1,2,2,0,0,0,1,0,0,0,1,1,0,0,0,0,0,0,0,0,0,0,0,0,0,0,1,0,0,0,0,2,0,0,2,0,2,0,0,0,0,3,0,0
94,4,5,8,2,7,8,4,11,4,1,2,1,5,12,1,6,2,0,3,1,1,1,1,7,1,0,6,1,0,4,1,0,1,0,2,1,2,1,3,0,1,1,1,7,0,0,1,1,0,0,1,1,0,1,3,9,0,2,6,3,0,1,0,2,0,0,2,0,1,0,0,0,0,0,0,0,0,0,2,1,0,0,2,0,0,0,0,3,0,2,2,1,2,0,0,0,1,0,0,1
95,30,34,25,11,6,0,10,1,13,3,5,1,8,2,14,0,3,11,7,8,3,2,0,2,2,3,1,5,9,5,1,0,2,0,5,1,0,2,17,1,1,1,1,5,0,0,0,1,1,0,2,3,1,0,4,7,1,1,3,2,0,1,0,3,2,0,1,2,8,0,1,0,0,0,9,0,2,0,0,1,0,0,2,5,0,0,0,2,2,0,2,0,0,2,2,0,1,0,0,2
96,77,27,13,9,8,29,4,1,8,1,5,5,8,3,18,5,7,23,4,14,20,2,0,2,8,1,3,0,13,1,23,23,2,0,4,17,2,1,6,24,4,1,1,3,0,0,1,10,2,0,4,4,3,1,2,5,19,3,5,14,0,0,0,15,0,3,5,0,4,0,1,0,1,0,1,6,1,1,13,0,0,1,2,2,3,6,1,1,4,0,0,1,3,0,2,0,0,1,0,1
97,2,7,0,3,5,9,4,20,16,1,0,1,8,16,2,10,14,0,0,4,3,0,0,5,5,1,12,0,1,3,0,1,1,0,4,2,0,3,0,0,2,0,0,2,0,0,0,2,0,1,3,1,0,6,1,1,1,2,0,1,0,2,0,0,0,0,2,0,0,2,0,6,0,0,2,0,0,3,0,3,0,0,1,0,0,9,0,1,1,2,1,3,1,0,0,1,1,0,0,2
98,6,2,0,3,6,5,10,2,1,1,0,2,0,3,0,2,4,0,1,0,3,0,1,0,0,2,0,1,0,0,4,2,0,0,3,0,0,3,0,6,2,0,0,0,1,0,0,4,0,0,5,2,2,3,2,1,4,1,0,2,0,0,0,1,0,0,0,0,0,0,0,0,2,0,0,1,0,1,0,2,0,0,1,0,1,0,1,0,1,1,0,0,0,0,0,2,0,1,0,1
99,11,7,2,4,1,0,2,1,1,1,2,2,1,0,3,0,2,0,0,0,2,1,0,0,0,0,0,1,0,0,3,0,1,0,1,1,1,4,5,0,0,2,2,3,0,0,0,0,1,0,0,0,0,0,1,0,1,2,0,1,0,2,1,0,0,0,1,0,0,4,1,0,0,0,0,0,0,2,2,2,0,0,1,0,0,0,0,3,5,1,0,1,0,0,0,1,0,0,0,0
100,28,15,17,20,9,10,0,2,10,6,4,1,4,2,10,1,2,13,14,8,1,4,0,2,4,3,3,4,7,0,2,3,2,0,2,4,3,3,3,2,3,1,1,7,0,0,1,1,1,0,3,4,4,4,2,1,0,2,1,0,0,2,4,4,0,1,1,0,8,1,1,1,11,0,2,1,1,1,2,1,0,0,3,2,0,0,1,1,0,0,4,1,1,2,2,0,3,0,0,5
101,0,7,0,1,3,1,5,1,0,6,3,2,0,2,1,2,4,0,0,2,0,1,1,0,1,0,3,2,0,0,0,0,2,4,1,1,0,0,0,0,0,0,0,0,0,4,3,3,0,4,1,1,0,1,3,0,1,0,0,1,0,1,1,1,0,0,0,4,0,1,2,0,0,0,0,0,0,3,0,1,0,1,0,0,4,0,1,3,0,1,0,0,0,1,0,9,0,2,15,2
102,13,5,1,3,7,3,7,2,7,1,3,0,7,10,1,3,5,0,6,1,8,1,4,3,3,0,5,0,0,1,3,4,0,0,6,2,0,1,2,2,2,0,0,1,0,0,1,5,3,0,2,1,0,1,0,2,0,3,5,3,0,1,0,4,0,1,1,0,0,1,0,6,0,0,0,0,0,4,0,2,0,3,2,0,1,2,2,0,0,1,0,3,2,0,0,0,1,1,0,1
103,10,0,9,6,10,1,5,2,2,1,1,1,2,7,0,5,4,4,0,0,0,1,0,3,6,1,2,0,0,1,0,0,2,0,1,0,0,0,0,0,0,1,1,0,0,0,1,0,0,0,1,0,0,3,4,0,0,0,0,0,0,0,1,3,0,1,0,0,0,2,0,0,0,0,1,0,0,2,0,0,0,0,0,0,0,2,0,7,1,0,2,1,3,0,0,2,0,0,0,0
104,2,1,5,2,1,3,0,1,1,1,1,1,0,0,1,2,0,2,0,0,0,0,0,0,1,1,1,0,1,3,0,0,0,0,0,1,1,0,1,0,1,1,1,2,0,0,0,0,0,0,0,0,0,0,2,0,0,1,0,0,0,1,0,0,0,0,0,0,0,0,0,0,0,0,0,0,0,0,1,0,0,0,2,1,0,0,1,0,0,0,0,0,0,0,1,0,0,0,0,0
105,6,15,2,3,8,11,5,2,8,3,2,1,4,3,1,4,2,0,0,3,1,0,0,1,5,0,1,0,0,0,4,0,7,1,0,2,2,3,0,0,7,0,0,2,0,2,0,1,1,2,1,0,0,1,2,0,1,0,0,1,0,0,0,2,0,4,5,4,0,1,1,2,2,0,0,1,0,5,1,0,0,8,2,1,0,0,2,3,0,3,1,1,1,0,0,2,2,0,0,1
106,1,10,0,2,10,1,1,2,1,4,4,0,1,2,0,2,0,8,0,1,1,9,1,1,3,1,5,2,3,0,0,0,0,3,2,0,1,0,0,0,0,1,1,0,2,1,1,1,1,1,0,1,2,2,0,0,0,1,0,0,2,2,2,2,3,2,0,0,1,0,0,0,2,2,0,0,1,0,0,1,3,0,0,0,1,1,2,0,0,1,1,0,2,0,1,0,2,0,1,0
107,3,3,1,1,0,2,4,1,2,1,0,0,1,3,1,1,2,0,1,1,0,0,1,1,0,1,3,0,0,1,0,0,0,0,2,2,3,1,1,2,0,0,0,2,0,0,0,0,0,0,0,0,0,1,2,0,0,2,1,2,0,0,0,1,0,0,0,0,0,2,0,0,0,0,1,0,1,1,1,0,0,0,0,1,0,0,0,0,1,1,0,0,0,0,0,0,0,1,0,4
108,1,22,3,2,1,0,2,2,0,1,5,0,1,3,3,1,0,2,0,1,1,1,2,1,2,3,5,0,1,0,0,0,2,3,0,0,2,0,0,0,0,1,1,0,2,3,1,0,1,1,1,0,2,0,1,0,1,1,0,0,2,0,2,1,1,1,0,0,0,0,0,0,2,2,0,1,0,0,0,1,3,0,0,0,0,2,0,0,0,1,0,0,1,0,0,0,3,0,0,0
109,0,3,1,1,3,0,0,1,1,1,0,2,3,0,1,1,0,5,0,2,1,1,1,0,1,0,0,0,2,0,0,0,1,0,0,0,2,0,0,0,0,1,1,0,2,0,0,0,1,0,0,0,2,0,0,0,0,1,0,0,2,0,0,0,0,0,1,0,0,0,0,0,0,0,0,0,0,2,0,0,3,0,0,0,0,1,0,0,1,1,0,0,0,0,1,0,0,0,0,0
110,3,2,0,0,0,2,1,1,0,2,0,0,0,1,1,7,3,0,0,0,0,2,1,2,1,1,1,0,0,1,1,0,0,0,3,0,0,1,0,0,0,0,0,2,1,0,0,2,0,0,0,1,0,4,2,0,0,0,0,1,0,0,0,0,0,0,2,0,0,0,0,0,0,0,1,0,0,3,0,0,0,1,1,2,0,0,0,0,0,1,0,0,0,0,0,1,1,3,0,1
111,1,2,3,2,0,2,0,6,0,1,1,0,1,1,0,2,1,3,0,1,1,0,1,7,1,1,1,1,1,0,0,0,0,1,0,0,1,0,0,0,0,1,1,0,2,1,0,0,1,0,0,0,2,0,0,0,0,0,0,1,2,0,0,0,0,0,0,4,1,0,0,0,0,0,0,0,1,0,0,0,3,0,0,0,0,0,0,0,0,1,0,0,0,0,0,0,0,0,0,0
112,0,20,3,3,1,0,2,2,0,3,0,0,1,3,1,0,1,3,0,1,2,1,2,1,1,4,0,0,0,0,0,0,3,2,0,0,1,0,0,0,1,2,2,0,2,2,0,0,2,2,0,0,2,0,0,0,0,0,0,1,2,0,0,0,0,1,0,1,0,0,0,0,2,1,0,2,0,1,0,0,3,0,0,0,0,1,0,0,0,1,0,0,0,0,0,0,0,0,1,0
113,2,1,5,8,1,2,12,1,1,1,1,2,1,0,1,0,1,3,0,0,3,1,4,0,2,1,0,0,1,0,0,1,1,0,2,1,1,2,0,0,0,1,1,0,7,0,0,1,3,1,0,0,4,0,1,0,0,0,0,0,2,0,0,0,2,0,0,0,0,1,3,0,0,0,0,0,0,0,0,0,3,3,1,0,0,0,0,0,0,1,1,0,0,0,0,1,0,1,0,0
114,3,4,2,2,0,2,0,1,1,1,0,1,2,0,1,0,0,1,6,2,1,0,1,1,1,0,1,1,1,2,0,0,1,0,0,0,1,0,3,0,0,1,1,1,2,0,0,0,1,0,0,1,3,0,0,0,0,0,0,0,2,0,0,0,0,0,1,0,0,0,0,0,0,0,3,0,4,0,0,0,3,1,0,0,2,0,0,0,0,1,0,0,0,0,1,0,0,0,0,0
115,21,17,12,5,6,7,2,1,9,1,1,4,6,1,6,3,0,6,10,12,8,0,1,6,6,0,5,6,7,10,5,11,5,0,4,6,1,1,6,7,0,0,0,2,2,0,0,6,1,0,0,3,5,1,8,4,1,2,5,3,2,0,0,4,0,1,2,0,7,0,0,0,0,0,7,0,6,3,3,3,3,2,2,4,3,1,3,2,5,1,1,0,0,1,3,0,0,1,0,2
116,2,4,3,2,0,1,0,1,2,1,1,1,1,0,1,1,0,2,6,2,1,1,1,1,1,0,1,1,0,3,0,0,1,0,0,0,1,0,3,0,0,1,1,1,2,0,0,0,1,0,0,1,3,0,0,0,0,0,0,0,2,1,0,0,0,0,1,0,0,0,0,0,0,0,3,0,4,0,0,0,3,1,0,1,0,0,0,0,0,1,0,0,1,0,0,0,0,0,0,1
117,32,19,16,15,5,12,5,2,9,1,5,10,9,0,8,4,1,7,4,10,15,2,1,0,3,5,3,3,2,14,9,10,3,0,5,9,2,2,5,7,4,1,1,1,3,0,1,5,1,0,2,1,3,1,8,4,1,3,4,3,3,2,1,7,2,2,0,1,8,0,1,0,0,0,2,0,1,9,7,0,3,0,0,1,4,6,1,3,7,1,1,0,1,2,2,4,0,0,0,3
118,6,3,5,1,0,2,0,1,4,1,1,0,7,0,0,3,0,1,1,0,1,0,1,0,2,1,0,3,1,3,0,0,1,0,0,0,1,1,1,1,0,1,1,0,3,0,0,0,2,0,0,0,2,4,3,5,2,0,1,0,3,1,0,0,0,0,0,0,0,1,0,0,0,0,1,0,1,2,0,0,3,9,0,6,0,1,0,0,0,1,0,0,1,1,0,1,0,0,0,1
119,2,4,1,1,0,2,0,2,2,1,1,1,1,0,1,0,0,1,5,1,1,0,1,0,1,0,0,1,2,1,0,0,1,0,0,1,1,1,2,0,1,1,1,0,2,0,0,0,1,0,1,0,2,0,1,0,0,0,0,0,2,1,0,0,0,0,0,0,1,0,0,0,0,0,2,0,1,0,1,0,3,0,0,1,0,0,0,0,0,1,0,1,0,0,0,1,0,0,0,1
120,27,17,17,8,7,9,2,2,8,1,0,1,7,0,6,0,2,14,13,9,7,0,1,0,2,2,2,6,4,8,10,8,2,0,2,6,4,4,6,6,2,2,2,3,2,0,0,5,2,0,0,0,4,2,3,5,4,3,2,4,2,1,0,5,0,2,2,0,9,0,2,1,5,0,14,0,2,7,5,0,3,0,1,1,1,3,0,1,1,1,2,0,2,0,1,1,1,1,0,4
121,1,6,3,1,1,2,0,1,1,1,1,1,1,0,2,1,0,3,1,1,1,0,1,2,1,0,0,2,1,1,1,0,0,0,0,1,1,1,0,0,0,1,1,0,2,0,0,0,1,0,0,1,2,0,1,1,1,0,0,0,2,1,0,0,0,2,0,0,1,0,0,0,0,0,0,0,0,1,1,0,3,0,0,0,0,0,1,0,0,1,0,0,0,0,1,0,0,0,0,0
122,11,9,2,12,3,1,4,5,6,1,0,4,5,6,4,0,3,0,1,1,3,0,1,5,1,1,0,0,0,0,2,1,2,0,2,2,3,0,2,0,1,0,0,1,2,0,0,0,1,0,0,1,2,1,1,0,0,4,1,1,2,2,0,1,0,0,0,0,0,2,1,2,0,0,0,0,1,1,0,1,3,0,2,1,0,0,0,0,3,2,0,2,0,3,2,0,0,0,0,3
123,1,3,4,2,1,0,0,2,0,2,1,1,2,0,0,1,0,3,4,1,1,0,1,0,1,1,0,1,2,1,0,0,1,0,0,0,1,0,1,0,0,1,1,1,2,0,0,0,1,0,0,0,2,0,0,0,0,0,0,0,2,0,0,0,0,0,0,0,1,0,0,0,0,0,12,1,0,0,0,0,3,0,0,1,0,0,0,0,0,1,0,1,0,0,0,0,0,0,0,1
124,19,12,15,9,10,10,1,2,10,3,2,0,16,7,14,0,2,23,5,2,5,1,1,2,4,3,3,4,6,0,6,5,4,0,0,5,2,1,3,3,1,1,1,2,2,0,2,4,2,0,1,2,4,2,2,3,0,3,1,2,2,1,0,1,0,2,4,0,2,2,0,0,0,0,0,1,0,5,3,2,3,0,1,1,2,0,3,5,4,1,1,3,3,3,6,7,1,0,0,3
125,2,1,2,7,0,1,1,4,0,1,1,4,3,0,4,3,0,6,0,0,2,1,1,1,1,0,0,1,0,0,1,1,0,0,3,1,1,0,0,2,0,1,1,0,2,0,0,1,1,0,0,0,3,0,0,0,1,0,0,0,2,1,0,0,0,0,0,0,0,0,0,0,0,0,0,0,0,1,0,0,3,0,0,0,0,0,0,0,1,1,0,0,0,1,0,0,0,0,0,0
126,12,14,8,11,1,6,4,1,3,2,4,8,8,0,7,2,2,7,3,4,3,0,1,1,3,3,1,4,3,2,2,3,4,0,6,3,2,1,2,1,1,1,1,5,2,0,1,4,1,1,2,1,3,1,4,4,1,5,2,1,2,0,1,3,0,1,4,1,1,0,1,0,0,0,2,0,2,5,5,1,3,0,3,1,1,0,1,1,3,1,0,0,0,3,2,1,0,0,0,2
127,1,3,2,2,0,0,0,1,0,2,1,1,1,0,0,1,0,2,0,0,1,1,1,0,1,0,0,0,1,2,0,0,0,0,0,0,1,0,0,0,0,1,1,1,2,0,0,0,1,0,0,0,2,0,0,1,0,3,0,0,2,0,0,0,0,0,2,0,0,2,0,0,0,0,0,0,0,0,0,0,3,0,0,0,0,0,0,0,0,1,0,0,0,0,1,0,0,0,0,0
128,0,4,2,0,2,1,0,8,3,1,1,0,2,2,0,0,2,1,0,1,1,0,1,2,1,0,0,0,0,1,0,0,1,0,0,0,1,0,3,0,0,1,1,0,2,0,0,0,1,0,1,0,2,1,0,2,0,1,0,1,2,0,0,0,0,2,0,0,0,0,0,0,0,0,0,0,0,0,0,0,3,0,1,0,0,2,0,0,0,1,2,0,0,1,0,0,0,0,0,0
129,11,30,16,8,5,4,1,4,12,1,2,0,12,1,7,6,2,10,5,13,3,0,1,1,1,2,0,5,8,7,0,0,6,0,5,3,1,1,13,0,1,1,1,11,2,0,0,0,1,0,1,2,3,1,1,5,0,6,2,0,2,1,0,1,0,4,2,1,8,1,0,0,0,0,2,0,1,0,1,1,3,0,1,7,0,1,0,5,4,1,1,0,0,3,5,3,1,3,0,3
130,2,4,0,0,1,1,0,2,2,1,0,1,1,0,0,0,0,2,3,1,1,0,1,0,1,0,0,3,2,1,1,0,0,0,0,2,2,1,2,0,0,1,1,0,2,0,0,0,1,0,0,0,2,0,1,0,0,0,0,0,2,0,0,0,1,0,0,0,1,0,0,0,0,0,1,0,0,1,1,0,3,0,0,1,0,0,0,0,0,1,0,1,0,0,0,0,0,0,0,0
131,1,3,2,1,2,1,1,4,2,1,1,1,1,1,2,1,0,3,1,1,1,0,1,1,1,0,0,2,2,2,1,0,0,0,0,1,1,1,1,0,0,1,1,1,2,0,0,0,1,0,0,0,2,0,1,0,0,1,0,0,2,1,0,0,0,0,1,0,1,0,0,0,0,0,0,0,0,0,0,0,3,0,1,4,0,0,0,0,0,1,0,1,0,1,0,0,0,0,0,0
132,7,3,3,1,0,0,0,2,2,1,2,1,2,3,3,0,1,0,5,0,2,0,1,2,3,0,0,2,0,1,0,1,0,0,0,0,2,0,1,0,0,1,1,0,3,0,1,0,1,0,0,1,2,0,3,4,4,1,1,2,3,1,0,1,0,0,0,0,0,0,0,0,0,0,0,1,0,3,0,1,3,11,2,0,0,0,0,0,1,2,2,0,1,0,0,0,1,0,0,1
133,22,18,10,12,4,4,1,2,7,1,1,10,5,1,6,0,0,11,3,1,3,0,1,0,3,1,1,3,11,6,4,2,4,0,4,3,3,4,5,2,1,1,1,6,2,0,0,1,1,0,1,1,5,0,2,2,0,4,2,2,2,1,0,1,0,3,0,3,7,3,0,0,0,0,0,0,2,1,1,0,3,0,2,1,0,0,0,1,1,1,0,1,0,0,4,0,1,0,0,2
134,1,4,2,1,0,0,0,2,1,1,1,1,2,1,2,1,0,4,1,1,1,0,1,0,1,1,0,2,2,1,1,0,2,0,0,0,1,1,1,0,0,1,1,0,2,0,0,0,1,0,0,0,2,0,0,1,1,1,0,0,2,1,0,0,0,0,0,0,1,0,0,0,0,0,9,0,1,0,0,0,3,0,0,1,0,0,0,0,0,1,0,1,0,0,0,0,1,0,0,1
135,3,7,1,6,2,1,3,2,0,3,1,0,3,11,1,5,0,5,0,3,3,1,1,0,1,0,0,0,4,0,1,1,3,3,0,1,2,0,0,1,0,2,2,0,2,1,0,0,2,2,0,0,2,0,0,0,0,0,0,0,2,0,0,0,1,0,0,0,1,0,0,0,1,2,0,3,1,1,0,0,3,0,0,0,2,0,2,0,0,1,0,0,0,0,0,0,0,0,1,0
136,4,7,3,3,2,1,2,3,0,3,1,0,2,8,0,4,0,3,0,2,1,0,0,1,1,0,0,0,1,0,1,1,1,3,0,1,0,0,0,1,0,2,2,0,0,1,0,0,1,1,0,0,0,0,0,0,0,0,0,0,0,0,1,0,0,0,0,1,2,0,1,0,1,2,0,4,0,1,0,0,0,0,0,0,1,0,2,1,0,0,0,0,1,0,0,1,0,0,0,0
137,1,4,1,3,0,0,0,3,0,3,0,1,2,0,0,0,1,2,2,1,1,0,1,0,1,0,0,0,2,0,0,0,0,0,0,0,1,1,0,0,0,1,1,0,2,0,0,0,2,0,3,0,2,0,0,0,0,0,1,0,2,0,1,0,0,1,0,1,1,2,1,0,0,0,0,0,0,0,0,0,3,0,0,0,2,0,1,1,2,1,0,0,0,0,0,0,0,0,0,0
138,0,3,6,0,0,1,0,3,0,1,0,0,4,0,2,2,2,10,0,1,1,0,1,0,2,1,1,0,1,0,0,0,1,0,0,0,1,0,0,0,0,1,1,0,2,0,0,1,2,0,0,0,2,0,0,0,0,1,0,0,3,0,3,0,0,1,2,0,0,0,0,0,0,0,0,0,0,2,0,0,3,11,0,0,0,0,2,0,0,1,1,0,0,0,0,0,0,0,0,0
139,7,1,2,5,1,7,0,3,0,2,1,7,1,0,0,7,2,2,0,1,8,0,1,7,1,0,1,2,2,0,3,7,0,0,4,2,1,1,0,4,3,1,1,0,2,0,0,6,2,1,0,0,2,0,2,0,5,1,0,0,2,1,0,3,0,0,0,0,1,0,0,0,0,0,0,0,0,2,2,1,3,0,1,0,1,0,0,0,0,1,2,0,1,1,0,0,1,0,0,1
140,47,17,19,15,4,22,5,1,9,1,3,18,4,2,14,7,4,10,1,15,14,2,1,0,2,1,0,7,14,0,11,14,6,0,14,11,1,0,3,12,4,1,1,2,2,0,1,6,2,0,2,0,3,0,5,6,2,1,7,1,2,1,0,3,0,1,3,2,8,1,1,0,1,1,6,1,0,8,3,5,3,0,8,1,4,2,2,4,3,1,6,1,1,3,4,2,0,2,0,3
141,1,4,1,1,0,0,0,1,1,1,1,1,1,0,1,1,0,3,2,1,1,0,1,0,1,0,0,2,2,0,1,0,1,0,0,0,1,1,1,0,0,1,1,0,2,0,0,0,1,0,0,0,2,0,0,0,0,0,0,0,2,1,0,0,0,0,0,0,1,0,0,0,0,0,6,0,0,0,1,0,3,0,0,1,0,0,0,0,0,1,1,0,0,1,0,0,0,0,0,1
142,4,1,0,1,1,0,0,2,0,0,1,0,1,0,0,0,2,0,2,0,1,1,0,0,0,0,0,0,0,1,2,1,1,0,0,0,0,0,0,0,0,0,0,4,1,0,0,1,0,0,0,0,0,0,1,0,0,0,0,1,1,1,0,0,0,0,0,0,0,0,0,0,0,0,2,0,0,1,2,0,0,0,0,3,1,0,0,0,0,1,0,0,0,0,0,0,0,0,0,1
143,4,5,4,1,2,4,4,1,4,3,1,1,2,0,5,7,1,4,3,0,1,1,3,0,3,0,0,1,0,2,0,0,8,1,1,0,2,1,4,0,0,3,3,7,2,1,0,2,3,2,0,0,2,0,0,0,0,1,0,0,2,0,0,1,2,0,0,1,0,0,1,0,0,0,3,1,2,0,0,3,3,0,0,4,1,0,0,1,0,1,1,1,0,2,2,0,0,4,0,1
144,1,5,4,5,2,1,3,2,2,3,3,4,2,0,0,2,1,4,0,1,1,1,2,1,3,1,0,1,0,0,0,0,2,0,1,0,1,1,1,0,0,1,1,0,3,0,0,0,1,0,0,1,2,0,0,0,1,0,0,0,2,0,0,0,1,0,0,1,0,0,1,0,0,0,0,1,0,0,0,0,3,0,0,0,1,0,0,1,0,1,0,1,2,0,0,1,0,2,0,0
145,3,4,1,0,2,3,0,2,1,1,1,1,0,1,0,1,3,0,3,1,0,0,0,2,0,0,0,0,0,3,0,0,0,0,0,0,1,0,2,0,2,1,1,1,0,0,0,0,0,0,0,0,1,0,1,0,0,0,0,1,0,1,0,0,0,0,0,0,1,0,0,0,0,0,2,0,1,1,0,0,0,0,0,0,0,0,0,0,0,1,0,1,0,1,0,0,0,0,0,0
146,42,26,21,15,19,21,7,1,12,1,4,11,21,8,9,5,3,10,6,5,9,6,1,1,4,1,1,4,14,9,13,10,0,0,5,8,6,6,10,8,7,1,1,17,2,0,1,3,2,0,3,2,4,1,7,3,2,1,6,1,2,0,0,6,0,2,6,1,14,1,1,0,0,0,4,2,4,7,9,1,3,0,2,10,3,11,1,7,4,1,3,0,1,2,1,0,0,0,0,3
147,2,3,5,3,1,0,0,1,1,1,1,2,7,1,4,0,1,0,4,2,1,0,1,0,2,0,0,1,1,3,1,0,0,0,2,0,1,2,2,0,0,1,1,1,2,0,0,0,1,0,0,0,3,0,1,0,1,0,0,0,2,1,0,0,0,0,0,0,1,0,0,0,0,0,1,0,0,1,0,0,3,0,0,2,0,0,0,0,0,1,0,1,0,0,0,0,0,0,0,2
148,13,11,9,5,1,7,0,1,8,3,3,3,4,1,16,8,1,0,1,7,9,0,1,1,7,1,0,2,6,8,5,3,3,1,3,6,2,4,3,3,0,1,1,6,2,1,0,5,3,0,3,2,4,0,3,2,4,2,2,1,2,0,0,2,0,0,3,2,4,0,1,0,1,0,1,0,1,4,2,1,3,0,2,0,1,1,0,2,6,1,2,0,4,2,1,0,0,0,2,0
149,1,4,3,1,1,1,1,1,1,1,1,1,2,1,1,0,0,0,0,2,2,0,1,1,2,1,0,0,1,7,0,0,2,0,0,1,1,0,1,0,0,1,1,0,2,0,0,0,1,0,1,0,2,0,0,2,1,2,0,0,2,1,0,0,0,0,1,0,1,0,0,0,0,0,0,0,1,0,0,1,3,0,0,0,0,2,0,1,2,1,1,0,0,0,0,0,0,0,0,0
150,5,2,0,2,2,1,1,1,5,3,0,2,3,3,0,0,2,0,0,0,0,3,0,2,1,0,0,0,0,3,1,0,0,0,0,0,0,0,1,0,2,0,0,1,2,0,0,0,0,0,0,0,0,1,0,1,0,1,0,1,2,1,1,3,0,0,0,0,0,0,0,0,0,0,2,0,0,1,0,0,1,0,1,0,0,1,0,0,0,0,0,1,0,0,0,0,0,0,0,0
151,0,4,2,3,0,0,1,1,1,1,1,3,4,2,3,0,0,2,0,3,1,1,1,1,3,0,0,0,2,1,0,0,0,0,0,0,1,0,1,0,0,1,1,0,2,0,0,0,1,0,0,1,2,0,0,1,1,2,0,0,2,0,0,1,0,1,0,0,1,0,0,0,0,0,0,0,0,0,0,0,3,0,0,0,1,0,0,0,0,1,0,0,1,0,0,1,0,0,0,0
152,2,8,0,2,4,0,3,1,2,2,13,0,0,3,1,5,6,0,0,4,0,7,0,0,2,0,6,2,0,0,3,0,1,6,2,0,1,0,2,0,6,0,0,0,0,6,0,1,0,13,4,0,0,1,1,0,0,0,0,1,0,0,0,0,1,0,0,1,3,0,0,0,2,1,0,4,2,1,0,1,0,0,1,0,5,1,0,2,0,0,0,1,2,3,1,0,2,0,9,0
153,17,12,3,6,1,10,1,1,4,1,1,6,7,2,7,15,0,0,0,3,5,0,1,1,3,1,2,4,1,7,5,5,4,0,6,5,1,1,4,4,0,1,1,1,2,0,0,0,1,0,1,1,4,0,5,3,2,2,0,5,2,0,0,1,0,3,0,0,0,0,0,0,0,0,1,1,1,2,4,0,3,0,0,3,1,0,0,0,0,1,0,0,1,1,0,0,0,0,0,0
154,1,4,1,0,1,0,0,2,2,1,2,0,2,6,3,1,0,6,2,2,0,0,0,7,0,0,1,0,0,2,0,0,0,0,0,0,0,0,2,0,0,1,1,0,0,0,0,0,0,0,0,0,0,0,0,2,1,7,0,0,0,0,0,0,0,1,2,0,0,0,0,0,0,0,0,0,1,0,0,0,0,0,1,0,0,0,0,0,0,0,1,0,1,0,0,0,0,0,0,0
155,12,6,0,3,2,15,8,6,13,2,2,1,10,15,14,1,7,0,9,1,3,0,2,1,5,1,2,2,0,3,4,5,1,0,1,2,4,2,4,2,4,0,0,4,3,0,1,0,3,3,0,2,5,1,1,3,2,10,10,5,3,1,1,0,0,1,2,0,0,0,0,6,1,0,0,0,1,2,1,0,3,5,4,1,2,2,1,2,3,2,1,1,2,2,0,0,0,0,0,2
156,1,6,0,1,1,3,0,6,6,1,2,3,0,0,3,0,3,0,10,1,0,1,0,1,3,0,1,2,0,0,0,1,3,0,3,2,3,2,2,1,0,0,0,0,0,0,2,0,0,0,0,0,1,2,1,0,0,1,1,1,0,0,0,0,0,0,1,0,0,2,0,0,0,0,2,0,1,3,1,1,0,2,3,1,0,0,0,0,0,0,0,1,0,3,1,0,0,0,0,0
157,2,2,1,1,10,3,7,1,5,1,8,1,7,0,5,2,11,0,0,3,0,0,1,0,7,2,4,2,0,20,1,0,3,0,2,3,1,0,2,0,0,6,6,13,0,0,1,1,0,0,1,2,1,5,0,2,0,0,3,7,0,1,2,1,0,3,3,0,0,2,0,11,0,0,11,0,0,1,1,2,0,0,1,1,0,0,1,1,2,0,0,9,3,9,21,0,2,1,0,1
158,6,2,0,1,6,3,1,2,0,1,0,1,0,0,2,0,3,0,2,0,2,0,0,7,5,0,0,1,0,1,0,4,2,0,1,0,0,2,0,1,0,0,0,0,1,0,0,4,0,0,0,2,2,0,1,0,5,1,0,1,0,0,0,2,0,0,4,0,0,0,0,0,0,0,0,1,1,2,0,0,0,0,0,0,2,1,0,1,0,0,1,0,0,1,0,0,0,2,0,1
159,1,3,4,2,0,1,0,5,1,1,2,0,2,0,1,1,2,2,0,1,1,1,1,0,4,1,0,1,1,0,0,0,0,0,1,0,1,0,1,1,0,1,1,1,3,0,0,0,2,0,0,3,2,1,0,1,0,0,6,1,3,0,0,0,0,0,0,0,0,0,0,0,0,0,0,0,1,0,0,0,3,0,0,0,0,0,0,2,0,1,1,1,0,2,0,1,0,0,0,0
160,20,39,12,14,7,7,0,2,8,2,5,13,9,5,4,2,3,5,3,9,6,2,3,1,3,3,1,4,14,2,5,6,11,0,5,3,1,2,9,6,1,1,1,5,12,0,2,4,1,0,1,6,4,0,2,3,2,4,2,2,12,4,0,3,0,1,2,1,8,2,0,1,0,0,0,2,0,3,3,0,3,1,1,4,1,1,4,2,4,1,1,1,0,1,2,1,0,0,0,0
161,0,9,2,3,6,0,0,1,0,3,3,2,2,1,1,2,0,3,0,4,0,1,0,1,3,2,2,0,4,0,0,0,0,4,0,0,1,0,0,0,2,2,2,1,0,0,0,0,0,1,0,0,0,0,0,0,0,1,0,0,0,1,0,0,1,1,0,2,2,0,1,0,1,4,0,0,0,0,0,1,0,0,0,0,6,0,1,1,0,0,0,0,0,1,1,0,1,0,0,0
162,0,2,1,0,1,0,0,2,2,1,1,0,3,1,0,0,0,1,1,1,1,0,1,1,1,0,0,0,1,1,0,0,0,0,0,0,1,0,0,0,0,1,1,2,3,0,1,0,1,0,0,0,2,0,0,0,0,2,1,0,3,0,0,0,0,0,0,0,1,0,0,0,0,0,0,0,0,0,0,0,3,0,1,0,0,0,0,0,0,1,0,0,0,0,0,0,1,0,0,0
163,2,1,2,1,1,1,1,3,1,1,1,2,2,1,0,0,0,1,1,1,1,0,1,2,1,0,0,2,1,0,1,0,0,0,0,1,2,1,0,0,0,1,1,0,3,0,1,0,1,0,1,0,2,0,1,0,0,1,0,0,3,0,0,0,1,0,0,0,1,0,0,0,0,0,3,0,0,1,1,0,3,0,1,0,0,0,0,0,0,1,0,0,0,0,0,0,0,0,0,0
164,5,2,10,3,5,7,15,1,3,1,1,0,1,2,1,0,5,1,0,10,5,3,1,24,3,0,2,0,1,1,0,0,0,0,9,0,1,2,0,0,2,1,1,0,3,0,1,1,1,0,0,1,2,2,2,0,0,1,4,0,3,0,0,1,0,0,0,0,1,2,0,0,0,0,0,0,0,1,0,0,3,0,2,0,0,11,1,0,0,2,4,3,2,0,1,0,0,0,0,0
165,4,1,0,1,0,1,6,1,0,1,0,1,1,3,1,1,4,0,0,0,0,0,1,0,1,1,0,0,0,0,0,1,3,0,4,2,1,2,0,2,0,0,0,0,0,0,1,2,0,0,0,0,1,1,3,1,1,0,1,2,0,0,2,0,0,0,2,0,0,0,1,0,0,0,1,0,0,2,0,0,0,0,1,0,0,0,0,0,0,1,1,0,0,0,0,0,0,3,0,0
166,1,3,2,1,2,0,2,2,0,1,0,1,1,2,1,0,1,3,3,0,1,0,1,1,1,0,0,0,1,0,0,0,1,0,0,0,1,0,1,0,0,1,1,0,3,0,0,1,2,0,0,0,2,0,0,0,0,1,0,0,3,0,0,0,0,0,0,1,0,1,1,0,0,0,1,0,0,0,0,0,3,0,0,0,1,0,0,1,0,1,0,0,0,0,1,0,0,1,0,0
167,5,3,5,2,4,7,7,14,6,3,2,2,2,8,0,4,2,0,0,1,6,1,0,2,1,0,4,0,0,0,2,2,0,0,1,1,1,2,1,3,3,0,0,1,0,0,0,0,2,1,0,2,0,3,2,3,1,0,1,1,0,0,0,0,0,0,4,0,0,0,0,1,0,0,0,1,0,1,0,0,0,0,0,0,0,0,0,0,2,3,2,1,0,0,0,1,0,1,0,0
168,61,16,16,23,14,16,1,1,3,1,3,18,5,4,14,15,1,7,3,7,22,0,1,1,7,1,3,3,1,3,19,30,5,0,14,15,3,1,1,22,2,1,1,2,11,0,1,13,2,0,2,4,3,2,5,7,11,3,11,10,11,0,0,10,0,0,1,2,8,1,5,0,0,0,1,4,4,10,15,3,3,4,7,2,2,4,3,0,9,1,0,4,2,1,2,0,0,0,0,5
169,3,2,4,1,2,1,0,1,1,1,1,2,2,0,4,0,1,5,0,2,1,0,1,1,1,0,0,0,2,0,2,1,1,0,0,3,1,0,1,2,0,1,1,0,3,0,0,0,1,0,1,0,2,1,1,0,0,0,4,0,3,1,0,1,0,0,0,0,1,0,0,0,0,0,1,0,2,1,3,0,3,0,1,0,0,0,1,0,0,1,1,0,1,1,0,0,0,0,0,2
170,1,3,7,1,1,7,0,2,3,1,1,1,2,1,4,8,5,1,1,1,0,0,1,2,2,0,3,4,0,0,1,2,2,0,0,1,1,0,0,0,1,1,1,0,3,0,1,0,0,1,1,2,2,2,1,0,1,1,2,1,3,1,0,0,0,0,1,0,0,0,0,0,0,0,0,0,1,2,1,0,3,0,1,0,0,2,1,0,0,2,1,2,1,2,0,0,0,0,0,0
171,74,20,14,29,13,26,6,3,10,3,3,32,5,8,9,5,4,15,8,7,24,3,1,0,7,0,0,3,8,2,15,26,5,0,26,15,2,4,4,18,6,1,1,3,17,0,0,8,1,0,3,1,3,2,10,5,8,8,6,11,17,1,0,6,1,1,4,0,6,2,6,0,1,0,0,2,1,17,14,1,3,2,2,0,3,0,2,3,1,1,1,2,1,1,2,0,0,0,0,1
172,8,2,1,3,1,3,0,2,1,1,1,2,1,0,3,0,1,2,3,1,4,0,1,0,3,0,0,0,2,0,1,1,0,0,0,2,2,0,1,1,0,1,1,1,3,0,0,3,1,0,1,0,3,0,2,1,0,2,0,1,3,1,0,0,0,0,0,0,1,0,0,0,0,0,0,1,1,1,1,2,3,0,0,0,0,0,0,0,0,1,0,0,0,0,0,0,0,0,0,0
173,3,4,3,1,0,5,2,4,1,1,0,0,2,3,2,0,1,1,8,1,1,0,1,0,1,0,2,3,2,2,1,1,0,0,2,3,2,1,2,0,0,1,1,0,3,0,0,0,2,0,2,0,2,3,2,2,0,5,0,1,3,0,0,0,0,0,0,0,1,0,0,0,0,0,2,0,2,1,2,0,3,0,0,0,0,0,0,0,0,1,0,0,0,2,0,0,0,0,0,0
174,13,4,1,3,13,9,4,2,5,1,2,0,5,10,1,12,5,0,1,2,4,3,0,2,2,1,14,0,0,0,2,5,2,0,4,5,0,1,1,2,6,0,0,1,0,0,0,0,0,0,1,0,0,3,5,4,2,0,1,1,0,0,0,1,0,2,2,0,0,7,0,6,1,0,0,0,0,1,4,0,0,0,2,0,0,2,0,2,3,1,2,2,1,0,0,1,1,0,0,1
175,6,4,5,6,1,2,3,2,1,1,1,0,1,3,3,0,1,0,4,1,3,0,1,0,1,0,1,0,0,0,1,2,1,0,2,1,1,1,0,1,1,1,1,0,4,0,0,0,0,1,3,0,2,0,1,0,3,0,0,3,4,1,0,2,0,1,1,0,1,1,0,0,0,0,1,0,1,1,1,1,3,2,0,0,0,0,0,3,2,2,0,1,0,1,0,0,0,0,0,0
176,14,3,0,7,2,9,5,1,12,4,1,2,10,5,1,0,2,0,3,2,2,2,4,5,2,2,0,4,0,4,1,0,0,0,1,1,3,1,1,0,4,0,0,0,4,0,1,0,3,1,0,1,2,1,2,3,1,0,0,2,4,0,0,1,0,0,0,1,0,2,1,6,0,0,2,0,0,1,2,1,6,0,1,5,1,1,2,3,3,2,0,1,1,0,0,1,0,0,0,1
177,0,9,2,3,6,0,1,1,1,2,3,1,0,0,2,3,0,1,0,0,0,2,1,0,3,0,2,0,4,0,0,0,0,3,0,1,0,0,0,3,0,2,2,1,0,1,1,4,0,3,1,0,0,1,0,0,0,0,0,2,0,4,0,0,2,0,3,1,0,0,1,0,2,3,0,0,0,0,0,1,0,1,0,0,0,1,3,1,0,0,0,0,0,1,1,2,1,0,5,0
178,0,2,3,4,0,1,6,1,4,1,0,1,1,1,0,1,1,0,2,1,0,0,4,0,1,0,0,1,1,0,0,0,1,1,2,0,0,1,0,0,0,1,1,0,2,0,0,0,3,1,1,0,0,1,1,1,0,1,0,0,0,0,0,2,0,1,0,0,0,1,0,0,0,0,0,0,0,0,0,0,0,3,2,0,0,1,0,0,0,0,2,0,0,2,0,0,0,4,0,0
179,0,1,2,2,2,0,5,3,1,3,0,2,1,1,0,0,0,1,0,0,1,0,3,0,1,0,0,0,2,0,0,0,0,0,2,0,1,0,0,0,0,1,1,0,3,0,0,0,2,0,1,0,3,0,0,0,0,0,0,0,5,0,0,0,1,0,0,0,0,0,0,0,1,0,0,2,0,0,0,0,3,1,2,0,0,0,0,0,0,1,0,0,0,0,0,0,0,3,0,0
180,2,23,2,3,3,0,0,2,0,3,1,0,0,1,3,0,0,3,0,3,0,2,1,1,0,3,0,0,1,0,0,0,5,3,0,0,1,0,0,0,0,1,1,0,0,3,1,0,0,1,2,0,0,0,0,0,0,0,0,0,0,0,1,1,1,1,0,0,1,1,0,0,1,2,0,1,0,0,0,1,0,0,0,0,0,1,0,0,0,1,1,0,0,0,1,0,0,0,2,0
181,26,18,1,14,1,11,3,2,4,2,2,8,4,3,5,6,1,3,0,6,7,0,1,4,7,3,0,0,3,1,5,7,13,0,3,4,3,3,5,4,6,2,2,3,8,0,2,2,1,0,6,1,4,0,1,2,6,3,4,3,8,0,0,2,0,0,0,0,3,2,1,0,0,0,2,1,3,4,4,1,3,0,2,3,1,0,0,2,2,1,1,2,0,1,0,0,0,0,0,2
182,2,2,0,3,0,2,0,3,0,1,1,3,1,0,1,3,0,1,0,1,2,0,1,11,2,0,0,2,2,0,1,6,0,0,0,2,1,0,0,1,0,1,1,0,3,0,0,5,1,0,1,1,2,0,1,0,0,0,0,2,2,1,0,0,0,0,0,0,1,0,0,0,0,0,0,0,0,3,2,1,3,0,0,0,0,0,0,0,0,1,1,0,1,0,0,0,0,0,0,0
183,31,20,4,10,4,20,5,2,11,2,2,7,2,1,8,11,4,2,2,6,9,0,1,1,4,1,1,3,1,3,10,7,3,0,6,10,6,5,6,15,3,2,2,11,12,0,0,4,1,0,7,3,3,1,3,2,3,1,0,8,14,0,0,4,0,0,0,0,0,0,0,0,1,0,1,2,3,14,11,2,3,0,1,1,2,0,1,0,5,2,0,0,0,2,3,0,0,1,1,2
184,7,1,5,2,8,5,5,4,0,1,2,2,2,1,4,3,1,2,0,0,6,0,1,1,1,2,1,1,1,0,1,1,0,0,2,2,1,0,0,4,3,1,1,0,2,0,0,2,1,0,2,0,2,0,1,5,8,0,0,1,3,0,0,3,0,0,1,0,0,0,1,0,0,0,0,0,0,4,2,1,3,0,1,0,0,0,0,0,1,1,2,0,2,0,0,0,0,0,0,0
185,30,17,18,19,5,12,2,2,5,1,4,7,13,0,8,6,3,6,2,6,12,1,1,3,4,1,1,5,2,6,8,10,4,0,3,5,3,1,5,7,2,2,2,0,10,0,0,6,2,0,2,0,3,0,4,13,6,1,1,3,10,0,1,3,0,2,3,3,1,2,0,0,0,0,0,3,0,3,2,1,3,0,3,0,1,2,1,3,6,1,1,5,2,1,5,0,1,0,0,2
186,0,1,4,1,3,3,0,4,0,1,1,1,2,0,0,5,0,2,0,0,1,0,1,5,1,0,0,2,2,2,0,0,0,0,0,3,1,0,0,0,0,1,1,0,3,0,0,0,1,0,0,0,2,0,1,4,0,0,0,1,3,0,0,0,0,2,1,0,0,3,0,0,0,0,0,1,0,1,1,0,3,0,0,0,0,0,1,0,0,1,0,0,0,0,2,0,0,0,0,0
187,0,4,1,0,2,0,0,5,3,1,1,1,2,2,3,1,0,1,0,3,1,0,1,1,3,0,0,0,2,0,0,0,0,0,0,0,1,0,1,0,0,1,1,0,3,0,0,0,1,0,0,0,2,0,0,0,0,0,0,0,3,1,0,0,0,0,0,0,1,0,0,0,0,0,0,1,0,0,0,0,3,0,1,0,0,0,0,0,1,1,0,0,0,0,0,1,0,0,0,0
188,0,3,2,4,2,1,1,4,0,1,1,1,2,0,1,2,0,4,0,1,1,1,1,0,2,0,0,1,2,6,0,0,1,0,0,0,4,0,0,0,0,2,2,1,3,0,0,0,1,0,1,1,2,0,0,0,0,0,0,1,3,0,0,1,0,1,0,0,1,0,0,0,0,0,0,0,0,0,0,0,3,0,0,1,1,0,3,2,0,1,0,0,0,4,0,0,0,0,0,0
189,4,3,7,0,1,7,5,13,4,1,2,1,1,5,1,4,5,0,0,0,3,0,0,3,3,1,0,5,0,0,1,2,0,0,0,0,1,0,1,1,4,1,1,0,1,0,2,0,1,0,0,1,1,2,1,2,2,1,3,1,1,1,0,4,0,0,3,0,0,0,0,0,0,0,0,0,0,1,0,0,0,0,5,0,0,0,3,0,2,1,1,0,0,1,1,0,0,0,0,0
190,1,5,1,1,0,0,0,3,1,1,1,2,3,0,0,0,0,2,0,1,1,0,1,0,2,0,0,0,2,0,0,0,1,0,0,0,1,0,0,0,0,1,1,0,3,0,0,1,1,0,1,0,2,0,0,0,0,1,0,0,3,1,0,0,0,0,1,0,1,0,0,0,0,0,0,0,0,0,0,1,3,0,0,0,0,0,0,0,0,1,0,0,0,0,0,0,0,0,0,0
191,0,3,8,1,3,2,4,17,1,2,1,1,3,2,0,1,5,3,0,1,1,1,1,0,2,1,1,0,0,0,0,0,0,1,0,0,2,0,1,0,0,1,1,0,3,0,0,0,1,0,1,0,2,1,0,0,1,3,0,0,3,0,0,0,0,0,1,0,0,1,1,0,0,0,0,0,0,0,0,0,3,0,3,0,0,0,4,0,0,1,0,1,0,1,0,0,0,0,0,0
192,0,6,3,0,3,2,0,2,3,1,1,0,2,1,0,1,0,2,1,1,1,0,1,6,2,1,1,0,2,2,0,0,0,0,0,0,1,0,2,0,0,1,1,0,3,0,0,0,2,0,0,0,2,0,0,2,0,1,0,0,3,1,0,0,0,1,1,0,1,0,0,0,0,0,2,0,0,0,1,0,3,0,1,1,0,1,0,0,0,1,0,0,0,0,0,0,0,0,0,0
193,4,2,6,0,2,5,0,2,3,1,0,0,7,2,1,2,3,0,3,0,2,0,1,1,3,2,0,1,0,1,0,2,0,0,0,1,1,1,0,0,0,1,1,0,3,0,2,0,1,1,0,3,2,0,3,1,0,2,1,3,3,0,0,0,0,1,1,0,0,1,0,0,0,0,3,0,0,1,1,4,3,0,4,2,0,2,0,0,1,2,2,0,0,0,0,0,2,0,0,0
194,13,4,3,5,2,16,5,4,7,3,5,4,5,5,10,1,12,0,9,3,7,1,2,2,2,1,7,4,0,2,4,8,2,0,4,2,2,1,0,0,4,0,0,2,2,0,0,0,1,0,1,1,4,2,2,7,0,0,3,1,2,1,0,2,0,1,1,0,2,0,2,6,0,0,0,2,1,1,1,1,3,1,1,1,1,0,1,0,1,3,1,2,1,0,1,1,1,1,0,3
195,11,8,0,1,5,4,1,1,9,3,3,1,10,1,4,2,3,0,0,2,2,0,1,1,2,4,0,0,0,0,2,0,3,0,0,5,1,0,3,0,4,0,0,0,4,0,0,0,2,0,0,0,3,1,2,1,0,0,1,2,4,1,2,0,0,2,0,4,0,1,0,5,0,0,0,0,2,1,0,0,3,0,1,0,0,3,0,1,4,3,0,1,1,1,0,1,2,0,0,2
196,0,7,2,1,2,0,1,3,0,2,1,0,0,2,0,2,1,1,0,4,0,3,0,1,1,0,6,3,0,0,0,0,0,4,0,0,0,0,1,0,0,1,1,0,0,1,1,0,0,1,1,0,0,0,0,0,1,0,0,0,0,1,1,0,1,1,0,0,1,0,0,0,0,2,0,2,0,0,0,0,0,2,0,0,0,1,1,0,0,0,0,0,0,0,0,0,0,0,0,0
197,21,2,3,18,7,5,3,1,5,4,1,7,5,0,1,0,4,0,4,2,1,4,0,0,6,1,0,0,1,0,3,2,3,0,2,2,1,2,1,1,5,2,2,2,2,0,1,1,2,0,2,3,5,7,0,2,0,1,0,2,2,1,2,0,0,3,2,1,1,4,1,0,0,0,3,0,0,1,5,2,0,0,0,0,1,0,0,1,3,1,1,1,0,1,0,3,0,0,0,3
198,9,22,10,1,4,13,1,4,13,2,4,0,4,0,15,3,6,11,12,4,3,1,1,3,7,3,0,5,9,8,2,5,4,0,0,4,3,2,5,0,1,2,1,3,11,0,0,0,2,0,2,4,4,1,4,4,0,0,2,1,11,0,0,2,0,0,3,2,2,3,0,0,0,0,4,0,0,7,3,0,3,1,2,8,1,2,1,0,1,1,3,1,2,2,1,1,0,3,0,1
199,1,3,5,1,0,3,0,5,2,1,1,2,3,0,1,0,1,3,6,1,1,0,1,0,2,0,0,1,2,0,1,0,0,0,0,1,3,1,2,0,0,1,1,0,3,0,0,1,1,0,0,0,3,0,1,1,0,3,0,0,3,1,0,0,0,1,0,0,1,0,0,0,0,0,1,0,0,1,1,0,3,0,0,0,0,0,0,0,0,1,0,0,1,1,0,0,0,0,0,0
200,0,9,0,7,2,3,19,4,2,8,0,0,9,25,1,0,6,0,2,2,2,0,5,10,1,0,3,4,0,3,1,1,1,0,3,3,0,10,0,3,1,0,0,0,2,0,2,0,4,0,1,0,1,2,0,2,1,3,0,1,3,0,2,1,0,0,2,0,0,1,1,9,0,0,0,0,0,1,2,2,0,0,2,1,0,0,2,0,1,1,0,2,1,2,0,0,1,1,0,2
201,2,3,4,1,0,4,0,2,1,1,2,2,3,1,1,0,2,0,9,2,1,0,1,1,1,2,0,2,0,0,1,0,0,0,0,1,1,1,2,0,0,1,1,0,3,0,0,0,0,0,0,2,2,0,3,2,0,0,0,1,3,0,0,0,0,1,0,0,1,0,0,0,0,0,2,0,0,2,1,0,5,0,2,0,0,1,0,0,0,2,1,1,2,1,0,0,0,0,0,0
202,9,2,1,7,0,3,3,1,0,2,1,6,1,4,1,0,2,2,1,1,3,0,1,1,2,0,0,3,1,0,2,2,0,0,6,3,1,0,0,1,0,1,1,1,3,0,5,2,1,0,0,1,2,0,1,2,1,3,3,0,3,0,0,0,0,0,0,0,1,2,0,0,0,0,0,0,1,2,2,0,3,0,0,0,2,0,0,0,0,1,1,0,1,0,0,0,0,0,0,1
203,1,3,2,2,0,4,1,4,2,1,0,2,1,0,0,1,0,2,1,0,1,0,4,1,2,1,1,0,1,0,0,0,0,0,0,1,1,2,1,0,0,1,1,0,3,0,0,0,2,0,0,0,2,0,1,0,0,0,0,0,3,0,1,0,1,0,0,0,0,1,0,0,0,0,0,0,0,1,0,0,3,0,0,0,2,0,0,0,0,1,0,0,0,0,0,1,0,1,0,0
204,1,2,3,0,1,1,0,3,2,1,0,0,2,1,1,1,5,0,0,0,1,0,1,0,2,0,1,2,0,1,0,0,0,0,0,0,2,0,1,2,0,1,1,0,3,0,0,0,0,0,0,2,2,0,2,1,0,0,4,3,2,0,0,0,0,0,0,0,0,0,0,0,0,0,0,0,0,1,0,0,3,0,1,1,0,2,0,0,0,2,0,1,0,0,0,2,0,0,0,0
205,1,3,2,2,0,5,0,5,3,1,1,1,3,1,0,4,1,0,1,1,1,1,1,2,5,0,2,1,0,0,0,0,0,0,0,0,1,0,1,0,0,1,1,0,3,0,0,1,0,0,0,3,2,3,1,0,0,0,0,1,3,1,0,0,0,0,0,0,1,0,0,0,0,0,0,0,0,2,0,0,3,0,0,0,0,1,0,0,0,2,2,0,0,0,1,0,0,0,0,0
206,1,3,2,2,0,5,0,5,4,1,1,1,3,1,0,3,0,1,1,1,1,1,1,2,5,0,2,1,2,0,0,0,0,0,0,0,1,0,1,0,0,1,1,0,3,0,0,1,1,0,0,3,2,2,0,0,0,0,0,0,3,1,0,0,0,0,0,0,1,0,0,0,0,0,0,0,0,1,0,0,3,0,0,0,0,1,0,0,0,1,2,0,0,0,1,0,0,0,0,0
207,1,2,3,0,1,1,0,3,2,1,0,0,1,1,1,1,4,1,0,0,1,0,1,0,2,0,1,2,1,1,0,0,0,0,0,0,2,0,1,2,0,1,1,0,3,0,0,0,1,0,0,2,2,0,0,1,0,0,4,2,2,0,0,0,0,0,0,0,0,0,0,0,0,0,0,0,0,0,0,0,3,0,1,1,0,2,0,0,0,1,0,1,0,0,0,2,0,0,0,0
208,1,3,0,6,1,10,7,5,3,5,1,3,7,9,0,0,12,0,6,1,1,2,3,5,3,0,5,0,0,2,1,0,0,0,4,1,4,3,0,0,3,0,0,2,7,0,2,0,2,1,0,3,2,2,3,3,0,0,1,3,5,2,0,2,0,2,1,0,0,3,0,2,0,0,4,1,1,1,0,0,3,2,1,0,0,1,0,1,0,2,0,0,1,2,0,1,0,0,0,2
209,0,3,4,3,6,3,13,5,0,2,0,2,1,4,1,1,0,1,0,0,3,0,8,0,1,0,0,4,1,0,0,2,0,0,2,1,1,2,2,2,1,1,1,0,3,0,0,5,5,1,0,0,4,1,2,0,1,0,6,0,3,1,0,1,0,0,0,0,0,0,0,0,0,0,0,0,0,1,0,2,3,0,0,0,1,0,0,0,0,1,2,0,0,0,0,0,0,1,0,0
210,0,25,4,1,1,0,0,2,0,1,6,0,0,1,3,0,0,1,0,3,0,1,2,1,0,3,1,1,0,0,0,0,3,4,0,0,0,0,0,0,1,2,2,2,0,3,1,0,1,3,0,0,0,0,0,0,0,0,0,0,0,0,0,0,0,1,0,1,0,0,1,0,2,1,0,1,1,0,0,2,0,0,0,0,1,1,0,0,0,0,0,0,0,0,1,2,1,0,0,1
211,0,1,3,0,0,0,2,1,1,1,1,0,1,0,0,0,0,1,0,0,0,0,2,1,0,0,0,1,0,0,0,0,0,0,0,0,0,4,0,0,0,1,1,0,0,0,0,0,1,0,0,0,0,0,0,0,0,0,0,0,0,0,1,1,0,0,0,0,0,1,0,0,0,0,0,0,0,0,0,1,0,1,1,0,0,0,0,0,0,0,0,0,0,0,0,0,0,2,0,0
212,0,16,4,2,4,0,4,1,5,5,3,2,2,5,0,2,0,1,0,5,0,1,1,0,3,1,2,0,5,0,0,0,2,3,1,1,0,0,0,0,0,2,2,0,0,2,0,0,1,3,0,0,0,2,1,0,0,1,0,0,0,1,3,0,2,0,0,0,0,2,0,0,3,2,0,3,0,0,1,2,0,2,0,0,0,2,1,0,0,0,5,2,1,0,0,0,2,0,2,0
213,0,2,3,2,2,0,4,6,0,1,0,0,2,5,1,0,1,1,0,0,2,1,1,4,5,1,0,6,1,0,0,0,0,0,0,1,1,0,0,3,0,1,1,0,5,0,0,0,1,0,0,0,2,0,4,0,4,0,0,0,5,0,3,0,2,0,2,1,0,2,0,0,0,0,0,1,0,0,1,0,3,0,0,0,0,0,0,1,0,1,0,1,0,0,0,0,1,0,0,0
214,1,2,0,4,1,2,3,0,6,4,0,2,3,3,1,2,2,0,0,1,1,1,2,3,1,0,0,0,0,5,0,0,1,0,0,0,2,1,1,0,2,0,0,0,3,0,0,0,2,0,0,0,2,0,1,1,0,1,0,1,3,2,1,1,0,0,0,0,0,1,2,0,0,0,0,0,1,2,0,1,3,0,0,2,0,1,0,0,0,2,0,0,0,1,0,0,0,1,0,1
215,6,5,13,0,5,4,1,1,6,1,1,0,1,0,5,3,3,0,1,1,0,0,0,0,1,0,0,3,2,14,0,0,1,0,0,0,2,0,2,2,1,2,2,7,0,0,0,0,1,0,1,0,2,2,3,0,0,0,0,3,0,0,0,0,0,0,1,1,0,2,0,1,0,0,0,0,1,1,0,0,0,0,0,4,0,0,0,0,0,2,0,0,1,1,6,0,0,0,0,0
216,1,1,2,2,0,1,6,1,2,3,0,1,1,0,1,0,0,2,0,0,1,0,6,0,2,0,1,0,5,0,0,0,1,0,0,0,1,2,0,0,1,1,1,0,3,0,0,0,5,0,0,0,3,0,0,0,2,0,1,0,4,0,0,0,0,0,0,1,0,1,0,0,1,0,0,0,0,0,0,0,3,0,0,0,0,2,0,1,0,1,0,0,0,1,0,0,0,1,0,1
217,1,5,0,2,0,4,4,3,1,1,1,0,0,3,1,2,1,0,4,0,0,0,0,1,0,0,3,1,0,2,0,0,1,0,4,0,2,2,1,1,2,0,0,0,1,0,1,0,0,0,0,0,0,2,2,1,0,2,0,2,0,1,0,0,0,0,1,2,0,0,0,0,1,0,1,0,1,4,1,0,0,0,0,0,0,0,0,1,1,1,0,1,1,2,0,0,0,1,0,1
218,5,9,4,4,2,3,3,0,4,1,0,0,3,1,1,0,1,0,2,1,1,0,1,0,2,0,2,0,1,1,0,1,1,0,2,1,3,0,1,0,2,1,1,3,8,0,0,1,0,0,1,1,5,0,5,0,0,3,0,1,9,0,0,1,0,1,1,1,1,0,0,1,0,0,0,0,0,1,2,2,3,0,0,1,0,2,0,1,0,2,0,0,0,1,0,0,1,0,0,0
219,13,25,6,11,4,4,6,1,7,1,2,6,4,2,5,0,3,2,6,0,6,0,1,1,3,0,2,0,4,1,4,5,3,0,3,4,5,0,2,2,2,1,1,4,12,0,3,2,2,0,1,1,6,0,4,2,0,5,0,1,12,1,0,1,0,1,1,1,3,0,0,1,0,0,0,2,1,0,3,3,3,1,0,2,2,4,0,1,1,1,0,0,0,1,1,0,2,0,0,2
220,2,3,2,2,0,3,3,1,1,1,1,1,1,4,3,0,0,1,4,1,1,1,1,0,1,0,2,2,3,1,1,0,0,0,3,1,1,1,2,0,0,1,1,0,3,0,0,0,1,0,0,0,2,0,1,0,0,1,0,0,3,1,0,0,0,0,0,0,1,0,0,0,0,0,0,1,0,1,3,0,5,0,1,0,0,0,0,0,0,1,1,1,0,1,0,0,0,0,0,0
221,0,16,0,1,4,11,6,1,2,13,8,0,6,8,0,0,8,0,0,3,1,0,0,3,1,1,3,2,0,0,0,1,4,1,0,1,1,1,2,1,1,0,0,2,0,1,1,0,0,0,0,1,0,0,1,1,2,1,0,2,1,1,2,3,1,0,1,0,4,0,3,0,7,3,0,0,0,0,0,0,0,0,0,2,0,4,1,1,2,1,0,3,1,0,0,1,4,0,0,0
222,5,1,0,2,2,0,0,1,1,1,0,2,1,1,0,0,2,0,1,2,0,1,1,2,1,2,0,1,0,0,1,1,0,0,2,0,0,2,0,0,0,0,0,2,0,0,0,0,0,0,0,1,0,2,1,2,1,1,0,1,1,0,0,1,0,0,0,0,0,0,0,0,0,0,0,0,1,1,0,0,1,1,0,0,0,2,1,0,1,2,0,0,0,0,0,1,0,0,0,0
223,0,3,1,2,1,0,1,1,1,1,1,0,1,2,0,1,0,1,1,2,1,0,1,1,1,0,0,0,2,0,0,0,1,0,1,1,1,0,0,0,0,1,1,0,4,0,0,0,1,0,0,0,2,0,0,1,0,1,0,1,4,0,0,0,0,1,3,0,1,0,0,0,0,0,0,0,0,1,0,0,8,0,0,0,0,0,0,0,0,1,0,0,0,0,0,1,0,0,0,0
224,2,3,8,2,3,1,7,5,2,3,0,2,5,9,0,5,0,2,8,6,1,0,5,2,0,1,1,1,0,0,0,0,1,0,2,0,1,0,0,0,1,1,1,2,0,0,0,0,1,0,1,1,0,0,0,0,0,4,5,0,0,0,1,0,0,0,0,0,0,2,0,0,0,0,0,1,1,3,0,1,0,2,0,0,0,0,1,0,0,0,1,0,0,0,0,0,0,2,0,0
225,0,1,9,0,1,1,7,1,5,5,6,0,1,7,0,0,1,2,0,1,2,2,0,0,4,0,7,5,2,0,0,1,0,0,1,1,0,1,0,0,0,1,1,1,4,0,0,4,1,0,1,0,1,0,2,0,3,0,0,1,0,0,1,0,0,0,2,1,0,1,0,0,0,0,0,0,0,6,0,5,0,3,0,0,0,0,0,2,0,0,0,0,7,1,0,0,0,0,0,0
226,10,4,1,10,6,4,8,1,17,4,5,0,11,8,6,9,3,0,3,1,4,2,1,5,3,0,2,2,0,2,5,2,2,0,2,4,8,5,1,1,5,0,0,0,4,0,1,2,0,1,1,3,2,3,2,6,2,1,2,2,0,2,4,2,0,3,0,1,0,1,2,2,0,0,0,1,1,1,5,0,2,0,3,2,0,2,2,1,2,4,0,2,2,3,1,2,2,1,0,0
227,1,0,7,0,1,0,22,1,0,2,1,0,4,7,0,1,5,0,0,0,0,0,0,0,1,0,2,1,0,0,0,0,0,0,0,3,0,0,0,0,0,1,1,0,0,0,0,2,0,0,0,0,1,1,3,5,0,0,0,1,0,1,0,2,0,1,1,0,0,4,0,1,0,0,0,0,0,1,0,0,0,0,3,0,0,0,0,0,0,1,0,1,1,0,0,0,0,0,0,7
228,1,15,2,2,7,2,2,4,0,2,4,0,0,3,2,2,1,5,0,3,0,3,2,2,1,1,5,2,5,0,0,0,3,1,1,2,0,0,0,0,0,1,1,1,0,1,1,0,0,2,1,2,0,2,0,0,2,0,0,0,0,1,0,0,1,0,0,1,0,0,0,0,1,2,0,0,0,0,0,1,0,0,0,0,0,0,2,0,0,0,0,0,2,0,1,0,1,0,2,0
229,0,5,3,2,1,0,4,5,0,2,1,3,0,2,2,0,0,0,0,0,1,2,2,1,0,0,2,1,0,0,1,0,2,0,1,0,0,0,0,0,0,1,1,0,0,0,0,2,1,0,1,0,0,0,0,0,1,0,1,0,0,0,0,0,0,0,0,0,0,0,0,0,0,0,0,1,0,2,0,0,0,0,0,0,0,0,0,0,0,0,0,0,0,0,0,0,0,1,0,0
230,0,0,1,1,3,14,26,4,5,3,2,2,1,34,0,14,8,0,0,24,2,2,3,4,4,2,24,1,0,3,1,4,3,1,2,2,0,0,0,2,9,0,0,2,0,1,0,1,3,4,3,3,2,1,3,1,12,3,0,5,0,4,2,0,0,0,0,12,0,6,1,13,0,0,0,0,1,5,0,1,0,3,8,0,0,0,1,7,1,2,2,7,1,2,0,5,3,7,0,6
231,24,8,3,6,8,3,3,1,7,2,7,3,5,0,4,3,4,0,0,7,1,2,0,0,2,1,0,1,0,0,3,1,3,0,3,1,15,0,1,0,5,4,4,0,0,0,0,1,0,0,1,0,0,1,2,0,0,0,0,2,0,0,3,0,0,4,2,0,3,4,0,3,1,0,2,0,0,0,0,0,0,0,0,0,0,2,8,0,3,4,1,3,3,4,1,2,1,0,0,1
232,2,2,6,4,1,2,7,3,1,1,1,4,1,3,4,2,2,3,5,0,0,0,0,0,1,0,0,2,1,5,0,1,0,0,0,0,1,1,0,2,0,1,1,0,0,0,1,0,0,0,0,0,0,0,0,1,0,0,0,0,0,0,0,1,0,0,0,1,1,3,1,1,0,0,3,0,1,0,0,0,0,0,4,1,0,0,2,1,0,0,2,1,1,0,0,0,1,0,0,0
233,0,0,0,0,2,9,25,3,3,2,9,0,1,18,0,0,3,0,0,10,0,1,3,4,3,0,8,7,0,0,0,5,0,1,4,1,0,0,0,0,3,0,0,0,1,0,0,3,1,1,1,0,0,1,0,0,2,0,1,1,0,0,3,4,0,2,1,1,1,0,0,11,0,0,0,0,0,4,0,1,0,8,0,0,0,1,0,1,0,1,0,1,5,0,0,5,0,0,1,1
234,0,2,3,1,0,0,2,2,2,0,0,1,1,1,0,1,2,0,4,0,0,1,2,0,0,0,0,0,0,1,0,0,1,0,1,0,0,1,1,0,0,1,1,1,0,0,0,3,1,0,0,0,1,0,0,0,0,1,0,0,0,0,0,0,0,0,0,0,0,1,0,0,0,0,1,0,2,0,0,0,0,1,1,0,2,0,0,0,0,0,0,0,0,0,1,0,0,2,0,0
235,18,10,7,7,9,2,5,3,3,2,6,8,7,0,5,4,3,3,6,4,4,1,0,0,2,1,1,2,6,1,4,3,2,0,3,3,1,1,3,6,0,3,3,1,0,0,0,1,0,0,1,1,1,0,2,3,1,0,1,1,0,2,0,1,1,2,0,0,4,0,0,0,0,0,1,2,1,0,4,0,0,1,0,1,3,1,0,0,1,0,0,3,0,0,2,0,0,0,0,0
236,1,14,1,6,3,1,6,2,0,3,3,3,0,3,2,2,1,3,0,2,0,2,0,1,2,2,4,0,1,0,0,0,3,3,0,0,1,0,1,0,3,1,1,0,0,1,0,0,0,1,0,0,0,1,0,0,1,0,0,1,0,3,1,0,2,0,0,0,0,0,2,0,2,2,0,2,0,0,0,1,0,0,0,0,1,0,2,1,0,0,0,0,3,0,0,0,0,0,3,2
237,2,3,4,2,2,2,7,7,2,2,0,3,0,6,1,1,2,0,1,1,0,1,0,1,1,0,3,0,0,6,0,0,0,0,2,0,0,0,0,0,0,1,1,1,0,0,2,0,0,0,1,1,0,2,2,0,0,0,0,1,0,0,0,1,2,0,0,0,0,2,0,0,1,0,0,2,0,0,0,0,0,0,0,0,0,0,3,0,0,2,1,0,0,1,0,0,0,0,0,0
238,2,2,1,5,3,7,18,2,11,2,1,0,3,5,4,3,3,0,1,1,2,3,7,2,4,1,7,2,0,2,1,6,1,0,7,7,1,3,0,3,7,0,0,1,2,0,0,1,0,0,0,1,2,3,0,2,2,0,7,2,0,1,3,5,0,6,1,0,0,1,0,6,0,0,0,1,0,0,2,0,0,2,2,2,0,4,3,1,0,1,1,1,0,0,0,1,1,1,0,2
239,0,0,0,0,2,1,3,1,3,7,2,0,1,5,0,0,2,0,0,0,1,0,0,1,3,0,1,0,0,0,0,1,1,2,0,0,0,0,0,0,1,0,0,0,0,2,0,0,0,0,0,0,0,0,1,0,2,0,1,1,0,1,1,0,1,0,0,0,0,0,0,0,0,0,0,3,0,0,1,0,0,0,2,0,1,0,0,1,0,1,0,1,0,1,0,0,1,0,0,1
240,0,5,0,0,0,0,4,4,0,6,0,0,5,6,2,0,1,0,1,0,0,0,1,2,1,0,2,1,0,1,0,0,0,0,2,0,0,4,0,0,1,0,0,0,0,0,0,0,0,0,1,1,0,0,1,0,3,1,2,1,0,0,2,1,0,0,0,0,0,0,0,0,0,0,0,1,0,1,0,0,0,1,1,0,0,0,0,2,2,1,0,0,0,0,0,0,0,1,0,0
241,3,13,9,4,0,1,11,9,1,11,1,5,3,10,0,1,2,0,2,2,1,0,5,3,2,1,3,3,0,0,0,0,2,1,3,0,0,6,0,1,0,1,1,0,0,1,2,3,2,2,3,0,0,0,2,2,3,0,0,1,0,4,1,1,0,0,0,4,2,4,1,1,4,1,0,4,0,2,0,0,0,1,1,0,0,0,3,4,2,2,1,2,0,2,0,0,1,1,1,0
242,0,0,1,2,2,1,1,2,0,4,3,0,0,5,0,0,0,7,1,2,0,0,0,2,0,0,0,0,0,0,0,0,0,0,0,1,0,1,0,0,0,3,3,0,0,0,0,0,0,0,0,0,0,1,0,0,1,1,0,0,0,3,1,0,0,0,0,0,0,0,1,0,1,0,0,1,0,0,0,0,0,0,2,0,0,0,0,0,0,0,0,0,0,0,0,0,0,0,5,1
243,1,8,2,2,3,1,4,4,2,1,1,0,0,4,1,2,3,0,0,1,0,2,0,2,0,1,2,0,4,0,0,0,0,1,0,0,1,0,0,0,1,1,1,0,0,1,1,0,0,0,0,0,0,0,0,0,2,0,1,0,0,1,0,1,3,2,0,0,1,0,0,0,1,2,0,0,0,2,0,1,0,0,0,0,0,1,0,0,0,0,1,0,0,0,0,0,0,0,1,0
244,1,24,4,5,3,0,3,3,0,2,3,1,0,5,3,2,0,1,1,1,0,2,1,3,0,3,0,2,0,0,0,0,0,2,0,0,1,0,0,0,0,2,2,0,0,2,2,0,0,1,0,0,0,0,0,0,0,0,0,0,0,0,0,0,2,1,0,1,0,0,0,0,3,2,0,4,0,0,0,0,0,0,0,0,0,1,0,0,0,0,0,0,0,0,1,0,0,0,4,1
245,0,0,3,4,2,1,3,2,0,1,0,0,1,8,0,0,0,4,1,1,0,0,0,4,1,0,0,0,0,0,0,0,0,0,0,0,0,1,0,0,0,2,1,0,0,0,0,0,0,0,0,0,0,0,0,0,0,1,0,0,0,0,0,1,0,0,0,0,0,0,0,0,0,0,0,0,0,0,0,0,0,0,0,0,0,0,0,0,0,0,0,0,0,0,0,0,0,0,2,0
246,0,3,2,0,1,0,0,2,1,2,0,0,1,2,0,0,0,0,0,0,0,0,2,0,0,0,0,1,0,0,0,0,0,0,0,0,0,0,0,0,0,1,1,0,0,0,0,0,1,0,0,0,0,0,0,0,0,0,0,0,0,0,0,0,0,0,0,0,0,0,0,0,0,0,0,0,0,1,0,0,0,0,1,0,0,0,1,1,2,0,0,0,0,0,0,0,0,0,0,0
247,3,2,0,7,2,2,3,1,2,1,0,1,2,1,0,0,1,0,1,1,0,1,0,1,0,0,0,0,2,0,1,0,0,0,0,0,0,0,0,0,0,1,1,0,0,0,0,0,0,0,0,0,0,0,0,0,0,0,0,0,0,0,1,1,0,0,0,0,1,0,0,0,0,0,0,0,0,0,0,0,0,0,0,0,0,0,0,0,1,0,0,0,0,2,0,0,0,0,0,2
248,0,6,1,5,5,0,2,3,2,1,4,0,0,1,1,2,0,2,0,2,0,1,0,1,0,0,1,1,2,0,0,0,1,2,0,1,0,0,1,0,0,1,1,0,0,2,0,1,1,5,0,0,0,0,0,0,1,0,0,0,0,1,0,0,2,1,0,0,1,0,2,0,2,2,0,1,1,0,0,0,0,0,0,0,1,0,0,0,0,0,0,0,0,0,0,0,0,0,3,0
249,2,3,3,4,2,0,3,3,1,2,0,1,1,2,0,1,1,2,1,0,0,0,0,1,1,0,1,0,1,0,0,0,0,1,0,0,0,1,0,0,0,1,1,1,0,1,0,0,2,1,0,0,0,1,0,0,1,0,2,0,0,0,0,1,0,0,0,1,0,0,0,0,0,0,0,1,1,0,0,0,0,0,0,0,1,0,0,1,0,0,0,0,0,1,0,1,0,1,0,0
250,43,11,12,16,8,14,7,2,8,4,12,21,1,3,7,13,2,1,5,7,9,3,0,0,1,0,1,2,8,5,11,12,0,0,7,11,0,4,4,16,1,3,2,6,0,0,2,6,0,0,1,1,1,0,5,0,4,1,3,1,0,4,0,2,1,3,0,0,6,0,0,0,1,0,2,3,1,0,1,0,0,1,2,2,3,0,0,0,0,1,0,0,0,1,1,2,0,0,0,6
251,1,4,1,3,4,0,2,3,0,2,0,2,1,1,1,1,0,3,1,0,0,1,0,3,1,0,0,0,1,2,0,0,1,0,0,0,0,0,0,0,1,1,1,0,0,0,0,0,0,0,0,0,0,0,0,0,0,0,0,0,0,0,0,2,1,1,1,0,0,0,1,0,0,0,0,2,0,0,0,0,0,0,0,1,1,0,0,0,0,0,0,0,0,1,1,0,0,0,0,0
252,5,5,0,3,1,6,4,2,6,1,3,2,1,5,8,4,3,0,3,4,2,2,3,4,1,0,1,0,0,4,2,2,1,0,1,0,0,4,1,1,1,0,0,3,0,0,2,1,3,1,0,2,1,3,3,0,3,1,1,3,0,1,1,2,0,0,1,0,1,7,0,11,0,0,1,0,2,0,0,3,0,0,1,2,0,1,3,0,1,2,0,0,1,0,1,2,0,2,0,0
253,2,4,0,2,5,0,0,1,0,4,2,0,0,0,0,0,1,5,1,2,0,1,0,0,0,0,0,0,1,0,0,0,1,3,0,0,1,0,0,3,0,1,1,0,0,1,1,1,0,2,0,0,0,1,0,0,1,0,1,0,0,0,2,0,0,0,0,0,1,0,1,1,1,2,0,3,0,0,0,0,0,0,0,0,0,0,2,0,0,0,0,0,0,0,0,0,0,0,0,0
254,4,3,1,2,0,0,0,3,0,0,0,3,0,1,0,0,1,1,5,0,0,1,0,1,0,0,0,0,1,0,0,0,0,0,0,1,0,1,1,0,0,1,1,1,0,0,0,0,0,0,0,0,0,0,2,0,1,1,0,0,0,0,0,0,0,0,0,0,0,2,1,0,0,0,3,0,1,0,0,0,0,0,0,0,1,1,2,0,0,2,0,0,0,0,2,0,0,0,0,0
255,14,3,2,2,0,4,1,2,2,2,0,2,1,1,0,2,4,0,7,0,0,0,0,1,0,0,1,1,0,0,1,1,0,0,1,4,2,1,1,1,1,1,1,1,0,0,0,0,0,1,0,0,0,0,1,0,1,0,1,2,0,0,0,0,0,0,0,0,0,2,0,0,0,0,2,0,0,0,0,0,0,0,0,0,0,1,0,0,0,1,0,0,0,0,3,0,0,0,0,2
256,12,22,9,10,6,8,4,2,5,1,7,14,3,3,7,6,1,15,0,6,3,2,0,5,3,2,0,3,7,4,2,3,14,0,4,2,1,4,3,6,3,1,1,2,0,0,0,3,0,0,1,0,1,1,0,3,8,2,3,0,0,8,0,1,0,2,1,3,4,1,0,0,0,0,0,0,1,1,0,1,0,0,1,1,0,1,0,2,1,0,2,2,2,2,2,0,0,0,0,0
257,1,1,6,0,1,1,0,5,1,1,0,0,2,1,0,0,2,0,2,1,0,0,0,5,0,0,0,1,0,3,0,0,0,0,0,0,0,0,0,2,0,1,1,2,0,0,1,0,0,0,0,1,0,0,1,2,0,0,3,5,0,0,0,0,0,0,0,0,0,0,0,0,0,0,0,0,0,0,0,0,0,0,1,1,0,0,0,0,1,1,0,1,0,3,0,0,0,0,0,0
258,3,2,0,0,0,6,2,1,4,1,11,0,8,2,1,5,6,0,5,5,1,0,0,1,4,0,1,1,0,1,1,1,1,0,1,1,0,0,0,0,2,0,0,4,0,0,1,0,1,0,2,1,0,0,3,1,1,0,0,2,1,2,0,2,0,0,1,1,1,1,0,8,0,0,0,0,1,0,1,1,0,3,1,0,0,3,1,0,4,2,3,2,2,3,0,0,1,0,0,1
259,3,7,6,10,3,0,2,1,4,4,0,5,1,1,5,2,0,0,1,0,1,1,4,1,1,0,0,1,1,0,0,0,2,0,5,0,2,0,4,0,0,1,1,1,0,0,0,0,3,0,1,0,2,0,0,1,0,0,0,0,0,0,2,0,1,0,0,1,0,1,0,0,2,2,0,0,0,0,0,0,0,0,1,1,0,0,0,2,2,0,1,0,0,0,0,1,0,1,0,0
260,4,3,0,3,2,9,1,1,9,2,7,0,13,2,1,4,9,0,0,6,3,1,1,1,1,1,1,4,0,1,0,6,0,0,0,0,2,0,0,0,1,1,1,0,0,0,1,0,0,0,2,0,1,1,3,3,1,1,1,3,0,0,4,3,0,3,1,0,2,1,0,8,0,0,1,0,0,0,0,1,0,0,2,1,1,0,0,0,5,2,1,2,0,1,0,2,2,0,0,2
261,6,3,0,3,3,2,3,1,3,10,5,1,11,0,0,0,10,0,0,5,1,4,3,1,1,1,0,0,0,0,3,2,0,0,1,0,4,0,0,0,3,0,0,5,5,0,1,0,0,0,0,0,1,5,1,2,0,1,3,1,2,0,0,0,0,0,0,0,2,0,0,0,0,0,0,0,0,0,0,1,4,0,2,0,0,2,0,2,1,5,1,0,1,4,0,2,0,0,0,0
262,17,3,4,3,0,2,3,1,3,1,2,2,2,2,2,1,3,0,1,3,0,1,2,1,1,1,0,0,0,1,0,0,0,0,1,0,0,1,2,0,1,1,1,1,0,0,0,2,1,0,0,0,1,2,2,0,0,0,0,1,0,1,0,0,0,0,1,2,2,0,0,0,0,0,2,0,0,0,0,0,0,1,1,0,0,1,1,0,2,1,2,0,0,0,0,0,0,2,0,0
263,1,1,6,3,1,1,4,1,1,1,0,2,2,0,0,1,2,1,0,0,3,0,5,0,1,1,0,2,1,0,2,0,0,0,1,0,0,2,0,4,1,1,1,0,0,0,0,0,1,0,0,0,0,0,2,0,1,0,0,0,0,0,1,0,1,0,1,0,0,0,0,0,0,0,0,0,0,0,0,0,0,0,0,0,2,0,0,0,0,0,0,0,1,0,0,1,0,2,0,0
264,6,2,2,6,2,0,2,1,0,3,2,1,0,2,1,0,1,4,1,2,0,2,0,1,0,1,0,0,2,0,0,0,0,1,0,0,0,0,1,0,0,1,1,0,0,1,0,0,0,1,0,1,0,0,0,0,0,2,0,0,0,0,1,0,0,0,1,0,2,0,1,0,0,0,0,0,0,0,0,0,0,0,0,0,2,0,1,0,0,0,0,0,0,0,1,0,0,0,0,0
265,2,16,0,2,3,7,10,5,11,9,5,0,3,13,3,3,7,0,10,3,1,0,2,3,3,1,11,8,0,2,0,0,4,0,11,2,1,6,0,1,3,0,0,1,2,0,0,2,1,1,1,3,1,0,1,1,1,0,0,1,1,0,3,0,1,1,6,0,1,2,0,7,0,0,0,1,1,4,0,3,0,2,2,0,0,5,1,0,0,3,2,0,4,1,0,1,1,1,0,0
266,0,3,5,0,1,1,1,14,0,1,0,0,1,1,1,0,2,0,2,2,0,0,6,1,2,0,0,0,0,7,0,0,0,0,0,0,0,2,1,0,1,1,1,1,0,0,0,0,0,0,2,7,0,2,4,0,0,2,1,1,0,0,0,0,0,0,4,0,0,3,1,0,0,0,0,0,0,0,0,0,0,1,0,2,0,1,1,0,2,3,1,1,0,1,0,1,0,1,0,1
267,5,8,1,0,6,4,3,1,2,1,1,0,0,0,0,1,7,0,0,8,0,0,0,0,1,2,0,0,0,4,0,0,2,0,0,0,1,0,7,0,2,4,4,7,1,0,0,0,0,0,1,1,2,0,0,0,0,4,0,1,0,0,0,0,0,0,0,0,0,2,0,0,0,0,0,0,0,0,0,0,0,0,2,0,0,0,0,0,0,2,1,2,0,4,5,1,1,0,0,0
268,4,8,0,5,0,6,3,3,5,1,3,3,6,4,3,8,4,0,10,2,1,1,2,4,1,3,1,0,0,4,0,0,3,0,0,2,1,0,0,0,5,0,0,1,0,0,1,0,3,1,1,0,0,1,1,0,0,3,2,2,0,3,0,0,1,0,0,0,0,3,2,9,0,0,3,0,1,1,0,0,0,0,0,6,0,4,0,0,1,1,1,0,1,0,1,2,8,0,0,0
269,1,2,1,2,0,1,3,6,0,1,0,1,0,1,1,0,2,0,0,0,0,0,4,2,0,0,0,0,1,2,0,0,0,0,0,0,1,1,0,0,1,1,1,0,0,0,0,0,1,1,2,0,0,0,0,0,0,0,0,0,0,0,0,0,0,0,0,0,0,0,0,0,0,0,0,0,0,0,0,0,0,1,0,0,1,0,0,0,2,0,1,0,0,0,0,1,0,1,0,0
270,1,0,4,3,1,0,4,1,0,4,1,2,0,4,0,0,1,1,0,0,0,2,1,0,0,3,3,1,0,0,0,0,0,4,0,0,0,0,0,0,0,1,1,0,0,3,2,0,0,4,0,0,0,0,0,0,1,0,0,0,0,1,0,0,1,1,0,0,0,0,0,0,2,1,0,3,1,0,0,0,0,0,0,0,1,0,0,0,0,0,0,0,1,0,1,0,1,0,1,0
271,30,11,10,2,3,10,4,4,5,1,5,9,5,1,8,6,1,0,2,6,10,0,2,2,3,1,1,2,6,3,7,5,1,0,1,8,1,1,3,9,0,1,1,7,0,0,0,3,0,0,1,0,1,1,7,1,4,1,1,2,0,4,0,6,0,0,0,2,5,0,1,0,0,0,1,1,0,2,2,0,0,1,0,5,1,3,1,2,0,0,0,0,0,2,0,0,1,1,0,0
272,6,5,0,0,6,4,5,2,9,1,5,0,0,1,6,1,5,0,0,5,0,0,0,1,13,1,2,4,0,4,0,0,1,0,2,0,0,0,4,0,0,0,0,12,0,0,0,0,2,3,2,2,0,1,1,1,0,4,0,3,0,2,0,0,0,2,1,2,0,2,1,7,0,0,2,0,0,1,0,1,0,1,0,2,0,0,0,0,1,1,0,2,2,2,4,0,1,0,0,2
273,1,0,4,2,2,0,0,2,0,2,3,2,0,0,0,0,1,2,0,1,2,2,1,2,0,3,2,1,0,0,0,0,0,3,0,1,0,0,0,0,1,1,1,0,0,3,2,1,0,4,0,0,1,0,0,0,0,0,0,0,0,1,0,0,1,1,1,6,0,0,1,0,1,1,0,0,1,0,0,0,0,0,0,0,2,1,0,0,0,0,0,0,0,0,1,1,2,1,2,1
274,6,2,3,6,1,1,2,1,0,0,0,5,0,0,1,0,0,0,1,0,0,0,0,0,0,0,1,1,1,3,0,0,0,1,1,0,0,0,0,0,1,1,1,0,0,1,0,0,1,1,0,1,0,0,0,0,0,0,0,0,1,0,0,0,1,0,0,1,0,0,0,0,0,0,0,0,0,0,0,0,0,0,0,0,2,0,0,1,0,0,0,2,0,2,0,0,0,1,0,0
275,7,4,0,2,1,6,1,2,8,1,1,1,5,5,4,1,5,0,5,3,1,0,0,2,3,1,1,4,0,10,1,2,2,0,0,1,2,2,2,1,2,0,0,3,0,0,1,0,0,2,0,1,0,0,1,1,0,15,3,5,0,0,0,1,0,0,0,0,0,0,0,6,0,0,0,0,0,0,0,1,0,0,0,0,0,1,0,0,2,2,3,1,0,3,1,3,0,1,0,2
276,0,7,2,3,3,0,1,3,0,2,3,0,0,2,0,2,0,3,0,2,0,2,0,2,0,2,1,0,1,0,0,0,0,2,0,2,0,0,0,1,0,1,1,0,0,1,1,0,1,1,0,0,0,0,0,0,2,0,0,0,0,0,1,0,3,1,0,1,2,0,2,0,1,2,0,0,0,0,0,1,0,1,0,0,1,0,1,1,0,1,0,0,0,0,0,0,1,0,1,0
277,1,0,4,3,3,0,0,1,0,1,4,2,0,0,0,0,0,1,0,0,0,5,0,0,0,3,2,0,1,0,0,0,0,3,0,0,0,0,0,0,0,1,1,0,0,3,2,1,0,2,0,0,0,0,0,0,0,0,0,0,0,1,1,0,1,1,0,0,0,0,3,0,2,1,0,1,1,0,0,0,0,0,0,0,2,0,1,0,0,0,1,0,0,0,1,0,1,0,1,0
278,6,5,10,6,1,6,6,5,2,4,5,0,3,1,0,0,4,0,0,1,2,0,0,1,2,0,1,0,0,0,2,0,2,1,1,0,2,2,1,0,3,1,1,0,3,1,0,0,5,0,1,0,0,3,3,0,0,0,1,1,0,1,1,1,3,1,7,0,1,1,0,0,1,0,0,0,1,0,1,1,0,1,0,0,2,0,2,1,0,2,3,0,0,0,0,2,5,0,0,0
279,17,17,5,3,3,8,2,1,6,5,8,11,0,1,6,1,1,2,6,3,4,1,0,1,2,1,0,2,6,3,3,4,5,0,0,5,1,0,8,4,0,2,2,6,0,0,0,1,0,0,0,0,2,0,5,1,4,2,0,1,0,6,1,2,0,0,0,0,1,0,0,0,0,0,1,0,1,1,4,0,0,0,0,2,0,0,1,1,1,0,0,1,0,0,1,0,0,0,0,1
280,2,0,3,3,3,0,0,1,1,3,2,2,0,0,1,1,0,2,0,2,1,2,1,1,2,3,0,0,0,3,0,0,0,3,0,1,1,0,0,0,0,1,1,1,0,3,3,0,0,2,0,1,0,0,0,0,0,0,0,0,0,0,2,0,2,1,0,2,0,0,2,0,1,2,0,2,1,1,0,0,0,0,0,0,0,1,0,0,0,1,1,0,0,0,1,1,3,0,2,0
281,1,5,2,2,2,0,0,3,0,2,0,4,1,1,0,0,1,2,0,0,0,1,1,1,0,1,0,0,2,1,0,0,1,0,0,0,0,0,2,0,1,1,1,0,0,0,1,1,1,0,0,0,0,0,0,1,0,4,0,0,0,0,0,0,1,0,0,0,0,0,1,0,0,0,2,0,2,0,0,0,0,0,0,0,2,0,0,0,0,0,0,0,0,0,1,0,0,0,0,0
282,1,0,7,1,3,0,0,1,0,1,4,2,0,0,0,0,3,0,0,3,0,1,1,1,2,3,3,0,2,0,0,0,0,2,0,1,0,0,0,0,0,1,1,0,0,2,2,0,1,2,1,0,0,0,0,0,0,0,0,0,0,0,0,2,1,0,0,0,0,2,1,0,2,1,0,0,1,0,0,1,0,2,0,0,1,0,0,0,0,0,1,1,0,0,1,0,2,1,1,0
283,0,0,4,0,0,0,0,2,1,2,0,0,0,0,0,0,0,0,0,1,0,0,2,2,0,0,0,0,0,0,0,0,0,0,0,0,0,0,0,0,0,1,1,0,0,0,0,0,1,0,0,2,0,0,0,0,0,0,0,0,0,0,4,0,0,0,0,0,0,0,0,0,2,0,0,0,0,0,0,1,0,1,0,0,0,0,0,1,0,0,0,0,0,0,0,0,0,0,0,0
284,9,16,4,5,2,4,0,2,6,2,3,1,3,1,3,0,3,2,2,4,4,0,0,1,4,1,0,1,5,1,2,4,4,0,0,2,0,0,6,4,1,1,1,0,0,0,0,2,1,0,0,2,1,0,1,4,1,2,1,2,0,2,0,0,0,0,2,0,3,1,0,0,0,0,1,0,0,2,1,4,0,0,2,0,0,0,0,0,1,0,0,1,1,0,3,1,1,2,0,4
285,12,6,0,0,4,1,8,4,3,2,5,0,3,3,9,9,5,0,7,1,4,0,6,6,1,0,1,6,0,7,5,2,6,0,2,0,2,11,0,0,0,0,0,5,2,0,1,2,2,0,0,2,2,2,0,1,1,1,1,2,0,0,1,6,0,0,2,1,0,0,0,0,2,0,2,2,0,1,0,4,0,2,3,2,1,2,0,1,1,1,1,1,1,1,1,0,0,7,0,1
286,2,0,5,3,4,0,2,2,0,3,2,1,0,0,0,3,2,1,0,1,0,2,1,1,1,3,0,0,0,0,0,0,0,3,0,0,1,0,0,0,2,1,1,0,0,3,4,0,0,2,2,0,0,0,0,0,1,0,0,0,0,1,0,0,2,1,0,0,1,0,0,0,1,2,0,3,0,0,0,2,0,0,0,0,0,0,0,0,0,0,0,0,1,0,1,0,0,0,2,0
287,1,0,3,1,2,0,0,2,0,2,0,1,0,0,1,0,0,1,0,2,0,1,1,1,1,3,0,0,0,0,0,0,0,3,0,0,0,0,0,0,1,1,1,0,0,2,2,0,0,1,0,0,0,0,0,0,0,0,0,0,0,0,0,0,1,1,0,1,1,0,0,0,1,1,0,0,0,0,0,1,0,0,0,0,0,0,0,0,0,0,0,0,0,0,1,0,0,0,0,0
288,0,2,0,6,0,4,6,2,5,4,8,0,1,0,1,1,4,0,0,3,0,3,1,2,1,0,0,3,0,0,1,1,1,1,0,1,0,4,0,0,1,0,0,0,1,0,0,2,0,0,0,0,0,2,2,3,0,0,1,1,0,0,2,1,0,0,0,0,0,0,0,0,0,0,0,0,0,1,3,1,0,2,1,0,0,0,0,0,2,1,0,0,0,1,0,2,0,2,1,1
289,11,3,8,3,1,5,4,2,4,1,0,1,1,0,4,7,6,2,8,1,3,1,3,0,0,3,0,1,1,3,2,2,1,0,3,1,1,7,2,0,0,1,1,0,0,0,0,0,2,0,0,4,1,4,3,0,0,0,0,0,0,0,1,1,1,0,0,0,1,1,0,0,0,0,0,0,4,1,0,1,0,1,2,5,0,0,0,0,2,0,2,0,1,1,0,1,0,2,0,0
290,0,0,6,2,1,0,1,2,0,4,5,0,0,0,1,0,0,0,0,1,1,2,2,1,0,3,3,2,0,0,0,0,0,3,0,0,0,0,0,1,0,1,1,0,0,3,1,3,1,3,0,0,0,0,0,0,0,0,0,0,0,2,1,1,1,1,0,0,0,0,2,0,1,1,0,0,2,0,0,2,0,0,0,0,2,2,0,1,1,0,0,0,0,0,1,2,3,0,2,0
291,15,17,0,16,7,4,28,3,8,5,3,6,2,1,8,3,6,0,5,5,8,6,6,0,1,2,3,5,0,2,8,3,11,0,16,0,8,10,3,2,2,0,0,1,10,0,0,9,1,0,3,4,8,8,1,4,3,1,3,2,0,0,1,0,0,1,4,6,0,2,0,0,6,0,0,1,0,1,1,6,0,5,1,0,0,3,0,4,3,1,0,0,2,2,0,2,1,20,0,1
292,1,1,3,3,2,0,0,3,1,2,2,2,0,0,0,0,0,1,1,1,1,4,1,1,1,2,1,0,0,0,0,0,0,3,0,0,0,0,0,0,2,1,1,0,0,2,1,1,0,2,0,0,0,0,0,0,0,0,0,1,0,0,1,1,1,1,0,3,0,0,1,0,1,0,0,1,0,0,0,1,0,1,0,0,1,0,0,0,0,1,0,0,0,0,0,1,0,0,1,2
293,1,1,3,3,2,0,0,3,1,2,2,2,0,0,0,0,0,1,1,1,1,4,1,1,1,2,1,0,0,0,0,0,0,3,0,0,0,0,0,0,2,1,1,0,0,2,1,1,0,2,0,0,0,0,0,0,0,0,0,1,0,0,1,1,1,1,0,3,0,0,1,0,1,0,0,1,0,0,0,1,0,1,0,0,1,0,0,0,0,1,0,0,0,0,0,1,0,0,1,2
294,2,0,6,4,3,0,2,1,0,2,3,2,0,1,0,1,0,2,0,0,0,2,3,0,0,4,2,1,0,0,0,0,0,3,0,3,1,0,0,0,0,1,1,0,0,3,2,3,0,1,1,0,0,0,0,0,1,0,0,0,0,1,2,1,1,1,0,1,0,0,3,0,1,2,0,1,1,0,0,2,0,0,0,0,2,0,0,0,0,0,0,0,1,0,1,2,3,0,2,0
295,2,0,6,4,3,0,2,1,0,2,3,2,0,1,0,1,0,2,0,0,0,2,3,0,0,4,2,1,0,0,0,0,0,3,0,3,1,0,0,0,0,1,1,0,0,3,2,3,0,1,1,0,0,0,0,0,1,0,0,0,0,1,2,1,1,1,0,1,0,0,3,0,1,2,0,1,1,0,0,2,0,0,0,0,2,0,0,0,0,0,0,0,1,0,1,2,3,0,2,0
296,1,2,2,2,1,0,0,1,0,0,0,2,0,0,0,1,1,0,4,3,0,0,0,0,0,0,0,0,0,0,0,0,0,0,1,0,1,0,1,0,0,1,1,0,0,0,0,2,0,0,0,0,0,0,0,0,0,0,1,0,0,0,0,0,1,0,0,0,2,0,0,0,0,0,0,0,0,0,0,0,0,0,0,0,1,0,0,0,0,0,0,0,0,0,0,0,0,0,0,0
297,3,0,2,3,2,0,0,2,0,1,0,2,0,0,0,0,0,2,0,2,2,2,1,1,0,3,1,0,0,0,0,0,0,2,0,0,1,0,0,0,0,1,1,0,0,2,2,1,0,1,3,0,0,1,0,0,0,0,0,2,0,1,1,0,2,1,0,0,0,0,4,0,1,2,0,0,0,0,0,1,1,0,1,0,0,0,0,0,0,0,1,0,0,0,0,2,1,2,1,1
298,3,0,2,3,2,0,0,2,0,1,0,2,0,0,0,0,0,2,0,2,2,2,1,1,0,3,1,0,0,0,0,0,0,2,0,0,1,0,0,0,0,1,1,0,0,2,2,1,0,1,3,0,0,1,0,0,0,0,0,2,0,1,1,0,2,1,0,0,0,0,4,0,1,2,0,0,0,0,0,1,1,0,1,0,0,0,0,0,0,0,1,0,0,0,0,2,1,2,1,1
299,1,1,4,0,0,1,1,1,0,1,1,0,0,3,0,1,0,0,3,0,1,0,1,1,1,0,0,0,1,1,0,0,0,0,0,0,0,1,0,0,0,1,1,0,0,0,0,0,1,0,1,0,0,0,0,0,0,1,0,0,0,0,0,1,0,0,0,1,0,0,0,0,0,0,1,0,1,0,0,1,0,0,0,0,0,0,0,2,0,0,1,4,0,0,2,0,0,1,0,0
300,3,0,5,3,3,0,0,1,0,3,5,2,0,0,0,0,0,3,0,1,1,5,1,2,0,3,1,0,0,0,0,0,0,4,0,2,1,0,0,0,1,1,1,0,0,4,2,1,0,1,5,0,0,0,0,0,2,0,0,0,0,1,1,0,2,1,0,0,0,1,2,0,1,3,0,2,0,0,0,0,0,0,0,0,1,0,1,0,0,0,0,0,2,0,0,0,1,0,1,0
301,2,0,6,3,4,0,0,2,0,3,3,2,0,0,0,1,0,2,0,0,2,3,1,1,0,3,1,1,3,0,0,0,0,3,0,1,1,0,0,0,0,1,1,0,0,3,3,0,0,2,3,1,0,0,0,0,1,0,0,0,0,0,2,0,2,1,0,1,0,0,1,0,1,2,0,2,1,0,0,0,0,0,0,0,0,0,0,0,0,1,0,0,1,0,0,1,3,0,1,0
302,2,0,6,3,4,0,0,2,0,3,3,2,0,0,0,1,0,2,0,0,2,3,1,1,0,3,1,1,3,0,0,0,0,3,0,1,1,0,0,0,0,1,1,0,0,3,3,0,0,2,3,1,0,0,0,0,1,0,0,0,0,0,2,0,2,1,0,1,0,0,1,0,1,2,0,2,1,0,0,0,0,0,0,0,0,0,0,0,0,1,0,0,1,0,0,1,3,0,1,0
303,2,0,3,3,2,0,0,1,0,1,3,0,0,0,0,1,0,2,0,0,3,1,1,0,1,3,0,0,1,0,1,0,0,3,0,0,1,0,0,0,0,1,1,0,0,3,2,2,0,2,2,0,0,0,0,0,0,0,0,0,0,2,0,0,1,1,0,0,0,0,3,0,1,2,0,2,1,0,0,1,0,0,0,0,0,0,0,0,0,0,1,0,1,0,0,0,1,0,1,1
304,4,0,5,4,5,0,0,1,0,3,2,2,0,0,0,0,0,2,0,0,3,3,1,0,1,3,1,0,1,0,1,0,0,3,0,0,1,0,0,0,0,1,1,0,0,3,3,1,0,3,2,0,0,0,0,0,0,0,0,0,0,2,1,0,2,1,0,0,0,0,1,0,1,2,0,0,2,0,0,1,0,0,0,0,0,0,0,0,0,0,1,0,1,0,2,0,2,0,1,1
305,0,0,3,2,1,0,0,1,0,1,3,0,0,0,0,0,0,2,0,0,0,2,1,0,0,1,1,0,0,0,0,0,0,3,0,0,0,0,0,0,0,1,1,0,0,3,0,0,0,1,1,0,0,0,0,0,0,0,0,0,0,0,2,0,0,1,0,0,0,0,0,0,1,0,0,0,0,0,0,0,0,0,0,0,0,0,0,0,0,0,1,0,0,0,1,0,1,1,1,1
306,0,0,3,2,1,0,0,1,0,1,3,0,0,0,0,0,0,2,0,0,0,2,1,0,0,1,1,0,0,0,0,0,0,3,0,0,0,0,0,0,0,1,1,0,0,3,0,0,0,1,1,0,0,0,0,0,0,0,0,0,0,0,2,0,0,1,0,0,0,0,0,0,1,0,0,0,0,0,0,0,0,0,0,0,0,0,0,0,0,0,1,0,0,0,1,0,1,1,1,1
307,0,0,3,2,1,0,0,1,0,1,3,0,0,0,0,0,0,2,0,0,0,2,1,0,0,1,1,0,0,0,0,0,0,3,0,0,0,0,0,0,0,1,1,0,0,3,0,0,0,1,1,0,0,0,0,0,0,0,0,0,0,0,2,0,0,1,0,0,0,0,0,0,1,0,0,0,0,0,0,0,0,0,0,0,0,0,0,0,0,0,1,0,0,0,1,0,1,1,1,1
308,2,0,6,6,4,1,1,1,0,2,5,2,0,1,0,1,1,2,0,1,0,5,3,0,0,3,1,1,0,0,1,0,1,2,0,1,1,0,0,2,3,1,1,0,0,2,2,0,0,3,2,1,0,0,0,0,1,0,0,1,0,2,2,0,2,2,1,0,1,0,1,0,1,2,0,1,1,0,0,1,0,0,0,0,1,0,1,0,0,0,1,0,0,0,1,1,1,0,1,0
309,2,0,6,6,4,1,1,1,0,2,4,2,0,1,0,1,1,2,0,1,0,5,3,0,0,3,1,1,0,0,1,0,1,2,0,1,1,0,0,2,3,1,1,0,0,2,2,0,0,3,2,1,0,0,0,0,1,0,0,1,0,2,2,0,2,2,1,0,1,0,1,0,1,2,0,1,1,0,0,1,0,0,0,0,1,0,1,0,0,0,1,0,0,0,1,1,1,0,1,0
310,2,0,6,6,4,1,1,1,0,2,5,2,0,1,0,1,1,2,0,1,0,5,3,0,0,3,1,1,0,0,1,0,1,2,0,1,1,0,0,2,3,1,1,0,0,2,2,0,0,3,2,1,0,0,0,0,1,0,0,1,0,2,2,0,2,2,1,0,1,0,1,0,1,2,0,1,1,0,0,1,0,0,0,0,1,0,1,0,0,0,1,0,0,0,1,0,1,0,1,0
311,2,11,8,6,1,4,1,3,8,2,2,3,6,3,0,2,2,0,6,2,0,2,0,1,0,1,0,3,2,6,1,0,2,0,2,1,1,2,5,0,3,1,1,5,0,0,0,0,0,0,3,0,1,0,2,1,0,2,1,2,0,1,0,0,0,0,0,0,0,0,0,0,0,0,1,0,0,0,1,0,0,0,0,2,1,0,0,0,0,2,0,3,0,0,3,0,0,0,0,1
312,18,13,11,10,4,7,2,3,12,3,3,8,6,3,2,2,1,2,6,3,3,5,0,1,2,1,2,3,3,6,4,4,7,0,3,3,2,2,5,2,0,1,1,6,0,0,2,3,0,0,6,0,1,0,1,2,0,2,1,2,0,3,0,0,0,0,0,0,2,0,1,0,2,2,1,1,0,0,3,0,0,0,0,2,4,0,1,0,3,1,0,3,0,0,3,0,0,0,0,1
313,3,0,3,4,4,0,0,1,2,2,2,1,0,0,0,0,0,1,0,2,0,3,1,0,0,3,1,1,0,0,0,0,0,5,0,0,1,0,0,0,0,1,1,0,0,4,2,0,1,4,3,0,0,0,0,0,1,0,0,0,0,0,0,0,2,1,0,0,0,0,1,0,1,2,0,0,0,0,0,1,0,0,0,0,1,0,0,0,0,0,0,0,0,0,1,2,0,0,3,0
314,1,2,2,1,0,1,2,1,1,1,0,1,0,0,0,0,1,3,0,6,3,0,0,7,1,0,0,3,0,0,1,0,0,0,0,0,0,1,0,2,0,1,1,0,0,0,0,2,1,0,1,0,1,1,0,0,2,0,0,1,0,0,0,0,0,1,0,1,0,0,0,0,0,0,0,0,0,0,0,0,0,1,0,0,1,0,0,1,0,0,0,1,3,0,0,0,0,1,0,0
315,1,0,2,4,4,1,0,1,0,3,1,2,0,0,0,2,0,1,0,0,1,2,1,1,0,3,0,1,1,0,0,0,0,5,0,0,1,0,0,0,1,1,1,0,0,4,2,0,1,1,3,0,0,0,0,0,0,0,0,0,0,2,0,0,2,0,0,1,0,0,1,0,2,2,0,1,0,0,1,0,0,0,0,0,2,0,1,0,0,0,2,0,0,0,1,3,1,0,2,1
316,1,0,2,4,4,1,0,1,0,3,1,2,0,0,0,2,0,1,0,0,1,2,1,1,0,3,0,1,1,0,0,0,0,5,0,0,1,0,0,0,1,1,1,0,0,4,2,0,1,1,3,0,0,0,0,0,0,0,0,0,0,2,0,0,2,0,0,1,0,0,1,0,2,2,0,1,0,0,1,0,0,0,0,0,2,0,1,0,0,0,2,0,0,0,1,3,1,0,2,1
317,25,17,10,1,2,9,4,3,5,1,0,1,4,1,6,5,1,1,2,0,9,1,0,1,5,2,0,2,1,2,7,7,0,0,2,3,1,0,7,8,0,1,1,10,0,0,1,4,1,0,3,0,2,0,0,3,3,1,1,4,0,1,0,0,0,0,7,1,0,2,0,0,0,0,1,3,2,0,4,3,0,1,0,0,3,0,2,2,3,0,0,1,1,1,0,0,0,0,0,1
318,25,17,10,1,2,9,4,3,5,1,0,1,4,1,6,5,1,1,2,0,9,1,0,1,5,2,0,2,1,2,7,7,0,0,2,3,1,0,7,8,0,1,1,10,0,0,1,4,1,0,3,0,2,0,0,3,3,1,1,4,0,1,0,0,0,0,7,1,0,2,0,0,0,0,1,3,2,0,4,3,0,1,0,0,3,0,2,2,3,0,0,1,1,1,0,0,0,0,0,1
319,3,1,7,0,5,4,4,4,0,1,1,0,2,0,7,5,3,0,0,2,4,0,0,3,2,1,1,2,0,0,1,4,0,0,0,1,0,0,0,7,0,1,1,0,0,0,5,1,0,0,1,0,0,0,1,2,5,0,7,2,0,0,0,1,0,0,0,0,1,0,0,0,0,0,1,1,1,0,1,0,0,1,0,0,0,0,1,0,1,0,0,1,0,1,0,0,0,0,0,0
320,3,1,7,0,5,4,4,4,0,1,1,0,2,0,7,5,3,0,0,2,4,0,0,3,2,1,1,2,0,0,1,4,0,0,0,1,0,0,0,7,0,1,1,0,0,0,5,1,0,0,1,0,0,0,1,2,5,0,7,2,0,0,0,1,0,0,0,0,1,0,0,0,0,0,1,1,1,0,1,0,0,1,0,0,0,0,1,0,1,0,0,1,0,1,0,0,0,0,0,0
321,3,0,3,3,2,0,0,1,1,2,2,2,0,0,0,0,0,0,0,0,0,3,1,1,0,3,0,1,0,0,0,0,0,4,0,0,1,0,0,0,0,1,1,0,0,3,2,0,1,4,2,0,0,0,0,0,0,0,0,0,0,1,0,0,2,1,0,1,0,0,1,0,1,2,0,2,0,0,0,1,0,0,0,0,1,0,0,0,0,0,0,0,0,0,1,1,1,0,2,0
322,3,2,7,3,3,1,1,3,2,6,0,2,4,0,1,1,1,1,0,0,1,4,4,3,0,0,0,2,1,0,1,1,1,0,1,2,0,2,0,4,0,1,1,0,5,0,0,0,1,0,1,0,0,0,0,0,0,0,0,2,0,0,0,2,0,0,0,1,0,2,0,0,1,0,0,1,0,0,1,0,0,0,0,0,0,0,2,1,0,0,0,0,0,0,0,0,0,1,0,0
323,3,2,7,3,3,1,1,3,2,6,0,2,4,0,1,1,1,1,0,0,1,4,4,3,0,0,0,2,1,0,1,1,1,0,1,2,0,2,0,4,0,1,1,0,5,0,0,0,1,0,1,0,0,0,0,0,0,0,0,2,0,0,0,2,0,0,0,1,0,2,0,0,1,0,0,1,0,0,1,0,0,0,0,0,0,0,2,1,0,0,0,0,0,0,0,0,0,1,0,0
324,3,1,3,5,1,2,3,3,2,1,1,2,3,0,3,1,0,1,0,0,2,0,3,0,3,0,0,0,1,0,2,1,3,2,2,1,0,0,0,1,0,1,1,0,0,0,0,1,2,0,1,1,0,1,0,2,3,0,1,1,0,0,1,0,0,0,0,0,0,0,0,0,0,0,0,0,0,0,1,0,0,0,0,0,0,0,1,0,0,0,0,0,1,2,0,0,1,1,0,0
325,0,5,12,1,4,8,0,1,2,3,4,0,1,3,0,4,4,0,4,1,0,0,3,3,2,1,0,4,0,12,0,0,2,1,0,2,1,0,1,0,3,1,1,4,1,1,0,1,2,1,6,2,1,2,0,0,0,0,0,0,3,0,5,0,0,0,2,1,0,2,1,4,0,0,1,0,1,0,0,2,0,1,0,11,0,2,1,2,1,4,1,2,1,0,0,2,0,0,1,3
326,0,5,12,1,4,8,0,1,2,3,4,0,1,3,0,4,4,0,4,1,0,0,3,3,2,1,0,4,0,12,0,0,2,1,0,2,1,0,1,0,3,1,1,4,1,1,0,1,2,1,6,2,1,2,0,0,0,0,0,0,3,0,5,0,0,0,2,1,0,2,1,4,0,0,1,0,1,0,0,2,0,1,0,11,0,2,1,2,1,4,1,2,1,0,0,2,0,0,1,3
327,2,0,4,2,1,0,1,1,1,2,3,0,0,0,0,0,0,1,0,0,0,1,1,0,1,4,2,1,0,0,0,0,0,4,0,0,1,0,0,0,0,1,1,0,0,4,1,0,0,2,0,1,0,0,0,0,1,0,0,0,0,0,1,0,1,1,0,4,0,0,4,0,3,2,0,0,0,0,0,1,1,0,0,1,1,1,1,0,0,0,1,0,0,0,0,0,1,0,2,2
328,2,0,4,2,1,0,1,1,1,2,3,0,0,0,0,0,0,1,0,0,0,1,1,0,1,4,2,1,0,0,0,0,0,4,0,0,1,0,0,0,0,1,1,0,0,4,1,0,0,2,0,1,0,0,0,0,1,0,0,0,0,0,1,0,1,1,0,4,0,0,4,0,3,2,0,0,0,0,0,1,1,0,0,1,1,1,1,0,0,0,1,0,0,0,0,0,1,0,2,2
329,11,3,0,3,1,13,3,1,8,4,5,4,3,7,1,3,6,0,2,0,7,4,0,6,4,3,3,7,0,4,7,0,2,0,3,1,2,8,1,1,1,0,0,0,1,0,1,6,2,0,1,4,0,2,4,0,3,0,13,1,0,0,0,2,0,0,2,0,0,0,2,0,1,0,1,1,0,1,2,4,0,0,6,0,0,0,1,4,0,1,1,0,2,3,1,0,1,0,0,0
330,1,1,6,1,2,3,1,1,1,1,1,2,3,1,0,2,1,2,4,1,0,0,1,1,0,0,0,0,1,3,0,0,0,0,0,0,0,0,0,0,1,1,1,1,1,0,0,2,1,0,1,0,1,1,0,0,0,0,0,0,0,0,0,0,0,1,0,0,0,1,0,0,0,0,0,0,4,0,0,1,0,1,0,0,0,0,0,0,0,0,0,1,0,1,0,0,0,1,0,0
331,2,0,4,4,2,0,0,1,0,1,1,2,0,0,0,3,0,0,0,0,0,4,1,0,0,3,0,0,0,0,0,0,1,2,0,0,1,0,0,0,2,1,1,0,0,2,4,0,1,2,2,1,0,0,0,0,0,0,0,0,0,1,2,0,3,1,0,0,0,0,1,1,1,2,0,0,0,0,0,1,0,0,0,0,0,1,0,1,0,0,2,1,1,0,2,0,1,0,1,0
332,2,0,3,2,3,0,0,1,0,2,1,2,0,0,0,1,0,1,0,0,1,2,1,0,0,3,0,2,0,0,0,0,0,3,0,0,1,0,0,0,0,1,1,0,0,3,2,0,0,1,0,0,0,1,0,0,0,0,0,0,0,0,1,0,2,1,0,1,0,1,2,0,1,2,0,1,0,0,0,0,0,0,0,0,0,0,0,0,0,0,1,0,0,0,1,3,0,0,1,0
333,3,0,3,4,3,0,0,1,0,1,1,1,0,0,0,0,0,4,0,0,0,2,1,0,1,3,0,0,0,0,0,0,0,4,0,0,1,0,0,0,0,1,1,0,0,4,2,4,1,4,0,0,0,1,0,0,0,0,0,0,0,2,1,0,2,1,0,1,0,0,1,0,1,2,0,0,0,0,0,0,0,0,0,0,1,0,0,0,0,1,2,0,0,0,1,0,0,0,3,0
334,3,0,3,4,3,0,0,1,0,1,1,1,0,0,0,0,0,4,0,0,0,2,1,0,1,3,0,0,0,0,0,0,0,4,0,0,1,0,0,0,0,1,1,0,0,4,2,4,1,4,0,0,0,1,0,0,0,0,0,0,0,2,1,0,2,1,0,1,0,0,1,0,1,2,0,0,0,0,0,0,0,0,0,0,1,0,0,0,0,1,2,0,0,0,1,0,0,0,3,0
335,1,5,5,2,4,2,2,1,1,4,1,1,0,3,1,4,3,1,2,2,0,1,2,3,1,0,0,0,2,0,0,0,2,0,1,0,1,2,0,1,1,1,1,0,0,0,0,1,3,0,0,1,0,0,0,0,0,2,0,0,0,0,0,0,0,0,0,1,0,2,1,0,0,0,4,0,3,0,0,0,0,0,1,1,0,0,3,1,0,2,1,1,0,1,0,1,0,1,0,0
336,1,5,5,2,4,2,2,1,1,4,1,1,0,3,1,4,3,1,2,2,0,1,2,3,1,0,0,0,2,0,0,0,2,0,1,0,1,2,0,1,1,1,1,0,0,0,0,1,3,0,0,1,0,0,0,0,0,2,0,0,0,0,0,0,0,0,0,1,0,2,1,0,0,0,4,0,3,0,0,0,0,0,1,1,0,0,3,1,0,2,1,1,0,1,0,1,0,1,0,0
337,2,0,6,3,2,0,0,2,0,2,6,2,0,0,0,1,3,1,0,1,0,3,1,1,0,4,1,1,0,0,0,0,0,2,0,0,1,0,0,0,0,1,1,0,0,2,2,0,1,1,0,0,0,0,0,0,0,0,0,0,0,1,1,0,2,1,0,1,0,1,0,0,1,2,0,1,1,0,0,1,0,0,0,0,1,0,0,1,1,0,1,1,0,0,1,0,1,1,1,0
338,2,0,6,3,2,0,0,2,0,2,6,2,0,0,0,1,3,1,0,1,0,3,1,1,0,4,1,1,0,0,0,0,0,2,0,0,1,0,0,0,0,1,1,0,0,2,2,0,1,1,0,0,0,0,0,0,0,0,0,0,0,1,1,0,2,1,0,1,0,1,0,0,1,2,0,1,1,0,0,1,0,0,0,0,1,0,0,1,1,0,1,1,0,0,1,0,1,1,1,0
339,4,0,6,3,4,0,0,1,0,3,5,2,0,1,0,2,0,1,1,0,0,4,2,1,0,4,0,2,0,1,2,0,0,3,0,3,2,1,0,0,0,1,1,1,0,3,2,3,2,2,0,0,0,0,0,0,0,0,0,0,0,3,1,1,3,1,1,2,0,0,1,0,2,2,0,0,2,0,0,3,0,0,0,0,0,0,0,0,0,0,2,1,0,0,0,0,4,0,1,0
340,4,0,6,3,4,0,0,1,0,3,5,2,0,1,0,2,0,1,1,0,0,4,2,1,0,4,0,2,0,1,2,0,0,3,0,3,2,1,0,0,0,1,1,1,0,3,2,3,2,2,0,0,0,0,0,0,0,0,0,0,0,3,1,1,3,1,1,2,0,0,1,0,2,2,0,0,2,0,0,3,0,0,0,0,0,0,0,0,0,0,2,1,0,0,0,0,4,0,1,0
341,2,0,3,2,1,0,0,2,0,2,4,0,0,0,0,0,0,1,0,0,0,4,1,0,0,2,0,1,0,0,0,0,0,2,0,0,1,0,0,0,0,1,1,0,0,2,0,0,1,1,0,0,0,0,0,0,1,0,0,0,0,1,1,0,1,1,0,2,0,0,0,0,1,1,0,1,0,0,0,1,0,0,1,0,0,0,0,0,0,0,0,0,1,0,0,2,0,0,3,0
342,2,0,3,2,1,0,0,2,0,2,4,0,0,0,0,0,0,1,0,0,0,4,1,0,0,2,0,1,0,0,0,0,0,2,0,0,1,0,0,0,0,1,1,0,0,2,0,0,1,1,0,0,0,0,0,0,1,0,0,0,0,1,1,0,1,1,0,2,0,0,0,0,1,1,0,1,0,0,0,1,0,0,1,0,0,0,0,0,0,0,0,0,1,0,0,2,0,0,3,0
343,0,1,4,1,0,0,1,1,2,1,0,0,0,0,1,4,1,0,3,1,0,0,3,1,1,1,0,2,1,4,0,0,1,0,1,0,0,1,0,0,0,1,1,0,0,0,0,0,2,0,0,1,0,0,0,0,0,1,0,0,0,0,0,1,0,1,0,1,0,0,0,0,0,0,0,0,1,1,0,0,0,0,0,0,0,0,0,1,0,0,0,1,0,1,0,0,1,1,0,0
344,1,3,3,0,0,0,0,4,1,1,0,0,0,1,2,1,0,2,0,2,0,0,0,0,0,0,0,0,0,1,0,0,0,0,0,0,0,0,1,0,0,1,1,0,0,0,0,0,0,0,0,0,0,0,0,0,0,0,0,1,0,0,0,0,0,1,0,0,0,0,0,0,0,0,0,0,0,0,0,0,0,0,0,0,0,1,0,2,0,0,0,0,0,0,1,0,1,0,0,0
345,2,0,3,4,2,0,0,1,0,3,2,2,0,0,0,1,1,3,0,0,1,2,1,0,0,3,0,1,0,0,0,0,0,3,0,0,1,0,0,0,0,1,1,0,0,3,2,1,0,2,0,0,0,1,0,0,0,0,0,0,0,0,0,0,2,1,1,2,0,0,2,0,1,2,0,1,0,0,0,0,0,0,0,0,0,0,0,0,0,0,1,1,0,0,0,2,1,0,3,0
346,2,0,3,4,2,0,0,1,0,3,2,2,0,0,0,1,1,2,0,0,1,2,1,0,0,3,0,1,0,0,0,0,0,3,0,0,1,0,0,0,0,1,1,0,0,3,2,1,0,2,0,0,0,1,0,0,0,0,0,0,0,0,0,0,2,1,1,2,0,0,2,0,1,2,0,1,0,0,0,0,0,0,0,0,0,0,0,0,0,0,1,1,0,0,0,2,1,0,2,0
347,3,0,6,3,5,0,1,1,0,3,3,2,0,0,0,0,3,3,0,0,0,4,1,1,0,3,1,0,1,0,0,0,0,2,0,2,1,0,0,0,1,1,1,0,0,2,2,0,0,4,1,0,0,1,0,0,0,0,0,0,0,0,1,0,2,1,0,2,0,0,1,0,2,2,0,1,1,0,0,1,0,0,0,0,0,0,0,0,0,0,2,1,0,0,0,0,1,0,1,1
348,3,0,6,3,5,0,1,1,0,3,3,2,0,0,0,0,3,3,0,0,0,4,1,1,0,3,1,0,1,0,0,0,0,2,0,2,1,0,0,0,1,1,1,0,0,2,2,0,0,4,1,0,0,1,0,0,0,0,0,0,0,0,1,0,2,1,0,2,0,0,1,0,2,2,0,1,1,0,0,1,0,0,0,0,0,0,0,0,0,0,2,1,0,0,0,0,1,0,1,1
349,1,0,6,4,4,0,0,2,0,4,7,1,0,0,0,2,0,3,0,1,0,2,2,1,0,3,4,1,0,0,0,0,0,2,0,0,1,0,0,0,0,1,1,0,0,2,2,1,2,3,0,0,0,1,0,0,0,0,0,1,0,1,2,2,2,1,0,4,0,0,0,0,2,2,0,2,1,0,0,2,0,0,0,0,0,0,3,0,0,1,1,0,0,0,0,1,1,0,3,0
350,1,0,6,4,4,0,0,2,0,4,7,1,0,0,0,2,0,3,0,1,0,2,2,1,0,3,4,1,0,0,0,0,0,2,0,0,1,0,0,0,0,1,1,0,0,2,2,1,2,3,0,0,0,1,0,0,0,0,0,1,0,1,2,2,2,1,0,4,0,0,0,0,2,2,0,2,1,0,0,2,0,0,0,0,0,0,3,0,0,1,1,0,0,0,0,1,1,0,3,0
351,5,0,4,5,5,0,0,2,1,2,3,1,0,0,0,1,0,2,2,1,0,4,1,1,0,4,2,0,2,1,0,0,1,4,0,0,1,0,0,0,0,2,2,0,0,4,2,0,1,1,1,1,0,2,0,0,0,0,0,0,0,1,1,3,2,1,0,2,0,0,2,0,2,2,0,0,1,0,0,0,0,1,0,2,0,0,2,0,0,0,1,1,0,1,0,0,0,0,1,0
352,5,0,4,5,5,0,0,2,1,2,3,1,0,0,0,1,0,2,2,1,0,4,1,1,0,4,2,0,2,1,0,0,1,4,0,0,1,0,0,0,0,2,2,0,0,4,2,0,1,1,1,1,0,2,0,0,0,0,0,0,0,1,1,3,2,1,0,2,0,0,2,0,2,2,0,0,1,0,0,0,0,1,0,2,0,0,2,0,0,0,1,1,0,1,0,0,0,0,1,0
353,1,0,3,3,2,0,0,1,0,1,2,2,0,0,0,2,0,1,1,0,0,3,1,0,1,4,1,1,0,0,0,0,0,4,0,0,1,0,0,0,2,1,1,0,0,3,3,2,1,4,0,1,0,0,0,0,0,0,0,0,0,2,0,1,2,1,0,1,0,0,1,0,1,2,0,2,0,0,0,0,0,0,0,0,1,0,0,0,0,1,0,0,0,0,1,2,1,0,1,0
354,3,0,7,4,3,0,0,2,1,4,1,1,0,0,0,1,1,1,1,0,2,3,2,1,1,4,3,1,1,0,0,0,0,3,0,1,1,0,0,0,0,1,1,0,1,3,3,2,1,3,2,1,0,0,0,0,0,0,0,0,0,2,1,2,2,1,0,1,0,0,2,0,1,2,0,2,2,0,0,0,0,0,1,0,0,0,0,0,0,0,1,0,1,0,0,4,3,0,3,0
355,3,0,7,4,3,0,0,2,1,4,1,1,0,0,0,1,1,1,1,0,2,3,2,1,1,4,3,1,1,0,0,0,0,3,0,1,1,0,0,0,0,1,1,0,1,3,3,2,1,3,2,1,0,0,0,0,0,0,0,0,0,2,1,2,2,1,0,1,0,0,2,0,1,2,0,2,2,0,0,0,0,0,1,0,0,0,0,0,0,0,1,0,1,0,0,4,3,0,3,0
356,1,1,8,1,0,2,1,3,2,3,0,3,0,0,0,0,0,1,0,0,0,1,4,3,1,0,0,0,2,1,0,1,2,0,4,0,0,4,0,0,0,1,1,0,0,0,0,1,1,0,0,5,3,0,0,0,3,0,0,0,0,0,0,0,0,0,0,2,0,3,0,0,1,1,0,0,0,0,0,0,0,1,0,0,2,0,0,2,0,0,0,0,0,0,1,0,0,1,0,0
357,1,1,8,1,0,2,1,3,2,3,0,3,0,0,0,0,0,1,0,0,0,1,4,3,1,0,0,0,2,1,0,1,2,0,4,0,0,4,0,0,0,1,1,0,0,0,0,1,1,0,0,5,3,0,0,0,3,0,0,0,0,0,0,0,0,0,0,2,0,3,0,0,1,1,0,0,0,0,0,0,0,1,0,0,2,0,0,2,0,0,0,0,0,0,1,0,0,1,0,0
358,5,0,7,4,5,0,0,1,0,2,4,4,0,0,0,0,0,2,0,1,1,2,2,0,0,3,1,0,1,0,2,0,0,2,0,1,1,0,0,0,2,1,1,0,0,2,2,0,1,3,0,0,0,1,0,0,1,0,0,0,0,1,1,1,2,1,1,0,0,0,0,0,1,2,0,2,2,0,0,3,0,0,0,0,1,2,0,0,0,0,0,0,3,0,0,1,2,0,2,0
359,5,0,7,4,5,0,0,1,0,2,4,4,0,0,0,0,0,2,0,1,1,2,2,0,0,3,1,0,1,0,2,0,0,2,0,1,1,0,0,0,2,1,1,0,0,2,2,0,1,3,0,0,0,1,0,0,1,0,0,0,0,1,1,1,2,1,1,0,0,0,0,0,1,2,0,2,2,0,0,3,0,0,0,0,1,2,0,0,0,0,0,0,3,0,0,1,2,0,2,0
360,3,0,3,9,4,1,1,4,2,2,0,1,0,0,0,0,0,2,0,0,1,3,1,3,0,4,0,0,2,0,0,0,0,3,1,0,1,0,0,1,0,1,1,0,0,3,2,0,1,1,2,1,0,0,0,0,0,1,0,1,0,1,0,0,2,1,2,0,0,0,1,0,2,2,0,1,0,0,0,1,0,0,1,0,2,0,0,0,0,0,1,0,2,0,1,1,0,0,1,0
361,3,0,3,9,4,1,1,4,2,2,0,1,0,0,0,0,0,2,0,0,1,3,1,3,0,4,0,0,2,0,0,0,0,3,1,0,1,0,0,1,0,1,1,0,0,3,2,0,1,1,2,1,0,0,0,0,0,1,0,1,0,1,0,0,2,1,2,0,0,0,1,0,2,2,0,1,0,0,0,1,0,0,1,0,2,0,0,0,0,0,1,0,2,0,1,1,0,0,1,0
362,6,2,1,5,1,0,2,2,1,1,0,2,1,3,0,0,2,0,3,0,0,0,1,0,0,1,2,2,0,3,0,2,2,0,2,1,0,1,0,0,0,1,1,0,0,0,0,0,0,0,0,0,1,1,1,0,0,1,6,1,0,0,0,0,0,0,0,0,0,0,0,0,0,0,0,0,0,0,2,1,0,1,0,0,0,0,2,0,0,1,0,3,0,0,0,0,0,2,0,0
363,3,0,4,4,2,0,0,1,0,1,2,2,0,0,0,0,0,2,0,0,0,2,2,1,0,4,2,1,1,0,0,0,0,2,2,0,1,0,0,0,0,1,1,0,0,2,2,0,1,1,1,0,0,1,0,0,0,0,0,0,0,2,2,0,2,1,0,0,0,1,2,0,1,2,0,1,0,0,0,1,0,0,0,0,1,0,0,0,0,1,0,0,0,0,0,2,0,0,3,0
364,3,0,4,4,2,0,0,1,0,1,2,2,0,0,0,0,0,2,0,0,0,2,2,1,0,4,2,1,1,0,0,0,0,2,2,0,1,0,0,0,0,1,1,0,0,2,2,0,1,1,1,0,0,1,0,0,0,0,0,0,0,2,2,0,2,1,0,0,0,1,2,0,1,2,0,1,0,0,0,1,0,0,0,0,1,0,0,0,0,1,0,0,0,0,0,2,0,0,3,0
365,4,0,4,7,4,0,1,1,1,3,3,3,0,0,0,0,0,1,1,0,0,3,2,1,0,3,1,1,2,0,0,0,0,3,0,0,1,0,0,0,1,1,1,0,0,3,2,2,1,0,1,0,0,1,0,0,0,0,0,0,0,3,1,0,2,1,0,0,0,0,3,0,1,2,0,1,0,0,1,0,0,0,0,0,0,0,0,0,1,1,0,0,0,0,1,0,1,0,2,0
366,4,0,4,7,4,0,1,1,1,3,3,3,0,0,0,0,0,1,1,0,0,3,2,1,0,3,1,1,2,0,0,0,0,3,0,0,1,0,0,0,1,1,1,0,0,3,2,2,1,0,1,0,0,1,0,0,0,0,0,0,0,3,1,0,2,1,0,0,0,0,3,0,1,2,0,1,0,0,1,0,0,0,0,0,0,0,0,0,1,1,0,0,0,0,1,0,1,0,2,0
367,1,2,0,5,0,5,7,1,4,2,0,0,3,2,1,1,1,0,0,0,0,2,5,2,1,0,0,5,0,5,0,0,0,0,0,0,0,1,0,0,1,0,0,2,0,0,1,1,2,0,1,0,3,0,0,6,0,0,0,1,0,2,0,0,0,0,0,0,0,0,1,4,0,0,0,0,0,0,0,0,0,0,0,1,1,0,2,1,0,1,0,2,2,0,0,0,0,4,0,0
368,3,0,6,5,3,0,1,1,0,3,1,4,1,0,0,1,0,1,0,0,1,3,2,1,0,3,3,2,1,0,0,0,0,2,0,1,1,0,0,0,1,1,1,0,0,2,4,1,1,3,1,2,0,0,0,0,0,0,0,0,0,0,3,0,2,1,0,2,0,0,1,0,2,2,0,4,1,0,0,2,0,1,0,0,1,0,0,0,0,0,0,0,0,0,0,1,1,0,3,0
369,3,0,4,4,3,0,2,2,1,5,2,1,1,0,0,0,1,0,1,0,0,4,2,0,0,2,4,4,1,1,0,0,0,3,0,2,1,0,0,0,0,1,1,0,0,2,1,0,0,1,1,1,0,0,0,0,1,0,0,0,0,1,2,0,2,1,0,3,0,0,0,0,1,1,0,4,1,0,0,0,0,1,0,0,0,1,0,1,0,0,1,0,0,0,0,1,2,0,1,1
370,3,0,4,4,3,0,2,2,1,5,2,1,1,0,0,0,1,0,1,0,0,4,2,0,0,2,4,4,1,1,0,0,0,3,0,2,1,0,0,0,0,1,1,0,0,2,1,0,0,1,1,1,0,0,0,0,1,0,0,0,0,1,2,0,2,1,0,3,0,0,0,0,1,1,0,4,1,0,0,0,0,1,0,0,0,1,0,1,0,0,1,0,0,0,0,1,2,0,1,1
371,2,0,4,3,3,0,1,1,0,2,1,1,0,1,0,1,1,2,0,1,0,3,1,1,2,3,1,1,1,0,0,0,0,3,1,0,1,0,0,0,0,1,1,1,0,2,4,0,1,2,0,2,0,0,0,0,0,0,0,0,0,0,0,0,3,1,2,1,0,1,2,0,2,2,0,4,0,0,0,1,0,0,0,0,1,0,0,0,0,0,1,0,0,0,0,0,0,0,2,1
372,2,0,4,3,3,0,1,1,0,2,1,1,0,1,0,1,1,2,0,1,0,3,1,1,2,3,1,1,1,0,0,0,0,3,1,0,1,0,0,0,0,1,1,1,0,2,4,0,1,2,0,2,0,0,0,0,0,0,0,0,0,0,0,0,3,1,2,1,0,1,2,0,2,2,0,4,0,0,0,1,0,0,0,0,1,0,0,0,0,0,1,0,0,0,0,0,0,0,2,1
373,3,0,3,3,3,0,0,1,0,2,0,1,0,0,0,0,1,0,0,1,0,3,1,0,0,4,2,1,1,0,0,0,0,3,0,0,1,0,0,0,1,1,1,1,0,2,3,0,1,1,0,1,0,0,0,0,1,0,0,0,0,0,1,0,3,1,0,2,0,0,1,0,2,2,0,0,0,0,0,1,0,1,0,0,1,0,0,0,0,1,1,0,1,0,0,0,0,0,0,0
374,3,0,3,3,3,0,0,1,0,2,0,1,0,0,0,0,1,0,0,1,0,3,1,0,0,4,2,1,1,0,0,0,0,3,0,0,1,0,0,0,1,1,1,1,0,2,3,0,1,1,0,1,0,0,0,0,1,0,0,0,0,0,1,0,3,1,0,2,0,0,1,0,2,2,0,0,0,0,0,1,0,1,0,0,1,0,0,0,0,1,1,0,1,0,0,0,0,0,0,0
375,6,2,4,9,5,2,2,1,1,2,0,2,2,1,2,1,1,0,0,1,1,3,1,1,1,0,0,1,1,1,1,2,0,0,0,1,0,1,0,0,1,1,1,0,0,0,0,0,1,0,0,1,0,0,2,1,0,1,0,0,0,0,0,0,0,0,1,0,0,0,0,1,1,1,0,0,0,1,1,1,0,0,0,0,1,0,1,0,1,1,0,1,0,1,0,0,2,1,0,0
376,6,2,5,3,4,0,0,1,0,3,3,1,0,1,0,0,1,1,1,1,0,2,2,0,0,4,4,2,0,1,0,0,0,3,0,0,1,1,0,0,0,1,1,0,0,3,2,0,0,2,2,0,0,0,0,0,0,0,0,0,0,1,0,0,2,1,0,0,0,0,1,0,2,2,0,2,1,0,0,1,0,0,0,0,0,1,1,0,0,0,1,1,0,0,1,0,1,0,1,0
377,3,0,5,4,3,0,0,1,0,1,3,2,0,0,0,0,0,1,0,1,2,3,2,0,0,3,2,0,1,0,0,0,0,3,0,1,1,0,0,0,1,1,1,0,0,3,2,0,1,3,1,0,0,0,0,0,1,0,0,0,0,1,3,0,2,1,0,1,0,0,0,1,1,2,0,1,1,0,0,0,0,0,0,0,0,2,0,0,0,0,0,0,0,0,1,0,1,0,2,1
378,3,0,3,4,1,0,0,2,0,2,2,3,0,0,0,0,0,2,0,1,0,4,1,1,0,3,0,0,0,0,0,0,0,3,0,0,1,0,0,0,3,1,1,0,0,3,4,0,2,2,1,1,0,0,0,0,0,0,0,0,0,0,1,0,2,1,0,0,0,0,0,0,2,2,0,2,0,0,0,0,0,0,0,0,0,0,0,0,0,0,1,0,0,1,0,1,0,0,1,0
379,3,0,3,4,1,0,0,2,0,2,2,3,0,0,0,0,0,2,0,1,0,4,1,1,0,3,0,0,0,0,0,0,0,3,0,0,1,0,0,0,3,1,1,0,0,3,4,0,2,2,1,1,0,0,0,0,0,0,0,0,0,0,1,0,2,1,0,0,0,0,0,0,2,2,0,2,0,0,0,0,0,0,0,0,0,0,0,0,0,0,1,0,0,1,0,1,0,0,1,0
380,3,0,3,6,1,0,0,2,0,2,2,3,0,0,0,0,0,1,0,1,1,5,1,1,0,3,0,0,0,0,0,0,0,3,0,0,1,0,0,0,2,1,1,0,0,3,4,0,1,2,1,0,0,0,0,0,0,0,0,0,0,0,0,0,2,1,0,0,0,0,0,0,1,2,0,3,0,0,0,0,0,0,0,0,0,0,0,0,0,0,0,0,0,0,1,1,1,0,1,0
381,3,0,3,6,1,0,0,2,0,2,2,3,0,0,0,0,0,1,0,1,1,5,1,1,0,3,0,0,0,0,0,0,0,3,0,0,1,0,0,0,2,1,1,0,0,3,4,0,1,2,1,0,0,0,0,0,0,0,0,0,0,0,0,0,2,1,0,0,0,0,0,0,1,2,0,3,0,0,0,0,0,0,0,0,0,0,0,0,0,0,0,0,0,0,1,1,1,0,1,0
382,26,6,0,2,2,4,0,3,1,5,0,3,3,6,6,8,6,0,4,2,4,2,0,3,0,1,0,4,0,14,4,2,0,0,2,0,0,8,1,0,1,0,0,2,0,0,1,0,1,0,2,4,1,5,2,2,1,0,1,2,0,0,0,5,0,0,0,0,0,0,0,0,0,0,3,1,0,5,0,0,0,0,3,6,1,1,2,5,2,1,0,1,1,2,1,0,1,0,0,0
383,3,0,7,5,3,0,0,2,0,4,5,2,0,0,0,0,0,1,1,0,1,6,1,1,0,2,1,2,1,0,0,0,0,3,0,0,1,0,0,0,0,1,1,1,0,3,2,0,0,3,1,0,0,0,0,0,0,0,0,0,0,0,2,0,2,1,0,2,0,0,1,0,1,1,0,3,2,0,1,2,0,1,0,0,0,0,0,0,0,0,1,0,0,0,0,1,2,0,2,0
384,3,0,7,5,3,0,0,2,0,4,5,2,0,0,0,0,0,1,1,0,1,6,1,1,0,2,1,2,1,0,0,0,0,3,0,0,1,0,0,0,0,1,1,1,0,3,2,0,0,3,1,0,0,0,0,0,0,0,0,0,0,0,2,0,2,1,0,2,0,0,1,0,1,1,0,3,2,0,1,2,0,1,0,0,0,0,0,0,0,0,1,0,0,0,0,1,2,0,2,0
385,0,2,9,0,3,1,0,1,6,2,0,0,4,6,6,0,1,0,0,2,0,1,1,4,0,0,1,0,0,0,0,0,0,0,0,0,0,0,2,0,0,0,0,2,0,0,0,0,0,0,1,1,0,0,0,1,0,1,0,0,0,0,2,0,0,0,4,0,0,3,0,0,1,0,0,0,2,0,0,0,0,0,0,0,0,6,0,3,4,0,0,1,0,0,0,0,0,0,0,0
386,3,0,7,3,4,1,0,1,1,3,5,1,0,0,0,0,1,0,1,0,1,2,2,0,0,4,2,1,0,0,0,0,1,3,0,0,1,0,0,0,0,1,1,1,0,2,2,1,0,3,0,0,0,0,0,0,0,0,0,0,0,1,2,0,2,1,0,2,0,1,3,0,1,2,0,0,1,0,0,2,0,0,0,0,2,1,1,1,0,2,0,0,1,0,0,1,1,0,1,0
387,3,0,7,3,4,1,0,1,1,3,5,1,0,0,0,0,1,0,1,0,1,2,2,0,0,4,2,1,0,0,0,0,1,3,0,0,1,0,0,0,0,1,1,1,0,2,2,1,0,3,0,0,0,0,0,0,0,0,0,0,0,1,2,0,2,1,0,2,0,1,3,0,1,2,0,0,1,0,0,2,0,0,0,0,2,1,1,1,0,2,0,0,1,0,0,1,1,0,1,0
388,1,0,2,1,4,0,0,2,0,4,2,1,0,0,0,0,1,0,1,1,0,2,1,1,0,3,1,0,0,0,0,0,0,2,0,2,0,0,0,0,1,1,1,0,0,2,2,1,1,1,2,0,0,0,0,0,2,0,0,1,0,0,2,0,1,1,0,0,0,0,0,0,1,2,0,2,0,0,0,0,0,1,1,0,0,0,0,0,0,0,0,0,0,0,0,0,2,0,1,0
389,1,0,2,1,4,0,0,2,0,4,2,1,0,0,0,0,1,0,1,1,0,2,1,1,0,3,1,0,0,0,0,0,0,2,0,2,0,0,0,0,1,1,1,0,0,2,2,1,1,1,2,0,0,0,0,0,2,0,0,1,0,0,2,0,1,1,0,0,0,0,0,0,1,2,0,2,0,0,0,0,0,1,1,0,0,0,0,0,0,0,0,0,0,0,0,0,2,0,1,0
390,8,0,3,4,5,0,0,2,0,2,1,2,0,0,0,0,1,0,1,1,3,3,1,1,0,3,1,0,1,0,5,0,1,3,0,1,1,0,0,1,3,1,1,0,0,3,2,0,1,1,3,0,0,0,0,0,1,0,0,1,0,0,2,0,2,1,0,0,0,0,0,1,1,2,0,1,0,0,0,0,0,1,1,1,0,0,2,0,1,0,1,0,0,0,1,0,2,0,0,0
391,8,0,3,4,5,0,0,2,0,2,1,2,0,0,0,0,1,0,1,1,3,3,1,1,0,3,1,0,1,0,5,0,1,3,0,1,1,0,0,1,3,1,1,0,0,3,2,0,1,1,3,0,0,0,0,0,1,0,0,1,0,0,2,0,2,1,0,0,0,0,0,1,1,2,0,1,0,0,0,0,0,1,1,1,0,0,2,0,1,0,1,0,0,0,1,0,2,0,0,0
392,0,2,1,1,6,1,0,1,1,3,2,0,0,0,0,2,1,0,0,0,0,3,0,1,0,0,0,0,2,0,0,0,1,1,0,0,0,0,0,0,0,2,2,0,0,1,1,0,0,1,0,1,0,1,0,0,1,0,0,0,0,3,1,0,1,0,0,0,0,0,0,0,2,2,0,1,0,0,0,0,0,0,0,0,2,0,0,1,0,0,0,0,0,0,0,0,0,0,4,0
393,0,2,1,1,6,1,0,1,1,3,2,0,0,0,0,2,1,0,0,0,0,3,0,1,0,0,0,0,2,0,0,0,1,1,0,0,0,0,0,0,0,2,2,0,0,1,1,0,0,1,0,1,0,1,0,0,1,0,0,0,0,3,1,0,1,0,0,0,0,0,0,0,2,2,0,1,0,0,0,0,0,0,0,0,2,0,0,1,0,0,0,0,0,0,0,0,0,0,4,0
394,0,3,3,2,4,2,2,1,0,2,0,1,1,2,0,0,1,2,0,0,0,2,1,2,1,2,0,0,0,1,0,0,0,0,0,0,0,0,0,0,0,1,1,1,0,0,0,0,1,0,1,1,0,0,0,1,0,0,0,0,0,0,0,0,0,2,0,2,0,0,0,0,1,1,0,0,0,0,0,0,0,0,0,0,2,0,0,2,0,0,0,1,0,1,0,0,0,2,0,0
395,0,3,3,2,4,2,2,1,0,2,0,1,1,2,0,0,1,2,0,0,0,2,1,2,1,2,0,0,0,1,0,0,0,0,0,0,0,0,0,0,0,1,1,1,0,0,0,0,1,0,1,1,0,0,0,1,0,0,0,0,0,0,0,0,0,2,0,2,0,0,0,0,1,1,0,0,0,0,0,0,0,0,0,0,2,0,0,2,0,0,0,1,0,1,0,0,0,2,0,0
396,2,29,10,11,27,13,35,3,13,28,6,10,9,8,1,4,5,0,3,2,0,1,23,5,9,1,0,3,0,1,0,0,6,0,2,0,2,5,3,0,0,0,0,5,3,0,1,0,4,1,4,6,1,18,0,0,1,6,0,3,1,5,12,4,3,1,0,6,0,11,10,1,1,0,2,0,5,0,2,0,0,2,1,0,2,1,3,9,2,5,0,4,7,1,0,6,0,24,0,5
397,1,4,3,2,3,0,0,1,4,3,0,1,1,0,0,0,2,0,0,0,0,4,1,0,3,0,0,0,3,0,0,0,0,0,1,0,0,0,1,0,0,1,1,0,0,0,1,1,3,0,0,0,0,0,0,0,0,1,0,0,0,0,0,1,0,0,0,2,0,0,0,0,0,0,0,0,1,0,0,0,0,0,0,0,1,0,1,2,1,0,0,0,0,1,0,1,0,1,0,0
398,1,4,3,2,3,0,0,1,4,3,0,1,1,0,0,0,2,0,0,0,0,4,1,0,3,0,0,0,3,0,0,0,0,0,1,0,0,0,1,0,0,1,1,0,0,0,1,1,3,0,0,0,0,0,0,0,0,1,0,0,0,0,0,1,0,0,0,2,0,0,0,0,0,0,0,0,1,0,0,0,0,0,0,0,1,0,1,2,1,0,0,0,0,1,0,1,0,1,0,0
399,2,0,7,4,4,0,0,2,0,5,4,2,0,0,0,2,0,1,0,0,1,2,2,1,0,4,1,0,0,0,1,0,0,2,1,0,1,0,0,0,0,1,1,0,0,2,3,0,2,3,1,0,0,0,0,0,0,0,0,0,1,0,5,0,2,1,0,0,0,0,0,0,1,2,0,2,2,0,0,3,0,2,0,0,0,0,0,0,0,0,0,0,2,1,0,0,1,0,1,0
400,2,0,7,4,4,0,0,2,0,5,4,2,0,0,0,2,0,1,0,0,1,2,2,1,0,4,1,0,0,0,1,0,0,2,1,0,1,0,0,0,0,1,1,0,0,2,3,0,2,3,1,0,0,0,0,0,0,0,0,0,1,0,5,0,2,1,0,0,0,0,0,0,1,2,0,2,2,0,0,3,0,2,0,0,0,0,0,0,0,0,0,0,2,1,0,0,1,0,1,0
401,4,0,6,2,5,0,0,1,1,3,2,1,0,0,2,1,2,1,1,2,0,2,1,1,1,3,2,1,2,0,1,0,0,3,0,1,1,0,0,0,1,1,1,0,0,3,3,0,1,1,1,1,0,1,0,0,0,1,0,0,0,0,2,0,2,1,0,0,1,0,1,0,1,2,0,1,1,0,0,0,0,1,0,1,0,0,1,0,1,0,1,1,1,0,0,1,1,0,2,0
402,4,0,6,2,5,0,0,1,1,3,2,1,0,0,2,1,2,1,1,2,0,2,1,1,1,3,2,1,2,0,1,0,0,3,0,1,1,0,0,0,1,1,1,0,0,3,3,0,1,1,1,1,0,1,0,0,0,1,0,0,0,0,2,0,2,1,0,0,1,0,1,0,1,2,0,1,1,0,0,0,0,1,0,1,0,0,1,0,1,0,1,1,1,0,0,1,1,0,2,0
403,3,0,6,2,5,0,0,2,0,2,4,2,0,0,0,0,0,1,0,2,1,4,2,1,1,3,2,3,1,0,1,0,0,3,0,0,1,2,0,0,0,1,1,0,0,3,2,1,1,3,1,1,0,0,0,0,0,0,0,0,0,1,1,0,2,1,0,1,0,0,1,0,1,2,0,1,2,0,1,0,0,0,0,0,0,0,1,0,0,0,1,0,1,0,0,1,2,0,1,0
404,3,0,6,2,5,0,0,2,0,2,4,2,0,0,0,0,0,1,0,2,1,4,2,1,1,3,2,3,1,0,1,0,0,3,0,0,1,2,0,0,0,1,1,0,0,3,2,1,1,3,1,1,0,0,0,0,0,0,0,0,0,1,1,0,2,1,0,1,0,0,1,0,1,2,0,1,2,0,1,0,0,0,0,0,0,0,1,0,0,0,1,0,1,0,0,1,2,0,1,0
405,3,0,3,2,2,0,0,1,0,1,4,2,0,1,2,0,0,1,0,0,0,4,1,2,1,1,1,0,0,0,0,0,0,3,0,0,1,0,0,0,0,1,1,0,0,3,1,1,0,1,0,1,0,0,0,0,0,0,0,0,0,0,1,0,2,1,0,0,0,0,0,0,1,2,0,0,0,0,0,0,0,0,0,0,0,0,0,0,0,0,1,0,1,0,1,1,0,1,0,0
406,3,0,3,2,2,0,0,1,0,1,4,2,0,1,2,0,0,1,0,0,0,4,1,2,1,1,1,0,0,0,0,0,0,3,0,0,1,0,0,0,0,1,1,0,0,3,1,1,0,1,0,1,0,0,0,0,0,0,0,0,0,0,1,0,2,1,0,0,0,0,0,0,1,2,0,0,0,0,0,0,0,0,0,0,0,0,0,0,0,0,1,0,1,0,1,1,0,1,0,0
407,1,1,9,1,3,6,2,4,0,1,0,1,0,0,1,1,4,0,1,0,1,0,2,3,2,0,0,4,2,0,1,1,1,0,0,0,1,9,0,3,3,1,1,0,0,0,0,0,2,2,0,2,0,0,0,0,1,0,0,1,0,0,0,2,0,1,0,0,0,0,1,0,0,0,0,0,1,0,0,0,0,3,2,0,0,0,0,3,1,0,0,0,0,0,0,0,0,1,0,0
408,1,1,9,1,3,6,2,4,0,1,0,1,0,0,1,1,4,0,1,0,1,0,2,3,2,0,0,4,2,0,1,1,1,0,0,0,1,9,0,3,3,1,1,0,0,0,0,0,2,2,0,2,0,0,0,0,1,0,0,1,0,0,0,2,0,1,0,0,0,0,1,0,0,0,0,0,1,0,0,0,0,3,2,0,0,0,0,3,1,0,0,0,0,0,0,0,0,1,0,0
409,3,0,7,2,4,0,0,2,0,2,4,2,0,0,0,0,0,1,0,0,0,2,3,1,0,3,2,3,3,0,2,0,0,3,0,0,1,0,0,0,0,1,1,0,0,3,2,2,1,3,0,3,0,0,1,0,0,1,0,1,0,1,3,0,2,1,1,0,0,0,1,0,1,2,0,0,1,0,0,0,0,1,0,0,0,1,1,0,0,1,3,0,2,0,1,0,3,0,1,0
410,3,0,7,2,4,0,0,2,0,2,4,2,0,0,0,0,0,1,0,0,0,2,3,1,0,3,2,3,3,0,2,0,0,3,0,0,1,0,0,0,0,1,1,0,0,3,2,2,1,3,0,3,0,0,1,0,0,1,0,1,0,1,3,0,2,1,1,0,0,0,1,0,1,2,0,0,1,0,0,0,0,1,0,0,0,1,1,0,0,1,3,0,2,0,1,0,3,0,1,0
411,2,3,7,4,3,4,2,12,2,2,1,3,1,0,3,7,2,4,0,0,7,1,0,0,1,0,0,0,2,0,8,2,2,0,1,1,0,3,0,3,0,1,1,0,1,0,1,1,2,0,0,0,2,0,2,0,2,0,2,0,0,0,0,1,0,0,1,1,0,0,0,0,1,0,0,2,1,1,1,1,0,1,0,0,0,0,0,1,0,0,0,0,0,0,0,0,0,1,0,0
412,2,3,7,4,3,4,2,12,2,2,1,3,1,0,3,7,2,4,0,0,7,1,0,0,1,0,0,0,2,0,8,2,2,0,1,1,0,3,0,3,0,1,1,0,1,0,1,1,2,0,0,0,2,0,2,0,2,0,2,0,0,0,0,1,0,0,1,1,0,0,0,0,1,0,0,2,1,1,1,1,0,1,0,0,0,0,0,1,0,0,0,0,0,0,0,0,0,1,0,0
413,3,1,7,5,1,2,2,8,1,1,0,4,4,0,2,8,1,1,0,0,4,0,0,0,0,0,0,0,1,0,3,3,0,0,1,1,0,0,0,5,0,1,1,0,0,0,2,1,0,0,0,0,0,0,0,0,5,0,6,0,0,1,0,1,0,1,0,0,0,1,0,0,0,0,0,3,0,0,1,0,0,1,0,0,0,0,1,0,0,0,0,0,0,0,0,0,0,0,0,0
414,8,3,15,7,12,7,2,9,1,1,0,5,5,0,3,13,4,1,0,2,11,0,0,5,2,0,0,2,1,0,5,11,0,0,2,3,0,2,0,10,2,2,2,0,0,0,2,4,0,0,0,2,0,0,1,1,9,0,6,0,0,1,0,6,0,1,0,0,1,1,1,0,0,0,0,3,0,0,3,1,0,2,0,0,1,0,1,1,0,0,1,0,0,0,0,0,0,0,0,0
415,2,0,6,3,6,1,0,1,0,2,3,2,0,0,0,5,1,0,1,0,1,3,3,0,0,3,2,0,0,0,3,0,0,4,0,0,1,0,0,0,6,1,1,0,0,4,4,0,1,2,0,1,0,1,0,0,0,0,0,1,0,1,2,0,2,2,0,0,0,0,3,0,1,2,0,0,0,0,0,0,0,0,0,0,2,1,2,0,0,0,2,0,0,1,1,1,2,0,2,0
416,2,0,6,3,6,1,0,1,0,2,3,2,0,0,0,5,1,0,1,0,1,3,3,0,0,3,2,0,0,0,3,0,0,4,0,0,1,0,0,0,6,1,1,0,0,4,4,0,1,2,0,1,0,1,0,0,0,0,0,1,0,1,2,0,2,2,0,0,0,0,3,0,1,2,0,0,0,0,0,0,0,0,0,0,2,1,2,0,0,0,2,0,0,1,1,1,2,0,2,0
417,1,2,5,1,3,2,1,1,0,2,1,3,1,0,2,2,1,2,0,1,1,2,4,0,2,0,0,1,0,1,1,2,0,0,0,0,1,1,0,3,2,1,1,0,0,0,0,1,0,0,0,1,1,1,0,3,2,0,0,0,0,0,0,1,0,1,0,1,1,1,0,0,1,0,0,1,1,0,0,0,0,0,0,0,1,0,1,1,2,0,1,1,3,1,0,0,0,1,0,0
418,1,2,5,1,3,2,1,1,0,2,1,3,1,0,2,2,1,2,0,1,1,2,4,0,2,0,0,1,0,1,1,2,0,0,0,0,1,1,0,3,2,1,1,0,0,0,0,1,0,0,0,1,1,1,0,3,2,0,0,0,0,0,0,1,0,1,0,1,1,1,0,0,1,0,0,1,1,0,0,0,0,0,0,0,1,0,1,1,2,0,1,1,3,1,0,0,0,1,0,0
419,4,0,5,2,3,0,0,2,0,2,3,2,0,2,0,1,2,0,1,0,0,2,2,3,0,4,2,0,2,1,0,0,0,2,0,0,1,0,0,0,2,1,1,0,0,2,2,1,0,1,3,1,0,1,0,0,0,1,1,1,0,0,2,0,2,2,0,0,0,0,1,0,1,2,1,0,1,0,0,0,0,0,0,0,1,2,2,0,3,0,3,1,1,0,1,0,3,0,2,0
420,4,0,5,2,3,0,0,2,0,2,3,2,0,2,0,1,2,0,1,0,0,2,2,3,0,4,2,0,2,1,0,0,0,2,0,0,1,0,0,0,2,1,1,0,0,2,2,1,0,1,3,1,0,1,0,0,0,1,1,1,0,0,2,0,2,2,0,0,0,0,1,0,1,2,1,0,1,0,0,0,0,0,0,0,1,2,2,0,3,0,3,1,1,0,1,0,3,0,2,0
421,14,13,14,4,7,6,1,3,4,2,3,11,5,2,6,11,4,2,3,7,7,3,0,1,5,1,3,7,8,1,6,8,3,0,1,5,0,3,1,7,0,1,1,2,0,0,2,4,0,0,1,0,2,0,2,1,1,1,1,0,0,2,0,3,4,1,0,0,7,4,1,1,0,0,2,1,1,2,4,1,0,0,0,3,5,0,3,0,1,0,1,0,2,1,2,0,1,0,0,0
422,14,13,14,4,7,6,1,3,4,2,3,11,5,2,6,11,4,2,3,7,7,3,0,1,5,1,3,7,8,1,6,8,3,0,1,5,0,3,1,7,0,1,1,2,0,0,2,4,0,0,1,0,2,0,2,1,1,1,1,0,0,2,0,3,4,1,0,0,7,4,1,1,0,0,2,1,1,2,4,1,0,0,0,3,5,0,3,0,1,0,1,0,2,1,2,0,1,0,0,0
423,3,0,3,4,3,0,0,2,0,1,2,2,0,0,0,0,1,2,0,0,0,2,1,1,0,3,2,0,0,0,0,0,0,3,0,0,1,0,0,0,0,1,1,0,0,3,2,0,1,1,0,0,0,0,0,0,0,0,0,0,0,0,1,0,2,1,1,1,0,0,3,0,0,2,0,0,0,0,0,0,0,0,0,0,1,0,1,0,0,0,1,1,0,0,0,0,0,0,1,0
424,3,0,3,4,3,0,0,2,0,1,2,2,0,0,0,0,1,2,0,0,0,2,1,1,0,3,2,0,0,0,0,0,0,3,0,0,1,0,0,0,0,1,1,0,0,3,2,0,1,1,0,0,0,0,0,0,0,0,0,0,0,0,1,0,2,1,1,1,0,0,3,0,0,2,0,0,0,0,0,0,0,0,0,0,1,0,1,0,0,0,1,1,0,0,0,0,0,0,1,0
425,4,0,5,2,5,1,1,1,0,2,2,2,0,0,0,1,1,0,0,0,0,2,2,0,0,3,0,2,1,0,1,0,0,2,0,0,1,0,0,0,0,1,1,0,0,2,2,1,0,3,0,0,0,0,0,0,0,0,0,0,1,1,1,0,2,0,1,0,0,0,0,0,1,2,0,0,2,0,0,0,0,0,0,0,1,0,2,0,0,1,1,1,0,0,0,0,1,0,0,0
426,4,0,5,2,5,1,1,1,0,2,2,2,0,0,0,1,1,0,0,0,0,2,2,0,0,3,0,2,1,0,1,0,0,2,0,0,1,0,0,0,0,1,1,0,0,2,2,1,0,3,0,0,0,0,0,0,0,0,0,0,1,1,1,0,2,0,1,0,0,0,0,0,1,2,0,0,2,0,0,0,0,0,0,0,1,0,2,0,0,1,1,1,0,0,0,0,1,0,0,0
427,1,5,0,7,1,6,5,2,7,3,3,0,3,6,8,6,4,0,8,4,1,1,8,4,5,0,4,0,0,4,1,6,1,0,3,1,2,3,1,0,3,0,0,0,4,0,0,0,2,0,1,11,1,1,0,8,1,3,0,2,0,1,0,2,0,3,0,0,1,0,2,6,0,0,2,0,5,1,0,1,0,3,4,0,0,1,0,0,0,1,0,2,0,4,2,0,0,1,0,2
428,1,5,0,7,1,6,5,2,7,3,3,0,3,6,8,6,4,0,8,4,1,1,8,4,5,0,4,0,0,4,1,6,1,0,3,1,2,3,1,0,3,0,0,0,4,0,0,0,2,0,1,11,1,1,0,8,1,3,0,2,0,1,0,2,0,3,0,0,1,0,2,6,0,0,2,0,5,1,0,1,0,3,4,0,0,1,0,0,0,1,0,2,0,4,2,0,0,1,0,2
429,3,0,5,3,3,0,1,1,2,1,4,2,0,0,0,1,0,1,0,1,0,2,1,0,0,3,1,1,2,0,0,0,1,2,0,0,1,0,0,0,0,1,1,1,0,2,2,0,0,1,0,0,0,0,0,0,0,0,0,0,1,1,4,0,2,1,2,1,0,1,0,0,1,2,0,0,1,0,0,0,0,2,0,0,2,0,0,0,0,0,1,0,0,0,1,0,0,0,1,1
430,3,0,5,3,3,0,1,1,2,1,4,2,0,0,0,1,0,1,0,1,0,2,1,0,0,3,1,1,2,0,0,0,1,2,0,0,1,0,0,0,0,1,1,1,0,2,2,0,0,1,0,0,0,0,0,0,0,0,0,0,1,1,4,0,2,1,2,1,0,1,0,0,1,2,0,0,1,0,0,0,0,2,0,0,2,0,0,0,0,0,1,0,0,0,1,0,0,0,1,1
431,3,0,3,5,3,2,0,1,0,1,3,1,0,0,0,0,2,3,0,2,0,3,1,0,0,3,1,0,0,0,0,0,0,2,0,0,1,0,0,0,1,1,1,0,0,2,2,0,1,1,0,2,0,0,0,0,0,0,0,0,0,0,0,0,2,1,0,0,1,0,0,0,1,2,0,0,0,0,0,0,0,0,0,0,0,0,0,0,0,0,0,0,3,0,0,1,1,0,2,0
432,3,0,3,5,3,2,0,1,0,1,3,1,0,0,0,0,2,3,0,2,0,3,1,0,0,3,1,0,0,0,0,0,0,2,0,0,1,0,0,0,1,1,1,0,0,2,2,0,1,1,0,2,0,0,0,0,0,0,0,0,0,0,0,0,2,1,0,0,1,0,0,0,1,2,0,0,0,0,0,0,0,0,0,0,0,0,0,0,0,0,0,0,3,0,0,1,1,0,2,0
433,9,9,0,2,1,6,1,5,5,1,1,2,3,5,4,0,2,0,3,1,3,0,1,4,3,0,0,2,0,0,2,3,2,0,0,2,0,1,3,0,4,0,0,0,0,0,0,0,3,0,2,2,1,1,0,3,0,2,0,1,0,1,0,0,0,2,0,0,0,0,0,1,1,0,0,0,0,0,2,1,0,1,0,0,0,1,2,0,0,2,0,2,2,4,0,2,0,0,0,0
434,9,9,0,2,1,6,1,5,5,1,1,2,3,5,4,0,2,0,3,1,3,0,1,4,3,0,0,2,0,0,2,3,2,0,0,2,0,1,3,0,4,0,0,0,0,0,0,0,3,0,2,2,1,1,0,3,0,2,0,1,0,1,0,0,0,2,0,0,0,0,0,1,1,0,0,0,0,0,2,1,0,1,0,0,0,1,2,0,0,2,0,2,2,4,0,2,0,0,0,0
435,3,0,3,2,3,0,0,1,0,2,2,2,0,0,0,2,0,0,0,0,0,3,1,1,0,3,1,0,0,0,0,0,0,4,0,0,1,0,0,0,1,1,1,0,0,4,2,1,1,2,0,0,0,1,0,0,1,0,0,0,0,0,0,0,2,1,0,0,0,1,1,0,1,2,0,0,0,0,0,1,0,1,0,0,2,0,2,0,0,0,0,0,0,0,1,0,0,0,0,1
436,3,0,3,2,3,0,0,1,0,2,2,2,0,0,0,2,0,0,0,0,0,3,1,1,0,3,1,0,0,0,0,0,0,4,0,0,1,0,0,0,1,1,1,0,0,4,2,1,1,2,0,0,0,1,0,0,1,0,0,0,0,0,0,0,2,1,0,0,0,1,1,0,1,2,0,0,0,0,0,1,0,1,0,0,2,0,2,0,0,0,0,0,0,0,1,0,0,0,0,1
437,1,0,3,2,3,1,1,2,0,2,1,2,0,0,0,3,0,0,0,0,0,1,1,1,0,3,1,0,0,0,0,0,0,3,0,0,0,0,0,0,0,1,1,1,0,3,2,1,1,1,1,0,0,1,0,0,0,0,0,1,0,1,1,0,1,1,0,0,0,2,1,0,2,1,0,0,0,0,0,0,0,1,0,0,0,0,3,0,0,0,1,0,0,0,1,0,1,0,0,1
438,1,0,3,2,3,1,1,2,0,2,1,2,0,0,0,3,0,0,0,0,0,1,1,1,0,3,1,0,0,0,0,0,0,3,0,0,0,0,0,0,0,1,1,1,0,3,2,1,1,1,1,0,0,1,0,0,0,0,0,1,0,1,1,0,1,1,0,0,0,2,1,0,2,1,0,0,0,0,0,0,0,1,0,0,0,0,3,0,0,0,1,0,0,0,1,0,1,0,0,1
439,1,4,5,3,3,3,2,1,6,4,1,2,1,1,0,1,0,4,7,1,0,2,3,1,1,0,0,1,2,0,0,0,3,0,0,0,0,1,1,0,2,1,1,0,0,0,0,2,2,0,2,1,1,0,0,0,0,0,2,0,0,1,0,1,0,1,0,1,0,0,0,0,0,0,3,1,0,0,0,0,0,1,1,1,0,0,0,2,0,0,0,1,0,1,0,1,1,1,0,1
440,3,0,3,3,5,0,0,2,0,1,3,1,0,0,0,0,0,3,0,0,0,8,1,1,0,3,2,2,2,0,0,0,0,3,0,0,1,0,0,0,0,1,1,0,0,2,2,0,0,1,0,0,0,0,0,0,0,0,0,0,0,0,0,0,2,1,0,0,0,0,0,0,1,2,0,0,0,0,0,2,0,0,0,0,0,0,2,0,0,1,0,0,1,1,1,0,1,0,1,0
441,3,0,3,3,5,0,0,2,0,1,3,1,0,0,0,0,0,3,0,0,0,8,1,1,0,3,2,2,2,0,0,0,0,3,0,0,1,0,0,0,0,1,1,0,0,2,2,0,0,1,0,0,0,0,0,0,0,0,0,0,0,0,0,0,2,1,0,0,0,0,0,0,1,2,0,0,0,0,0,2,0,0,0,0,0,0,2,0,0,1,0,0,1,1,1,0,1,0,1,0
442,24,6,2,6,6,3,19,4,9,2,8,0,2,0,12,9,7,0,12,0,8,3,9,1,4,2,0,9,0,10,12,2,4,0,4,3,5,12,3,1,0,0,0,1,3,0,1,1,2,1,1,10,4,9,2,1,5,2,3,1,0,2,1,6,0,0,4,0,0,0,1,0,1,0,4,0,4,1,1,8,0,5,4,3,0,1,2,5,2,3,0,0,2,0,3,3,3,7,0,3
443,0,0,4,1,0,5,1,1,0,3,3,0,1,2,1,0,1,2,0,3,0,0,3,2,4,1,0,0,1,0,0,0,0,1,0,0,0,0,0,0,0,1,1,0,1,0,0,1,3,1,0,2,0,0,0,0,0,1,1,0,0,0,2,1,0,1,0,2,0,0,1,0,0,0,0,0,1,1,1,0,0,2,0,4,0,0,0,0,0,0,0,2,1,1,0,0,0,1,0,0
444,0,0,4,1,0,5,1,1,0,3,3,0,1,2,1,0,1,2,0,3,0,0,3,2,4,1,0,0,1,0,0,0,0,1,0,0,0,0,0,0,0,1,1,0,1,0,0,1,3,1,0,2,0,0,0,0,0,1,1,0,0,0,2,1,0,1,0,2,0,0,1,0,0,0,0,0,1,1,1,0,0,2,0,4,0,0,0,0,0,0,0,2,1,1,0,0,0,1,0,0
445,3,0,7,3,3,0,0,2,0,2,4,2,0,0,1,1,0,2,0,0,2,2,2,1,0,3,2,2,0,0,0,0,0,3,0,0,1,0,0,0,0,1,1,0,0,3,3,0,0,3,0,0,0,0,0,0,0,0,0,0,0,0,0,2,2,1,0,0,0,0,0,0,1,2,0,0,1,0,0,1,0,0,0,0,1,0,1,0,0,1,1,0,0,0,1,1,1,0,1,1
446,3,0,7,3,3,0,0,2,0,2,4,2,0,0,1,1,0,2,0,0,2,2,2,1,0,3,2,2,0,0,0,0,0,3,0,0,1,0,0,0,0,1,1,0,0,3,3,0,0,3,0,0,0,0,0,0,0,0,0,0,0,0,0,2,2,1,0,0,0,0,0,0,1,2,0,0,1,0,0,1,0,0,0,0,1,0,1,0,0,1,1,0,0,0,1,1,1,0,1,1
447,3,0,6,3,4,1,0,1,0,1,1,1,0,0,1,2,3,1,0,1,1,3,1,0,0,3,6,0,1,0,0,0,1,2,0,1,1,0,0,0,1,1,1,1,0,2,3,0,1,2,1,1,0,0,0,0,1,0,0,0,0,1,1,0,2,1,0,1,0,3,1,0,1,2,0,1,1,0,0,0,0,4,0,0,0,0,1,1,0,0,1,0,0,0,1,0,1,1,1,0
448,3,0,6,3,4,1,0,1,0,1,1,1,0,0,1,2,3,1,0,1,1,3,1,0,0,3,6,0,1,0,0,0,1,2,0,1,1,0,0,0,1,1,1,1,0,2,3,0,1,2,1,1,0,0,0,0,1,0,0,0,0,1,1,0,2,1,0,1,0,3,1,0,1,2,0,1,1,0,0,0,0,4,0,0,0,0,1,1,0,0,1,0,0,0,1,0,1,1,1,0
449,0,0,3,1,4,0,0,1,0,4,3,0,0,0,0,1,0,4,0,2,0,1,0,1,2,0,2,4,1,1,0,0,0,0,0,1,0,1,0,0,0,0,0,1,0,0,0,1,0,0,0,0,0,0,0,0,0,0,0,0,0,0,4,0,0,0,0,2,0,1,2,0,0,0,0,0,2,0,0,1,0,0,0,0,2,0,2,0,0,1,0,0,0,0,1,0,0,0,2,1
450,3,0,4,2,2,1,1,2,1,2,2,2,0,2,1,1,2,1,1,0,0,5,1,2,0,3,1,1,0,2,0,1,1,3,0,1,1,0,0,0,1,1,1,0,0,3,2,2,1,1,1,0,0,1,0,0,0,2,0,0,0,0,0,1,2,1,1,0,0,0,1,0,2,2,1,0,0,0,0,1,0,1,0,0,2,0,0,0,1,0,1,1,0,1,2,0,1,0,0,0
451,3,0,4,2,2,1,1,2,1,2,2,2,0,2,1,1,2,1,1,0,0,5,1,2,0,3,1,1,0,2,0,1,1,3,0,1,1,0,0,0,1,1,1,0,0,3,2,2,1,1,1,0,0,1,0,0,0,2,0,0,0,0,0,1,2,1,1,0,0,0,1,0,2,2,1,0,0,0,0,1,0,1,0,0,2,0,0,0,1,0,1,1,0,1,2,0,1,0,0,0
452,1,9,4,16,3,0,1,1,9,3,6,1,5,4,9,0,3,1,0,1,0,2,0,3,3,0,0,0,6,0,1,0,7,1,2,2,0,0,5,0,0,1,1,0,0,1,2,0,0,1,4,2,0,0,0,1,0,1,1,0,0,2,0,1,0,1,4,1,1,0,0,0,0,0,0,2,0,0,0,0,0,0,2,0,0,1,0,0,3,0,0,0,2,1,0,1,2,0,0,1
453,1,9,4,16,3,0,1,1,9,3,6,1,5,4,9,0,3,1,0,1,0,2,0,3,3,0,0,0,6,0,1,0,7,1,2,2,0,0,5,0,0,1,1,0,0,1,2,0,0,1,4,2,0,0,0,1,0,1,1,0,0,2,0,1,0,1,4,1,1,0,0,0,0,0,0,2,0,0,0,0,0,0,2,0,0,1,0,0,3,0,0,0,2,1,0,1,2,0,0,1
454,0,5,2,1,2,1,0,0,1,3,3,0,1,0,2,2,2,5,0,2,1,1,0,0,2,1,1,0,2,0,0,0,0,5,0,0,0,0,0,0,2,1,1,0,0,1,0,0,0,2,0,1,0,1,0,0,1,0,0,0,0,2,1,0,0,0,3,0,1,0,1,1,2,2,0,2,0,0,1,0,0,0,0,0,1,0,1,0,0,0,0,0,0,1,0,1,0,0,1,0
455,0,5,2,1,2,1,0,0,1,3,3,0,1,0,2,2,2,5,0,2,1,1,0,0,2,1,1,0,2,0,0,0,0,5,0,0,0,0,0,0,2,1,1,0,0,1,0,0,0,2,0,1,0,1,0,0,1,0,0,0,0,2,1,0,0,0,3,0,1,0,1,1,2,2,0,2,0,0,1,0,0,0,0,0,1,0,1,0,0,0,0,0,0,1,0,1,0,0,1,0
456,0,5,2,1,2,1,0,0,1,3,3,0,1,0,2,2,2,5,0,2,1,1,0,0,2,1,1,0,2,0,0,0,0,5,0,0,0,0,0,0,2,1,1,0,0,1,0,0,0,2,0,1,0,1,0,0,1,0,0,0,0,2,1,0,0,0,3,0,1,0,1,1,2,2,0,2,0,0,1,0,0,0,0,0,1,0,1,0,0,0,0,0,0,1,0,1,0,0,1,0
457,0,6,2,5,3,2,0,0,0,2,2,0,2,0,2,2,1,6,0,3,0,3,2,0,0,1,0,0,3,0,0,0,1,6,0,0,0,0,1,0,2,2,2,0,0,1,0,0,0,2,0,2,0,1,0,0,1,0,0,1,0,2,4,0,0,1,2,4,3,0,1,0,2,2,0,3,0,0,1,0,0,0,0,0,2,1,1,0,0,0,0,0,0,0,1,1,2,0,2,1
458,0,6,2,5,3,2,0,0,0,2,2,0,2,0,2,2,1,6,0,3,0,3,2,0,0,1,0,0,3,0,0,0,1,6,0,0,0,0,1,0,2,2,2,0,0,1,0,0,0,2,0,2,0,1,0,0,1,0,0,1,0,2,4,0,0,1,2,4,3,0,1,0,2,2,0,3,0,0,1,0,0,0,0,0,2,1,1,0,0,0,0,0,0,0,1,1,2,0,2,1
459,3,0,7,3,4,5,0,1,1,2,5,1,0,0,0,0,0,0,0,1,3,4,2,1,0,3,0,1,1,0,0,0,0,3,0,4,1,0,0,0,3,1,1,0,0,3,2,0,1,2,0,2,0,1,0,0,1,0,0,1,0,1,2,1,3,2,0,2,0,0,5,0,1,2,0,0,2,0,0,0,0,0,0,0,0,0,1,0,0,0,1,0,0,0,1,0,1,0,1,0
460,3,0,7,3,4,5,0,1,1,2,5,1,0,0,0,0,0,0,0,1,3,4,2,1,0,3,0,1,1,0,0,0,0,3,0,4,1,0,0,0,3,1,1,0,0,3,2,0,1,2,0,2,0,1,0,0,1,0,0,1,0,1,2,1,3,2,0,2,0,0,5,0,1,2,0,0,2,0,0,0,0,0,0,0,0,0,1,0,0,0,1,0,0,0,1,0,1,0,1,0
