2014-01-02,6.920000,6.940000,6.840000,6.920000,6.176871,4566100,0.0
2014-01-03,6.880000,6.880000,6.800000,6.800000,6.069758,4261800,-0.011627906976744196
2014-01-06,6.800000,6.810000,6.770000,6.800000,6.069758,10519600,0.0
2014-01-07,6.800000,6.800000,6.760000,6.790000,6.060832,6166400,-0.0014705882352940864
2014-01-08,6.790000,6.790000,6.760000,6.770000,6.042980,4393300,-0.0029455081001473434
2014-01-09,6.770000,6.770000,6.730000,6.760000,6.034054,8316900,-0.0014771048744460543
2014-01-10,6.720000,6.770000,6.690000,6.750000,6.025127,11250400,0.004464285714285751
2014-01-13,6.750000,6.760000,6.740000,6.740000,6.016201,7048300,-0.00148148148148145
2014-01-15,6.700000,6.740000,6.660000,6.730000,6.007275,8806100,0.004477611940298544
2014-01-16,6.730000,6.740000,6.630000,6.640000,5.926940,5088800,-0.01337295690936118
2014-01-20,6.600000,6.700000,6.580000,6.640000,5.926940,9024500,0.006060606060606067
2014-01-21,6.630000,6.660000,6.600000,6.640000,5.926940,12486600,0.0015082956259426527
2014-01-22,6.640000,6.660000,6.510000,6.610000,5.900161,12690400,-0.00451807228915653
2014-01-23,6.600000,6.610000,6.530000,6.530000,5.828753,10732500,-0.010606060606060515
2014-01-24,6.560000,6.610000,6.530000,6.570000,5.864458,11226500,0.001524390243902542
2014-01-27,6.560000,6.690000,6.500000,6.570000,5.864458,13147700,0.001524390243902542
2014-01-28,6.570000,6.590000,6.520000,6.560000,5.855531,7875500,-0.0015220700152208029
2014-01-29,6.520000,6.560000,6.520000,6.540000,5.837679,11512400,0.0030674846625767583
2014-01-30,6.500000,6.600000,6.480000,6.560000,5.855531,8195400,0.009230769230769171
2014-02-03,6.560000,6.560000,6.560000,6.560000,5.855531,0,0.0
2014-02-04,6.530000,6.560000,6.480000,6.550000,5.846605,14400200,0.003062787136293962
2014-02-05,6.550000,6.570000,6.480000,6.500000,5.801975,10745000,-0.007633587786259515
2014-02-06,6.500000,6.550000,6.490000,6.500000,5.801975,14336500,0.0
2014-02-07,6.500000,6.510000,6.480000,6.490000,5.793048,12603300,-0.0015384615384615057
2014-02-10,6.520000,6.590000,6.480000,6.550000,5.846605,15158000,0.004601226993865069
2014-02-11,6.520000,6.560000,6.500000,6.560000,5.855531,9898900,0.0061349693251533804
2014-02-12,6.550000,6.560000,6.540000,6.550000,5.846605,12098900,0.0
2014-02-13,6.550000,6.590000,6.550000,6.550000,5.846605,10205600,0.0
2014-02-14,6.530000,6.590000,6.530000,6.550000,5.846605,5168500,0.003062787136293962
2014-02-17,6.510000,6.590000,6.510000,6.540000,5.837679,14200400,0.004608294930875614
2014-02-18,6.570000,6.570000,6.510000,6.540000,5.837679,14659100,-0.004566210045662138
2014-02-19,6.550000,6.570000,6.530000,6.540000,5.837679,12871700,-0.0015267175572518759
2014-02-20,6.540000,6.550000,6.520000,6.530000,5.828753,15412300,-0.0015290519877675516
2014-02-21,6.530000,6.560000,6.530000,6.550000,5.846605,18549000,0.003062787136293962
2014-02-24,6.510000,6.560000,6.510000,6.530000,5.828753,9274000,0.0030721966205837885
2014-02-25,6.530000,6.560000,6.520000,6.550000,5.846605,8693400,0.003062787136293962
2014-02-26,6.530000,6.560000,6.520000,6.550000,5.846605,11280500,0.003062787136293962
2014-02-27,6.550000,6.570000,6.530000,6.550000,5.846605,11349100,0.0
2014-02-28,6.550000,6.560000,6.540000,6.550000,5.846605,6179300,0.0
2014-03-03,6.530000,6.570000,6.500000,6.570000,5.864458,13021800,0.006125574272588061
2014-03-04,6.530000,6.580000,6.530000,6.550000,5.846605,11430000,0.003062787136293962
2014-03-05,6.580000,6.580000,6.530000,6.540000,5.837679,9708900,-0.0060790273556231055
2014-03-06,6.550000,6.580000,6.530000,6.550000,5.846605,10241000,0.0
2014-03-07,6.550000,6.560000,6.480000,6.490000,5.793048,8772100,-0.009160305343511392
2014-03-10,6.480000,6.490000,6.380000,6.480000,5.784122,15318600,0.0
2014-03-11,6.450000,6.500000,6.450000,6.450000,5.757343,13463000,0.0
2014-03-12,6.480000,6.480000,6.410000,6.480000,5.784122,14319100,0.0
2014-03-13,6.480000,6.500000,6.480000,6.480000,5.784122,7631300,0.0
2014-03-14,6.490000,6.490000,6.440000,6.440000,5.748417,12736500,-0.0077041602465331
2014-03-17,6.430000,6.500000,6.380000,6.500000,5.801975,10331000,0.010886469673405955
2014-03-18,6.500000,6.510000,6.470000,6.510000,5.810901,10599600,0.0015384615384615057
2014-03-19,6.500000,6.510000,6.480000,6.490000,5.793048,9243800,-0.0015384615384615057
2014-03-20,6.510000,6.540000,6.480000,6.520000,5.819827,9943200,0.001536098310291826
2014-03-21,6.540000,6.540000,6.480000,6.520000,5.819827,13563800,-0.003058103975535239
2014-03-24,6.530000,6.590000,6.470000,6.580000,5.873384,9727600,0.007656967840735041
2014-03-25,6.520000,6.610000,6.520000,6.610000,5.900161,4094700,0.013803680981595207
2014-03-26,6.590000,6.640000,6.590000,6.600000,5.891235,5840700,0.001517450682852775
2014-03-27,6.610000,6.630000,6.600000,6.620000,5.909088,6808600,0.0015128593040846878
2014-03-28,6.620000,6.680000,6.610000,6.660000,5.944792,5982000,0.006042296072507558
2014-03-31,6.660000,6.670000,6.660000,6.670000,5.953719,6217500,0.0015015015015014694
2014-04-01,6.670000,6.740000,6.660000,6.740000,6.016201,10462700,0.010494752623688198
2014-04-02,6.740000,6.740000,6.710000,6.730000,6.007275,11441400,-0.0014836795252225203
2014-04-03,6.720000,6.720000,6.700000,6.710000,5.989423,7850700,-0.0014880952380952064
2014-04-04,6.710000,6.740000,6.670000,6.730000,6.007275,6060800,0.0029806259314456725
2014-04-07,6.710000,6.740000,6.680000,6.690000,5.971571,6759800,-0.0029806259314455403
2014-04-08,6.680000,6.720000,6.630000,6.630000,5.918014,4535700,-0.0074850299401197345
2014-04-09,6.590000,6.640000,6.590000,6.620000,5.909088,5063700,0.004552352048558459
2014-04-10,6.650000,6.710000,6.650000,6.670000,5.953719,8162800,0.0030075187969924168
2014-04-11,6.670000,6.680000,6.580000,6.660000,5.944792,8410700,-0.0014992503748125618
2014-04-14,6.650000,6.650000,6.590000,6.590000,5.882309,6797700,-0.009022556390977519
2014-04-15,6.500000,6.610000,6.500000,6.600000,5.891235,11766300,0.01538461538461533
2014-04-16,6.600000,6.610000,6.590000,6.610000,5.900161,7853600,0.0015151515151516175
2014-04-17,6.600000,6.610000,6.570000,6.590000,5.882309,6601500,-0.0015151515151514828
2014-04-18,6.590000,6.600000,6.550000,6.570000,5.864458,4540500,-0.00303490136570555
2014-04-21,6.560000,6.620000,6.560000,6.600000,5.891235,2527800,0.0060975609756097615
2014-04-22,6.600000,6.620000,6.600000,6.610000,5.900161,7641000,0.0015151515151516175
2014-04-23,6.620000,6.640000,6.610000,6.630000,5.918014,13817900,0.001510574018126856
2014-04-24,6.640000,6.670000,6.630000,6.650000,5.935867,12645700,0.001506024096385644
2014-04-25,6.640000,6.650000,6.630000,6.650000,5.935867,12071700,0.001506024096385644
2014-04-28,6.650000,6.670000,6.640000,6.670000,5.953719,6325700,0.0030075187969924168
2014-04-29,6.650000,6.680000,6.650000,6.680000,5.962644,7502400,0.004511278195488626
2014-04-30,6.680000,6.740000,6.680000,6.730000,6.007275,10393800,0.007485029940119867
2014-05-02,6.750000,6.750000,6.710000,6.730000,6.007275,6979500,-0.0029629629629629
2014-05-05,6.690000,6.730000,6.690000,6.720000,5.998349,5026200,0.0044843049327353305
2014-05-06,6.720000,6.730000,6.710000,6.730000,6.007275,5462300,0.0014880952380953386
2014-05-07,6.740000,6.750000,6.670000,6.740000,6.016201,6872100,0.0
2014-05-08,6.740000,6.830000,6.740000,6.800000,6.069758,12939400,0.008902077151335253
2014-05-09,6.820000,6.910000,6.800000,6.880000,6.141167,10023700,0.008797653958944223
2014-05-12,6.880000,6.890000,6.860000,6.870000,6.132240,5069100,-0.0014534883720929922
2014-05-14,6.830000,6.990000,6.830000,6.960000,6.212575,10506500,0.019033674963396762
2014-05-15,6.950000,7.010000,6.950000,6.990000,6.239354,15969300,0.005755395683453243
2014-05-16,6.930000,7.000000,6.930000,7.000000,6.248281,12048500,0.010101010101010142
2014-05-19,7.000000,7.010000,6.980000,7.000000,6.248281,10071600,0.0
2014-05-20,6.940000,7.000000,6.910000,6.950000,6.203650,9230100,0.0014409221902016982
2014-05-21,7.000000,7.000000,6.900000,6.930000,6.185797,7879000,-0.01000000000000004
2014-05-22,6.940000,6.950000,6.910000,6.930000,6.185797,11302400,-0.0014409221902018264
2014-05-23,6.930000,6.950000,6.890000,6.920000,6.176871,7876500,-0.0014430014430014122
2014-05-26,6.930000,6.930000,6.860000,6.890000,6.150093,7105300,-0.005772005772005777
2014-05-27,6.890000,6.930000,6.880000,6.890000,6.150093,7481900,0.0
2014-05-28,6.900000,6.910000,6.750000,6.820000,6.087611,10789200,-0.011594202898550735
2014-05-29,6.820000,6.940000,6.810000,6.900000,6.159019,13223100,0.011730205278592386
2014-05-30,6.910000,6.980000,6.890000,6.930000,6.185797,16629700,0.00289435600578865
2014-06-02,6.870000,6.870000,6.710000,6.800000,6.194908,5562100,-0.010189228529839925
2014-06-03,6.890000,6.910000,6.750000,6.900000,6.286009,10262800,0.001451378809869474
2014-06-04,6.900000,6.900000,6.880000,6.890000,6.276899,5138500,-0.0014492753623189384
2014-06-05,6.900000,6.910000,6.840000,6.880000,6.267789,6928100,-0.002898550724637748
2014-06-06,6.890000,6.900000,6.810000,6.890000,6.276899,2503000,0.0
2014-06-09,6.900000,6.900000,6.870000,6.890000,6.276899,5546200,-0.0014492753623189384
2014-06-10,6.900000,6.920000,6.830000,6.910000,6.295120,12924200,0.0014492753623188096
2014-06-11,6.900000,6.900000,6.890000,6.900000,6.286009,8438200,0.0
2014-06-12,6.900000,6.910000,6.890000,6.900000,6.286009,5014500,0.0
2014-06-13,6.880000,6.900000,6.870000,6.890000,6.276899,6315200,0.0014534883720929922
2014-06-16,6.880000,6.900000,6.820000,6.870000,6.258679,5783800,-0.0014534883720929922
2014-06-17,6.890000,6.900000,6.860000,6.880000,6.267789,11231800,-0.0014513788098693451
2014-06-18,6.850000,6.890000,6.850000,6.870000,6.258679,10835500,0.0029197080291971478
2014-06-19,6.880000,6.900000,6.870000,6.890000,6.276899,17617300,0.0014534883720929922
2014-06-20,6.890000,6.910000,6.880000,6.900000,6.286009,13230500,0.001451378809869474
2014-06-23,6.850000,6.950000,6.840000,6.950000,6.331560,15837300,0.01459854014598548
2014-06-24,6.950000,7.000000,6.920000,6.990000,6.368001,11136800,0.005755395683453243
2014-06-25,6.920000,7.000000,6.920000,6.990000,6.368001,9072700,0.010115606936416227
2014-06-26,6.980000,6.990000,6.960000,6.980000,6.358891,15293600,0.0
2014-06-27,6.980000,6.990000,6.940000,6.970000,6.349780,9310900,-0.001432664756447088
2014-06-30,6.960000,6.990000,6.960000,6.970000,6.349780,7564900,0.0014367816091953717
2014-07-01,6.960000,6.970000,6.900000,6.900000,6.286009,6672000,-0.008620689655172358
2014-07-02,6.840000,6.950000,6.840000,6.950000,6.331560,7421500,0.016081871345029287
2014-07-03,6.920000,6.950000,6.910000,6.930000,6.313340,11932700,0.0014450867052022813
2014-07-04,6.930000,6.950000,6.920000,6.920000,6.304229,8174200,-0.0014430014430014122
2014-07-07,6.920000,6.950000,6.890000,6.890000,6.276899,10219500,-0.004335260115606972
2014-07-08,6.860000,6.900000,6.860000,6.890000,6.276899,11760300,0.004373177842565504
2014-07-09,6.890000,6.900000,6.880000,6.890000,6.276899,5227100,0.0
2014-07-10,6.900000,6.900000,6.880000,6.900000,6.286009,6929400,0.0
2014-07-11,6.900000,6.910000,6.870000,6.890000,6.276899,4947100,-0.0014492753623189384
2014-07-14,6.900000,6.950000,6.900000,6.910000,6.295120,5364400,0.0014492753623188096
2014-07-16,6.910000,6.950000,6.890000,6.950000,6.331560,11230400,0.005788712011577429
2014-07-17,6.950000,6.950000,6.920000,6.940000,6.322450,4729100,-0.0014388489208632786
2014-07-18,6.910000,6.920000,6.860000,6.900000,6.286009,5702100,-0.001447178002894325
2014-07-21,6.860000,6.900000,6.850000,6.870000,6.258679,7822000,0.0014577259475218346
2014-07-22,6.870000,6.900000,6.860000,6.890000,6.276899,5898100,0.0029112081513827616
2014-07-23,6.850000,6.900000,6.850000,6.890000,6.276899,4272800,0.005839416058394166
2014-07-24,6.850000,6.890000,6.810000,6.850000,6.240458,7135800,0.0
2014-07-25,6.890000,6.940000,6.820000,6.890000,6.276899,3302300,0.0
2014-07-30,6.930000,6.950000,6.900000,6.940000,6.322450,8057100,0.0014430014430015404
2014-07-31,6.920000,6.970000,6.920000,6.960000,6.340671,12200500,0.0057803468208092535
2014-08-01,6.910000,6.960000,6.880000,6.940000,6.322450,5852300,0.004341534008683104
2014-08-04,6.940000,6.960000,6.930000,6.940000,6.322450,6132700,0.0
2014-08-05,6.940000,6.970000,6.940000,6.970000,6.349780,7209100,0.004322766570605095
2014-08-06,6.880000,6.980000,6.880000,6.950000,6.331560,8302200,0.010174418604651203
2014-08-07,6.950000,6.960000,6.900000,6.960000,6.340671,7680900,0.0014388489208632786
2014-08-08,6.950000,6.970000,6.900000,6.940000,6.322450,10163300,-0.0014388489208632786
2014-08-11,6.950000,6.960000,6.880000,6.960000,6.340671,6332200,0.0014388489208632786
2014-08-12,6.960000,6.970000,6.900000,6.970000,6.349780,6530100,0.0014367816091953717
2014-08-13,6.970000,6.980000,6.920000,6.950000,6.331560,13568500,-0.0028694404591104125
2014-08-14,6.880000,6.970000,6.880000,6.970000,6.349780,14710800,0.01308139534883719
2014-08-15,6.950000,6.960000,6.940000,6.950000,6.331560,9270300,0.0
2014-08-18,6.900000,6.980000,6.900000,6.960000,6.340671,12140100,0.008695652173912986
2014-08-19,6.910000,6.960000,6.910000,6.950000,6.331560,12741400,0.005788712011577429
2014-08-20,6.950000,6.960000,6.940000,6.960000,6.340671,9733800,0.0014388489208632786
2014-08-21,6.960000,6.960000,6.920000,6.950000,6.331560,7017600,-0.0014367816091953717
2014-08-22,6.950000,6.960000,6.930000,6.950000,6.331560,17233400,0.0
2014-08-25,6.960000,6.960000,6.930000,6.950000,6.331560,3946000,-0.0014367816091953717
2014-08-26,6.950000,6.980000,6.940000,6.950000,6.331560,10490300,0.0
2014-08-27,6.950000,6.980000,6.920000,6.940000,6.322450,8343400,-0.0014388489208632786
2014-08-28,6.950000,6.960000,6.870000,6.950000,6.331560,8004400,0.0
2014-08-29,6.950000,6.960000,6.900000,6.930000,6.313340,10382800,-0.002877697841726685
2014-09-02,6.930000,6.960000,6.920000,6.940000,6.322450,17743400,0.0014430014430015404
2014-09-03,6.940000,6.950000,6.920000,6.940000,6.322450,14904600,0.0
2014-09-04,6.940000,6.940000,6.920000,6.920000,6.304229,9515500,-0.002881844380403525
2014-09-05,6.920000,6.930000,6.900000,6.920000,6.304229,19854400,0.0
2014-09-08,6.910000,6.950000,6.910000,6.940000,6.322450,9776500,0.004341534008683104
2014-09-09,6.920000,6.940000,6.910000,6.940000,6.322450,11456000,0.002890173410404691
2014-09-10,6.930000,6.960000,6.930000,6.950000,6.331560,7265800,0.002886002886002953
2014-09-11,6.940000,6.960000,6.900000,6.950000,6.331560,12163000,0.0014409221902016982
2014-09-12,6.950000,6.990000,6.930000,6.990000,6.368001,13929200,0.005755395683453243
2014-09-15,6.970000,6.990000,6.920000,6.990000,6.368001,11619100,0.00286944045911054
2014-09-17,6.980000,7.000000,6.940000,6.960000,6.340671,29396900,-0.0028653295128940486
2014-09-18,6.960000,6.970000,6.960000,6.960000,6.340671,11590300,0.0
2014-09-19,6.960000,6.980000,6.950000,6.970000,6.349780,12403000,0.0014367816091953717
2014-09-22,7.000000,7.000000,6.960000,6.960000,6.340671,7605200,-0.0057142857142857195
2014-09-23,6.950000,6.970000,6.950000,6.960000,6.340671,15919900,0.0014388489208632786
2014-09-24,7.000000,7.000000,6.960000,6.970000,6.349780,3975800,-0.0042857142857143215
2014-09-25,6.970000,6.990000,6.970000,6.990000,6.368001,6871400,0.00286944045911054
2014-09-26,6.980000,6.990000,6.950000,6.980000,6.358891,6576100,0.0
2014-09-29,6.990000,7.050000,6.980000,6.990000,6.368001,11830800,0.0
2014-09-30,7.000000,7.090000,6.990000,7.000000,6.377111,17584700,0.0
2014-10-01,7.000000,7.030000,7.000000,7.010000,6.386221,22288400,0.0014285714285713982
2014-10-02,7.010000,7.010000,6.990000,7.000000,6.377111,15899600,-0.0014265335235377728
2014-10-03,7.010000,7.070000,6.990000,7.070000,6.440883,7018800,0.00855920114122689
2014-10-07,7.070000,7.170000,7.040000,7.060000,6.505383,17135100,-0.0014144271570015099
2014-10-08,7.060000,7.080000,7.020000,7.030000,6.477740,8515300,-0.004249291784702459
2014-10-09,7.010000,7.080000,7.010000,7.040000,6.486954,21288600,0.004279600570613445
2014-10-10,7.050000,7.090000,7.000000,7.070000,6.514597,5708200,0.002836879432624179
2014-10-13,7.020000,7.170000,7.020000,7.070000,6.514597,8120700,0.007122507122507224
2014-10-14,7.030000,7.070000,7.030000,7.050000,6.496169,15275400,0.0028449502133712054
2014-10-15,7.070000,7.120000,7.030000,7.070000,6.514597,9279600,0.0
2014-10-16,7.080000,7.090000,6.820000,6.930000,6.385596,11029500,-0.021186440677966153
2014-10-17,6.880000,7.040000,6.870000,7.030000,6.477740,5791800,0.0218023255813954
2014-10-20,7.030000,7.090000,7.030000,7.040000,6.486954,5465400,0.0014224751066856027
2014-10-21,7.020000,7.080000,7.010000,7.040000,6.486954,8658100,0.002849002849002915
2014-10-22,7.040000,7.040000,7.040000,7.040000,6.486954,0,0.0
2014-10-24,7.080000,7.120000,7.040000,7.050000,6.496169,3435000,-0.004237288135593255
2014-10-27,7.020000,7.150000,7.010000,7.080000,6.523811,5929300,0.008547008547008619
2014-10-28,7.050000,7.120000,7.000000,7.090000,6.533026,13528100,0.0056737588652482325
2014-10-29,7.130000,7.130000,7.060000,7.080000,6.523811,21520600,-0.007012622720897591
2014-10-30,7.080000,7.080000,7.060000,7.070000,6.514597,6026800,-0.0014124293785310433
2014-10-31,7.040000,7.100000,7.030000,7.050000,6.496169,10538300,0.0014204545454545151
2014-11-03,7.010000,7.110000,7.010000,7.080000,6.523811,3443800,0.009985734664764663
2014-11-04,7.080000,7.120000,7.060000,7.070000,6.514597,6309800,-0.0014124293785310433
2014-11-05,7.070000,7.090000,7.050000,7.070000,6.514597,5892600,0.0
2014-11-06,7.050000,7.060000,6.970000,6.990000,6.440882,10393600,-0.008510638297872285
2014-11-07,6.990000,7.050000,6.960000,6.960000,6.413239,8993900,-0.004291845493562267
2014-11-10,6.910000,7.030000,6.910000,7.000000,6.450097,3494800,0.013024602026049183
2014-11-11,7.030000,7.040000,6.940000,7.030000,6.477740,3451700,0.0
2014-11-12,6.970000,7.070000,6.970000,7.050000,6.496169,3936600,0.011477761836441905
2014-11-13,7.020000,7.070000,7.010000,7.050000,6.496169,2898400,0.0042735042735043095
2014-11-14,7.040000,7.060000,7.010000,7.050000,6.496169,8318100,0.0014204545454545151
2014-11-17,7.060000,7.070000,7.010000,7.010000,6.459311,4833500,-0.007082152974504224
2014-11-18,7.050000,7.240000,7.050000,7.200000,6.634385,12310400,0.021276595744680903
2014-11-19,7.200000,7.290000,7.190000,7.270000,6.698886,11257600,0.009722222222222137
2014-11-20,7.270000,7.270000,7.140000,7.200000,6.634385,6476600,-0.009628610729023301
2014-11-21,7.200000,7.210000,7.060000,7.100000,6.542241,9039200,-0.013888888888888963
2014-11-24,7.180000,7.270000,7.080000,7.190000,6.625170,21441900,0.001392757660167225
2014-11-25,7.200000,7.220000,7.190000,7.190000,6.625170,25483000,-0.0013888888888888592
2014-11-26,7.200000,7.240000,7.160000,7.190000,6.625170,9646700,-0.0013888888888888592
2014-11-27,7.170000,7.210000,7.100000,7.120000,6.560669,8702100,-0.006973500697350045
2014-11-28,7.110000,7.120000,6.980000,7.060000,6.505383,8979700,-0.007032348804500803
2014-12-01,7.110000,7.110000,6.840000,7.000000,6.450097,9332100,-0.015471167369901591
2014-12-02,7.000000,7.010000,6.870000,6.950000,6.404024,9200900,-0.0071428571428571175
2014-12-03,6.980000,7.000000,6.910000,6.940000,6.394810,10701600,-0.005730659025787971
2014-12-04,6.900000,6.960000,6.740000,6.790000,6.256593,20720800,-0.01594202898550729
2014-12-05,6.800000,6.800000,6.750000,6.790000,6.256593,8159700,-0.0014705882352940864
2014-12-08,6.780000,6.780000,6.600000,6.650000,6.127592,14841200,-0.019174041297935086
2014-12-09,6.650000,6.670000,6.610000,6.620000,6.099948,16012300,-0.004511278195488759
2014-12-10,6.620000,6.960000,6.620000,6.920000,6.376381,9851700,0.045317220543806616
2014-12-11,6.760000,7.030000,6.760000,6.980000,6.431668,8193900,0.03254437869822495
2014-12-12,6.990000,7.080000,6.900000,6.950000,6.404024,4931300,-0.005722460658082981
2014-12-15,6.880000,6.920000,6.800000,6.880000,6.339524,11276400,0.0
2014-12-16,6.850000,6.910000,6.810000,6.820000,6.284237,9732300,-0.004379562043795527
2014-12-17,6.800000,6.920000,6.780000,6.800000,6.265808,9609700,0.0
2014-12-18,6.810000,6.930000,6.810000,6.900000,6.357952,8603300,0.013215859030837114
2014-12-19,6.940000,6.980000,6.850000,6.980000,6.431668,22430000,0.005763688760806921
2014-12-22,6.980000,7.000000,6.860000,7.000000,6.450097,6715600,0.0028653295128939216
2014-12-23,7.000000,7.100000,6.970000,6.970000,6.422453,8316400,-0.0042857142857143215
2014-12-24,7.000000,7.020000,6.940000,6.990000,6.440882,7328600,-0.0014285714285713982
2014-12-26,7.000000,7.020000,6.980000,7.000000,6.450097,4163800,0.0
2014-12-29,6.930000,7.020000,6.930000,7.010000,6.459311,5181500,0.011544011544011554
2014-12-30,7.010000,7.100000,7.010000,7.070000,6.514597,5424400,0.00855920114122689
2014-12-31,7.000000,7.100000,7.000000,7.050000,6.496169,5799500,0.0071428571428571175
2015-01-02,7.020000,7.040000,6.970000,7.020000,6.468525,4658000,0.0
2015-01-05,7.020000,7.030000,6.950000,7.000000,6.450097,5652000,-0.0028490028490027884
2015-01-06,7.000000,7.000000,6.880000,6.940000,6.394810,7493300,-0.008571428571428516
2015-01-07,6.910000,6.950000,6.900000,6.930000,6.385596,7349400,0.00289435600578865
2015-01-08,6.930000,6.970000,6.910000,6.930000,6.385596,5687500,0.0
2015-01-09,6.920000,6.990000,6.910000,6.950000,6.404024,7496900,0.004335260115606972
2015-01-12,6.960000,7.050000,6.940000,7.050000,6.496169,4394600,0.0129310344827586
2015-01-13,6.980000,7.010000,6.950000,6.980000,6.431668,6113300,0.0
2015-01-14,6.980000,7.020000,6.970000,7.010000,6.459311,10245800,0.004297994269340882
2015-01-15,7.000000,7.050000,6.990000,7.020000,6.468525,11561400,0.0028571428571427964
2015-01-16,7.020000,7.020000,6.970000,7.000000,6.450097,7467900,-0.0028490028490027884
2015-01-19,7.010000,7.010000,6.970000,7.010000,6.459311,6435800,0.0
2015-01-20,7.000000,7.010000,6.960000,6.990000,6.440882,7250300,-0.0014285714285713982
2015-01-21,6.990000,7.050000,6.990000,7.050000,6.496169,13499600,0.008583690987124408
2015-01-22,7.030000,7.260000,7.030000,7.150000,6.588312,9928800,0.01706970128022761
2015-01-23,7.160000,7.240000,7.160000,7.210000,6.643600,8981800,0.0069832402234636624
2015-01-26,7.200000,7.240000,7.180000,7.220000,6.652813,10669100,0.0027777777777777185
2015-01-27,7.140000,7.250000,7.140000,7.200000,6.634385,10333300,0.008403361344537886
2015-01-28,7.120000,7.200000,7.120000,7.140000,6.579098,5820800,0.002808988764044884
2015-01-29,7.150000,7.250000,7.050000,7.220000,6.652813,17983800,0.009790209790209706
2015-01-30,7.200000,7.220000,7.160000,7.200000,6.634385,15385100,0.0
2015-02-04,7.250000,7.270000,7.160000,7.170000,6.606741,12463400,-0.0110344827586207
2015-02-05,7.160000,7.230000,7.150000,7.170000,6.606741,12236800,0.0013966480446927076
2015-02-06,7.180000,7.200000,7.130000,7.170000,6.606741,11365900,-0.0013927576601671012
2015-02-09,7.170000,7.200000,7.060000,7.170000,6.606741,9018700,0.0
2015-02-10,7.120000,7.160000,7.100000,7.100000,6.542241,11243200,-0.002808988764045009
2015-02-11,7.150000,7.150000,7.050000,7.070000,6.514597,10412100,-0.011188811188811197
2015-02-12,7.110000,7.110000,6.980000,7.050000,6.496169,5136200,-0.008438818565400914
2015-02-13,7.100000,7.100000,7.020000,7.050000,6.496169,6147400,-0.007042253521126736
2015-02-16,7.020000,7.120000,7.020000,7.070000,6.514597,5653100,0.007122507122507224
2015-02-17,7.050000,7.100000,6.990000,7.030000,6.477740,4145600,-0.002836879432624053
2015-02-18,7.070000,7.200000,7.070000,7.100000,6.542241,5278800,0.004243281471004153
2015-02-23,7.100000,7.140000,7.100000,7.130000,6.569884,7461800,0.0042253521126760915
2015-02-24,7.120000,7.140000,7.070000,7.120000,6.560669,9268200,0.0
2015-02-25,7.140000,7.250000,7.130000,7.170000,6.606741,8268500,0.004201680672268943
2015-02-26,7.210000,7.220000,7.150000,7.170000,6.606741,7235800,-0.005547850208044388
2015-02-27,7.170000,7.190000,7.130000,7.160000,6.597527,7094400,-0.0013947001394699842
2015-03-02,7.150000,7.180000,7.070000,7.100000,6.542241,5292200,-0.006993006993007092
2015-03-03,7.100000,7.110000,7.080000,7.100000,6.542241,16538600,0.0
2015-03-04,7.110000,7.170000,7.080000,7.130000,6.569884,10208600,0.002812939521800221
2015-03-05,7.100000,7.140000,7.090000,7.130000,6.569884,10902200,0.0042253521126760915
2015-03-06,7.140000,7.160000,7.100000,7.130000,6.569884,11584200,-0.0014005602240896062
2015-03-09,7.060000,7.160000,7.000000,7.160000,6.597527,9015000,0.014164305949008575
2015-03-10,7.150000,7.150000,7.040000,7.110000,6.551456,11361500,-0.005594405594405599
2015-03-11,7.050000,7.110000,6.980000,6.980000,6.431668,13109700,-0.009929078014184311
2015-03-12,7.020000,7.090000,7.010000,7.090000,6.533026,12698600,0.009971509971510013
2015-03-13,7.050000,7.100000,7.030000,7.030000,6.477740,5327200,-0.002836879432624053
2015-03-16,7.070000,7.080000,7.020000,7.030000,6.477740,9432200,-0.005657708628005662
2015-03-17,7.020000,7.040000,7.010000,7.030000,6.477740,5825400,0.0014245014245015208
2015-03-18,7.040000,7.040000,7.000000,7.020000,6.468525,8735800,-0.0028409090909091565
2015-03-19,7.000000,7.060000,7.000000,7.050000,6.496169,5261200,0.0071428571428571175
2015-03-20,7.000000,7.050000,7.000000,7.040000,6.486954,8849900,0.0057142857142857195
2015-03-23,7.040000,7.080000,6.980000,7.050000,6.496169,7128900,0.0014204545454545151
2015-03-24,7.010000,7.090000,7.010000,7.070000,6.514597,9430600,0.00855920114122689
2015-03-25,7.050000,7.090000,7.020000,7.060000,6.505383,5995700,0.0014184397163120265
2015-03-26,7.060000,7.090000,7.030000,7.070000,6.514597,8602600,0.0014164305949009456
2015-03-27,7.050000,7.070000,7.010000,7.060000,6.505383,6678200,0.0014184397163120265
2015-03-30,7.060000,7.100000,7.040000,7.090000,6.533026,4956800,0.004249291784702585
2015-03-31,7.120000,7.140000,7.080000,7.080000,6.523811,12210500,-0.005617977528089893
2015-04-01,7.040000,7.080000,7.030000,7.060000,6.505383,7789500,0.0028409090909090303
2015-04-02,7.040000,7.080000,7.040000,7.060000,6.505383,11018700,0.0028409090909090303
2015-04-03,7.040000,7.090000,7.040000,7.070000,6.514597,6110900,0.004261363636363672
2015-04-06,7.080000,7.090000,7.070000,7.070000,6.514597,8551400,-0.0014124293785310433
2015-04-07,7.050000,7.120000,7.030000,7.070000,6.514597,13573200,0.002836879432624179
2015-04-08,7.060000,7.070000,7.040000,7.060000,6.505383,12923700,0.0
2015-04-09,7.070000,7.080000,7.040000,7.060000,6.505383,13961800,-0.0014144271570015099
2015-04-10,7.050000,7.050000,6.980000,7.000000,6.450097,10284400,-0.007092198581560258
2015-04-13,6.980000,7.010000,6.940000,6.970000,6.422453,5716600,-0.001432664756447088
2015-04-14,6.970000,7.030000,6.970000,7.020000,6.468525,10624900,0.007173601147776158
2015-04-15,7.000000,7.050000,7.000000,7.040000,6.486954,15252800,0.0057142857142857195
2015-04-16,7.030000,7.040000,6.980000,7.020000,6.468525,10135800,-0.001422475106685729
2015-04-17,7.020000,7.030000,6.990000,7.020000,6.468525,10924500,0.0
2015-04-20,7.000000,7.020000,6.980000,7.010000,6.459311,5493800,0.0014285714285713982
2015-04-21,7.010000,7.030000,7.010000,7.020000,6.468525,11432600,0.0014265335235377728
2015-04-22,7.020000,7.030000,6.980000,6.980000,6.431668,11852700,-0.005698005698005577
2015-04-23,6.990000,7.000000,6.970000,6.980000,6.431668,7824700,-0.0014306151645207133
2015-04-24,7.000000,7.000000,6.950000,6.990000,6.440882,6084500,-0.0014285714285713982
2015-04-27,6.960000,6.990000,6.890000,6.950000,6.404024,13972400,-0.0014367816091953717
2015-04-28,6.950000,6.950000,6.830000,6.900000,6.357952,11264700,-0.007194244604316521
2015-04-29,6.860000,6.870000,6.810000,6.830000,6.293451,9922300,-0.004373177842565633
2015-04-30,6.800000,6.830000,6.740000,6.740000,6.210522,11491000,-0.008823529411764649
2015-05-05,6.800000,6.830000,6.740000,6.800000,6.265808,12955800,0.0
2015-05-06,6.750000,6.770000,6.730000,6.750000,6.219736,13238000,0.0
2015-05-07,6.700000,6.710000,6.640000,6.680000,6.155234,13751200,-0.0029850746268657406
2015-05-08,6.660000,6.690000,6.580000,6.620000,6.099948,10791400,-0.006006006006006011
2015-05-11,6.690000,6.760000,6.650000,6.740000,6.210522,7521400,0.007473841554559016
2015-05-12,6.710000,6.770000,6.670000,6.760000,6.228951,5903400,0.007451564828613983
2015-05-13,6.760000,6.760000,6.690000,6.730000,6.201307,11404800,-0.004437869822485113
2015-05-14,6.730000,6.790000,6.700000,6.790000,6.256593,7866100,0.008915304606240654
2015-05-15,6.770000,6.780000,6.740000,6.750000,6.219736,4877600,-0.0029542097488921087
2015-05-18,6.750000,6.760000,6.700000,6.750000,6.219736,5360800,0.0
2015-05-19,6.710000,6.760000,6.710000,6.750000,6.219736,6926800,0.005961251862891212
2015-05-20,6.750000,6.760000,6.690000,6.720000,6.192092,11535200,-0.004444444444444481
2015-05-21,6.730000,6.760000,6.390000,6.550000,6.035447,23106400,-0.02674591381872223
2015-05-22,6.510000,6.600000,6.460000,6.520000,6.007804,11451600,0.001536098310291826
2015-05-25,6.520000,6.530000,6.440000,6.490000,5.980161,12414700,-0.004601226993864933
2015-05-26,6.480000,6.660000,6.400000,6.600000,6.081520,14358200,0.018518518518518396
2015-05-27,6.540000,6.610000,6.500000,6.560000,6.044662,21229700,0.003058103975535103
2015-05-28,6.520000,6.620000,6.520000,6.590000,6.072305,13920300,0.010736196319018449
2015-05-29,6.560000,6.620000,6.560000,6.580000,6.063090,19395200,0.003048780487804949
2015-06-01,6.600000,6.610000,6.450000,6.470000,5.961731,10842900,-0.01969696969696968
2015-06-02,6.400000,6.400000,6.290000,6.340000,5.971150,11760800,-0.009375000000000078
2015-06-03,6.340000,6.430000,6.300000,6.360000,5.989987,12491800,0.0031545741324921863
2015-06-04,6.300000,6.350000,6.290000,6.290000,5.924059,11449200,-0.0015873015873015535
2015-06-05,6.280000,6.420000,6.270000,6.390000,6.018241,9600200,0.01751592356687889
2015-06-08,6.380000,6.470000,6.350000,6.470000,6.093586,9811000,0.014106583072100292
2015-06-09,6.420000,6.470000,6.420000,6.440000,6.065333,10282000,0.00311526479750786
2015-06-10,6.480000,6.500000,6.420000,6.460000,6.084168,10651500,-0.0030864197530864907
2015-06-11,6.470000,6.490000,6.420000,6.420000,6.046496,15233200,-0.007727975270479108
2015-06-12,6.480000,6.480000,6.400000,6.440000,6.065333,2898500,-0.006172839506172844
2015-06-15,6.360000,6.490000,6.360000,6.450000,6.074750,10976300,0.014150943396226393
2015-06-16,6.480000,6.480000,6.430000,6.470000,6.093586,8984900,-0.0015432098765433139
2015-06-17,6.440000,6.490000,6.380000,6.480000,6.103005,10403300,0.006211180124223607
2015-06-18,6.440000,6.520000,6.440000,6.500000,6.121842,7337900,0.009316770186335343
2015-06-19,6.450000,6.510000,6.420000,6.500000,6.121842,15166400,0.007751937984496096
2015-06-22,6.500000,6.550000,6.440000,6.490000,6.112423,9229600,-0.0015384615384615057
2015-06-23,6.530000,6.530000,6.490000,6.490000,6.112423,7917800,-0.006125574272588061
2015-06-24,6.410000,6.510000,6.410000,6.480000,6.103005,5914500,0.010920436817472743
2015-06-25,6.480000,6.500000,6.470000,6.480000,6.103005,8327700,0.0
2015-06-26,6.480000,6.490000,6.410000,6.460000,6.084168,5548400,-0.0030864197530864907
2015-06-29,6.460000,6.460000,6.400000,6.430000,6.055914,6743300,-0.0046439628482972525
2015-06-30,6.400000,6.400000,6.330000,6.400000,6.027659,6867200,0.0
2015-07-01,6.400000,6.470000,6.400000,6.460000,6.084168,8755900,0.009374999999999939
2015-07-02,6.450000,6.480000,6.440000,6.460000,6.084168,10290200,0.0015503875968991916
2015-07-03,6.450000,6.460000,6.440000,6.450000,6.074750,5714200,0.0
2015-07-06,6.450000,6.450000,6.320000,6.370000,5.999405,5689400,-0.012403100775193809
2015-07-07,6.350000,6.380000,6.350000,6.380000,6.008823,6960100,0.0047244094488189375
2015-07-08,6.340000,6.340000,6.260000,6.310000,5.942895,6603100,-0.0047318611987382094
2015-07-09,6.240000,6.350000,6.220000,6.310000,5.942895,3909900,0.01121794871794862
2015-07-10,6.300000,6.360000,6.300000,6.310000,5.942895,3977900,0.0015873015873015535
2015-07-13,6.310000,6.310000,6.250000,6.290000,5.924059,5825500,-0.003169572107765384
2015-07-14,6.310000,6.400000,6.310000,6.350000,5.980568,5420700,0.00633914421553091
2015-07-15,6.390000,6.400000,6.350000,6.380000,6.008823,14953000,-0.0015649452269170245
2015-07-16,6.400000,6.450000,6.340000,6.370000,5.999405,2168100,-0.004687500000000039
2015-07-20,6.410000,6.420000,6.330000,6.370000,5.999405,1663600,-0.006240249609984405
2015-07-21,6.370000,6.410000,6.340000,6.380000,6.008823,5143500,0.001569858712715822
2015-07-22,6.350000,6.400000,6.350000,6.390000,6.018241,2662900,0.006299212598425203
2015-07-23,6.400000,6.400000,6.360000,6.370000,5.999405,8311100,-0.004687500000000039
2015-07-24,6.340000,6.390000,6.300000,6.360000,5.989987,8058000,0.0031545741324921863
2015-07-27,6.350000,6.390000,6.340000,6.360000,5.989987,9845900,0.0015748031496064057
2015-07-28,6.330000,6.370000,6.300000,6.300000,5.933477,9992700,-0.004739336492891035
2015-07-29,6.280000,6.300000,6.250000,6.300000,5.933477,10474000,0.0031847133757961104
2015-07-30,6.300000,6.310000,6.200000,6.280000,5.914641,7376800,-0.003174603174603107
2015-07-31,6.280000,6.370000,6.280000,6.370000,5.999405,7109100,0.014331210191082779
2015-08-03,6.340000,6.850000,6.310000,6.850000,6.451479,4151600,0.08044164037854887
2015-08-04,6.420000,6.490000,6.380000,6.440000,6.065333,5801100,0.00311526479750786
2015-08-05,6.410000,6.450000,6.380000,6.430000,6.055914,4714300,0.003120124804992133
2015-08-06,6.390000,6.450000,6.050000,6.140000,5.782786,7106000,-0.03912363067292645
2015-08-07,6.060000,6.110000,5.930000,6.000000,5.650931,8541600,-0.009900990099009837
2015-08-10,6.000000,6.000000,5.920000,5.960000,5.613258,3755000,-0.006666666666666672
2015-08-11,6.000000,6.000000,5.950000,5.970000,5.622676,2605500,-0.005000000000000042
2015-08-12,5.980000,6.000000,5.920000,5.970000,5.622676,6317800,-0.001672240802675698
2015-08-13,5.890000,6.010000,5.850000,5.910000,5.566166,8840400,0.0033955857385399766
2015-08-14,5.900000,5.910000,5.720000,5.810000,5.471985,11354500,-0.015254237288135719
2015-08-17,5.770000,5.770000,5.640000,5.730000,5.396639,6145100,-0.006932409012131569
2015-08-18,5.700000,5.900000,5.590000,5.790000,5.453148,4380400,0.015789473684210503
2015-08-19,5.930000,5.950000,5.780000,5.780000,5.443730,4635000,-0.025295109612141563
2015-08-20,5.700000,5.860000,5.650000,5.800000,5.462567,4173300,0.017543859649122744
2015-08-21,5.660000,5.860000,5.640000,5.820000,5.481403,7003000,0.02826855123674914
2015-08-24,5.660000,5.830000,5.660000,5.800000,5.462567,6734000,0.02473498233215542
2015-08-25,5.800000,6.150000,5.700000,6.120000,5.763950,13126500,0.055172413793103496
2015-08-26,6.120000,6.180000,6.070000,6.150000,5.792204,10787900,0.004901960784313766
2015-08-27,5.970000,6.190000,5.970000,6.140000,5.782786,15576200,0.02847571189279731
2015-08-28,6.150000,6.200000,6.020000,6.140000,5.782786,10927300,-0.0016260162601627113
2015-09-01,6.320000,6.400000,6.010000,6.110000,5.754531,13643800,-0.03322784810126581
2015-09-02,6.110000,6.110000,5.910000,5.910000,5.566166,8112900,-0.032733224222585955
2015-09-03,5.910000,5.970000,5.810000,5.920000,5.575584,6546100,0.001692047377326529
2015-09-04,5.880000,5.970000,5.880000,5.910000,5.566166,5180800,0.005102040816326573
2015-09-07,5.910000,5.910000,5.770000,5.860000,5.519075,4455500,-0.008460236886632796
2015-09-08,5.890000,5.910000,5.850000,5.870000,5.528493,6507300,-0.003395585738539826
2015-09-09,5.900000,5.940000,5.850000,5.910000,5.566166,22194300,0.0016949152542372519
2015-09-10,5.880000,5.930000,5.820000,5.930000,5.585003,9833000,0.008503401360544187
2015-09-11,5.920000,5.980000,5.850000,5.900000,5.556749,7067400,-0.0033783783783783066
2015-09-14,5.880000,6.080000,5.880000,6.060000,5.707440,16399600,0.030612244897959134
2015-09-15,6.070000,6.190000,6.070000,6.140000,5.782786,13726700,0.011532125205930707
2015-09-17,6.180000,6.340000,6.140000,6.290000,5.924059,20498200,0.017799352750809114
2015-09-18,6.290000,6.290000,6.180000,6.240000,5.876968,10272100,-0.007949125596184391
2015-09-21,6.240000,6.240000,6.090000,6.140000,5.782786,6693300,-0.01602564102564111
2015-09-22,6.120000,6.140000,6.030000,6.060000,5.707440,9426300,-0.009803921568627532
2015-09-23,6.000000,6.000000,5.890000,5.900000,5.556749,13211700,-0.016666666666666607
2015-09-25,5.730000,5.950000,5.710000,5.900000,5.556749,15507400,0.02966841186736473
2015-09-28,5.780000,5.850000,5.740000,5.790000,5.528105,7221900,0.0017301038062283367
2015-09-29,5.740000,5.780000,5.670000,5.710000,5.451724,10592900,-0.005226480836236977
2015-09-30,5.700000,5.800000,5.690000,5.800000,5.537653,12535200,0.017543859649122744
2015-10-01,5.800000,5.810000,5.760000,5.780000,5.518558,13173300,-0.003448275862068892
2015-10-02,5.800000,5.800000,5.720000,5.800000,5.537653,8585600,0.0
2015-10-05,5.800000,6.020000,5.780000,5.970000,5.699964,16792800,0.029310344827586196
2015-10-06,6.010000,6.040000,5.970000,6.000000,5.728607,20718200,-0.0016638935108152725
2015-10-07,6.000000,6.120000,5.950000,6.000000,5.728607,19210200,0.0
2015-10-08,6.020000,6.340000,6.020000,6.210000,5.929108,18047600,0.03156146179402
2015-10-09,6.260000,6.530000,6.250000,6.380000,6.091419,20039200,0.019169329073482445
2015-10-12,6.380000,6.440000,6.280000,6.380000,6.091419,6173000,0.0
2015-10-13,6.380000,6.440000,6.250000,6.380000,6.091419,7650800,0.0
2015-10-15,6.390000,6.500000,6.340000,6.450000,6.158252,7214900,0.009389671361502426
2015-10-16,6.460000,6.460000,6.350000,6.400000,6.110514,6056300,-0.009287925696594366
2015-10-19,6.400000,6.500000,6.320000,6.400000,6.110514,3547300,0.0
2015-10-20,6.330000,6.410000,6.330000,6.380000,6.091419,3269500,0.007898894154818297
2015-10-21,6.320000,6.370000,6.290000,6.350000,6.062776,5267500,0.004746835443037873
2015-10-22,6.320000,6.400000,6.320000,6.340000,6.053228,6480800,0.0031645569620252488
2015-10-23,6.340000,6.390000,6.330000,6.340000,6.053228,2306700,0.0
2015-10-26,6.350000,6.380000,6.280000,6.320000,6.034133,4551400,-0.004724409448818797
2015-10-27,6.270000,6.320000,6.270000,6.270000,5.986394,7585400,0.0
2015-10-28,6.250000,6.290000,6.140000,6.150000,5.871822,8607600,-0.015999999999999945
2015-10-29,6.140000,6.180000,6.080000,6.160000,5.881370,10317300,0.0032573289902280886
2015-10-30,6.200000,6.200000,6.100000,6.170000,5.890918,4890800,-0.004838709677419395
2015-11-02,6.150000,6.180000,6.110000,6.130000,5.852727,6169200,-0.0032520325203252783
2015-11-03,6.110000,6.180000,6.110000,6.140000,5.862274,6955400,0.004909983633387784
2015-11-04,6.240000,6.260000,6.110000,6.140000,5.862274,9705700,-0.01602564102564111
2015-11-05,6.140000,6.190000,6.100000,6.150000,5.871822,8884800,0.0016286644951141165
2015-11-06,6.140000,6.180000,6.110000,6.160000,5.881370,6880300,0.0032573289902280886
2015-11-09,6.170000,6.200000,6.120000,6.170000,5.890918,6090800,0.0
2015-11-11,6.150000,6.150000,6.020000,6.080000,5.804988,11021500,-0.011382113821138257
2015-11-12,6.080000,6.140000,6.050000,6.080000,5.804988,4076500,0.0
2015-11-13,6.080000,6.130000,6.050000,6.100000,5.824083,10521400,0.0032894736842104563
2015-11-16,6.060000,6.110000,6.020000,6.080000,5.804988,7349200,0.0033003300330033767
2015-11-17,6.100000,6.230000,6.100000,6.180000,5.900465,7564400,0.013114754098360668
2015-11-18,6.110000,6.180000,6.110000,6.040000,5.766798,4908800,-0.01145662847790512
2015-11-19,6.100000,6.250000,6.100000,6.160000,5.881370,7336100,0.009836065573770574
2015-11-20,6.150000,6.190000,6.150000,6.160000,5.881370,6124100,0.001626016260162567
2015-11-23,6.150000,6.200000,6.120000,6.130000,5.852727,4679200,-0.0032520325203252783
2015-11-24,6.130000,6.250000,6.130000,6.200000,5.919561,7510000,0.011419249592169703
2015-11-25,6.130000,6.210000,6.130000,6.180000,5.900465,10380100,0.008156606851549727
2015-11-26,6.160000,6.210000,6.130000,6.160000,5.881370,7924800,0.0
2015-11-27,6.180000,6.180000,6.100000,6.140000,5.862274,5218600,-0.00647249190938512
2015-11-30,6.150000,6.160000,6.030000,6.130000,5.852727,14107100,-0.0032520325203252783
2015-12-01,6.130000,6.130000,6.050000,6.120000,5.843180,15673900,-0.0016313213703099162
2015-12-02,6.140000,6.150000,6.090000,6.100000,5.824083,10059200,-0.006514657980456032
2015-12-03,6.050000,6.110000,6.050000,6.100000,5.824083,6543100,0.008264462809917326
2015-12-04,6.050000,6.110000,6.050000,6.100000,5.824083,5327600,0.008264462809917326
2015-12-07,6.070000,6.110000,6.050000,6.090000,5.814536,6877300,0.0032948929159801604
2015-12-08,6.060000,6.100000,6.060000,6.090000,5.814536,4629700,0.004950495049504992
2015-12-09,6.100000,6.100000,6.040000,6.040000,5.766798,5800000,-0.009836065573770428
2015-12-10,6.030000,6.070000,6.030000,6.060000,5.785893,9589900,0.004975124378109347
2015-12-11,6.030000,6.090000,6.000000,6.080000,5.804988,9022900,0.008291873963515725
2015-12-14,6.000000,6.040000,5.970000,5.980000,5.709512,4530000,-0.0033333333333332624
2015-12-15,5.980000,6.040000,5.950000,6.000000,5.728607,5719700,0.003344481605351099
2015-12-16,6.040000,6.100000,6.020000,6.060000,5.785893,7294200,0.0033112582781456247
2015-12-17,6.100000,6.170000,6.080000,6.140000,5.862274,11470500,0.006557377049180334
2015-12-18,6.110000,6.140000,5.990000,5.990000,5.719059,11661100,-0.019639934533551572
2015-12-21,5.980000,5.990000,5.960000,5.980000,5.709512,54900,0.0
2015-12-22,5.960000,6.250000,5.910000,6.200000,5.919561,15101800,0.040268456375838965
2015-12-23,6.220000,6.350000,6.180000,6.300000,6.015038,11860500,0.012861736334405157
2015-12-28,6.280000,6.340000,6.280000,6.320000,6.034133,9769600,0.006369426751592362
2015-12-29,6.330000,6.400000,6.320000,6.390000,6.100966,13054100,0.009478672985781929
2015-12-30,6.390000,6.450000,6.390000,6.410000,6.120061,8722600,0.0031298904538341883
2015-12-31,6.410000,6.480000,6.390000,6.410000,6.120061,7930500,0.0
2016-01-04,6.400000,6.410000,6.300000,6.300000,6.015038,8986600,-0.015625000000000083
2016-01-05,6.290000,6.350000,6.230000,6.340000,6.053228,12549700,0.007949125596184391
2016-01-06,6.330000,6.350000,6.250000,6.270000,5.986394,13107400,-0.00947867298578207
2016-01-07,6.310000,6.340000,6.250000,6.280000,5.995943,8921500,-0.004754358161648076
2016-01-08,6.280000,6.330000,6.200000,6.260000,5.976846,8165200,-0.003184713375796252
2016-01-11,6.310000,6.310000,6.160000,6.160000,5.881370,9478800,-0.023771790808240805
2016-01-12,6.200000,6.270000,6.160000,6.180000,5.900465,14280900,-0.003225806451612978
2016-01-13,6.180000,6.200000,6.140000,6.140000,5.862274,9636000,-0.00647249190938512
2016-01-14,6.140000,6.180000,6.080000,6.140000,5.862274,8913100,0.0
2016-01-15,6.170000,6.180000,6.120000,6.130000,5.852727,8206800,-0.006482982171799033
2016-01-18,6.100000,6.150000,6.090000,6.140000,5.862274,6221300,0.006557377049180334
2016-01-19,6.140000,6.150000,6.120000,6.130000,5.852727,6848000,-0.001628664495113972
2016-01-20,6.110000,6.180000,6.110000,6.140000,5.862274,11591700,0.004909983633387784
2016-01-21,6.150000,6.150000,6.100000,6.140000,5.862274,5886000,-0.0016260162601627113
2016-01-22,6.150000,6.190000,6.130000,6.140000,5.862274,7990500,-0.0016260162601627113
2016-01-26,6.140000,6.140000,6.000000,6.080000,5.804988,12227600,-0.009771986970683976
2016-01-27,6.060000,6.180000,6.060000,6.110000,5.833631,6077400,0.008250825082508368
2016-01-28,6.110000,6.140000,5.480000,5.590000,5.337152,35230600,-0.08510638297872347
2016-01-29,5.610000,5.640000,5.270000,5.610000,5.356248,41973200,0.0
2016-02-02,5.650000,5.900000,5.640000,5.810000,5.547201,28108200,0.028318584070796328
2016-02-03,5.740000,5.780000,5.690000,5.720000,5.461271,13313600,-0.0034843205574913694
2016-02-04,5.740000,5.870000,5.700000,5.850000,5.585392,16552500,0.019163763066201992
2016-02-05,5.860000,5.900000,5.830000,5.890000,5.623582,13494800,0.005119453924914566
2016-02-08,5.890000,5.890000,5.890000,5.890000,5.623582,0,0.0
2016-02-09,5.890000,5.890000,5.890000,5.890000,5.623582,0,0.0
2016-02-10,5.780000,5.800000,5.660000,5.680000,5.423081,13495000,-0.01730103806228383
2016-02-11,5.680000,5.680000,5.570000,5.590000,5.337152,15511600,-0.015845070422535187
2016-02-12,5.590000,5.620000,5.570000,5.600000,5.346700,14876300,0.0017889087656529135
2016-02-15,5.630000,5.670000,5.590000,5.630000,5.375343,12841000,0.0
2016-02-16,5.640000,5.840000,5.640000,5.800000,5.537653,8988100,0.028368794326241162
2016-02-17,5.800000,5.950000,5.750000,5.900000,5.633131,8158000,0.01724137931034492
2016-02-18,5.900000,6.000000,5.880000,6.000000,5.728607,8198100,0.01694915254237282
2016-02-19,6.000000,6.080000,5.980000,6.000000,5.728607,6871500,0.0
2016-02-22,5.980000,6.030000,5.950000,6.000000,5.728607,6230000,0.003344481605351099
2016-02-23,5.970000,6.030000,5.970000,5.990000,5.719059,5478800,0.00335008375209388
2016-02-24,5.940000,5.980000,5.910000,5.910000,5.642678,5036600,-0.005050505050505092
2016-02-25,5.910000,6.000000,5.890000,5.980000,5.709512,6173500,0.011844331641286003
2016-02-26,5.990000,6.000000,5.760000,5.800000,5.537653,5687700,-0.03171953255425716
2016-02-29,5.850000,6.020000,5.840000,5.920000,5.652225,9679900,0.011965811965812015
2016-03-01,5.910000,6.000000,5.910000,5.980000,5.709512,4338100,0.011844331641286003
2016-03-02,5.950000,6.030000,5.950000,6.000000,5.728607,9351600,0.008403361344537785
2016-03-03,6.000000,6.010000,5.970000,6.000000,5.728607,8261700,0.0
2016-03-04,5.960000,6.020000,5.960000,6.000000,5.728607,8925200,0.00671140939597316
2016-03-07,6.010000,6.010000,5.970000,6.010000,5.738155,10045900,0.0
2016-03-08,6.010000,6.020000,5.860000,5.990000,5.719059,3793200,-0.003327787021630545
2016-03-09,5.880000,6.000000,5.870000,6.000000,5.728607,4177500,0.02040816326530614
2016-03-10,6.000000,6.000000,5.960000,6.000000,5.728607,6331000,0.0
2016-03-11,5.960000,5.990000,5.950000,5.980000,5.709512,3083600,0.0033557046979866547
2016-03-14,5.950000,6.000000,5.880000,6.000000,5.728607,4693700,0.008403361344537785
2016-03-15,6.000000,6.000000,5.860000,5.860000,5.594939,4793800,-0.02333333333333328
2016-03-16,5.920000,5.940000,5.830000,5.830000,5.566297,2757000,-0.01520270270270268
2016-03-17,5.840000,5.940000,5.840000,5.900000,5.633131,3777300,0.010273972602739812
2016-03-18,5.920000,5.950000,5.880000,5.890000,5.623582,8409700,-0.0050675675675676095
2016-03-21,5.890000,5.950000,5.880000,5.910000,5.642678,6771300,0.0033955857385399766
2016-03-22,5.940000,5.980000,5.910000,5.910000,5.642678,6776400,-0.005050505050505092
2016-03-23,5.890000,5.940000,5.870000,5.900000,5.633131,6504300,0.0016977928692700638
2016-03-24,5.860000,5.910000,5.840000,5.860000,5.594939,5242300,0.0
2016-03-25,5.840000,5.880000,5.830000,5.870000,5.604486,3253600,0.005136986301369906
2016-03-28,5.870000,5.880000,5.850000,5.880000,5.614035,3578100,0.001703577512776795
2016-03-29,5.840000,5.980000,5.840000,5.930000,5.661773,7539100,0.015410958904109566
2016-03-30,5.950000,5.950000,5.880000,5.900000,5.633131,7387900,-0.008403361344537785
2016-03-31,5.870000,5.910000,5.860000,5.890000,5.623582,12303600,0.00340715502555359
2016-04-01,5.860000,5.900000,5.860000,5.890000,5.623582,5438800,0.005119453924914566
2016-04-04,5.850000,5.910000,5.840000,5.890000,5.623582,4525400,0.006837606837606844
2016-04-05,5.860000,5.890000,5.860000,5.870000,5.604486,4335200,0.0017064846416381888
2016-04-06,5.850000,5.890000,5.840000,5.840000,5.575844,5331600,-0.001709401709401673
2016-04-07,5.840000,5.890000,5.840000,5.870000,5.604486,3288900,0.005136986301369906
2016-04-08,5.830000,5.870000,5.820000,5.860000,5.594939,3817300,0.00514579759862783
2016-04-11,5.880000,5.880000,5.790000,5.810000,5.547201,4331300,-0.011904761904761953
2016-04-12,5.780000,5.850000,5.780000,5.850000,5.585392,3539900,0.012110726643598512
2016-04-13,5.850000,5.910000,5.810000,5.890000,5.623582,4062400,0.006837606837606844
2016-04-14,5.840000,5.920000,5.840000,5.880000,5.614035,5612800,0.006849315068493157
2016-04-15,5.890000,5.920000,5.870000,5.900000,5.633131,3550600,0.0016977928692700638
2016-04-18,5.880000,5.910000,5.860000,5.900000,5.633131,5248100,0.003401360544217766
2016-04-19,5.900000,5.900000,5.820000,5.850000,5.585392,3084100,-0.00847457627118656
2016-04-20,5.900000,5.900000,5.680000,5.850000,5.585392,3815100,-0.00847457627118656
2016-04-21,5.760000,5.910000,5.760000,5.880000,5.614035,2482500,0.020833333333333353
2016-04-22,5.820000,5.870000,5.810000,5.850000,5.585392,1726900,0.005154639175257622
2016-04-25,5.810000,5.880000,5.810000,5.860000,5.594939,2869900,0.008605851979346078
2016-04-26,5.850000,5.890000,5.700000,5.720000,5.461271,5647700,-0.022222222222222206
2016-04-27,5.690000,5.800000,5.560000,5.800000,5.537653,6450500,0.019332161687170373
2016-04-28,5.710000,5.780000,5.530000,5.560000,5.308509,8953400,-0.026269702276707593
2016-04-29,5.560000,5.650000,5.530000,5.650000,5.394438,6791300,0.016187050359712365
2016-05-03,5.650000,5.680000,5.590000,5.600000,5.346700,3555600,-0.008849557522124019
2016-05-04,5.580000,5.640000,5.560000,5.570000,5.318057,12064600,-0.0017921146953404636
2016-05-05,5.560000,5.580000,5.490000,5.500000,5.251223,11958400,-0.010791366906474751
2016-05-06,5.500000,5.510000,5.450000,5.490000,5.241675,7212000,-0.0018181818181817794
2016-05-09,5.490000,5.490000,5.390000,5.400000,5.155746,3500900,-0.016393442622950793
2016-05-10,5.410000,5.430000,5.300000,5.360000,5.117556,3394000,-0.009242144177449136
2016-05-11,5.360000,5.470000,5.260000,5.460000,5.213033,2736600,0.01865671641791038
2016-05-12,5.400000,5.640000,5.400000,5.530000,5.279867,3147300,0.024074074074074053
2016-05-13,5.510000,5.580000,5.340000,5.530000,5.279867,2562200,0.003629764065335837
2016-05-16,5.530000,5.530000,5.360000,5.400000,5.155746,3900700,-0.023508137432188044
2016-05-17,5.390000,5.400000,5.300000,5.370000,5.127103,6009200,-0.003710575139146489
2016-05-18,5.350000,5.420000,5.330000,5.420000,5.174841,5318300,0.013084112149532765
2016-05-19,5.370000,5.530000,5.320000,5.480000,5.232128,6740500,0.020484171322160207
2016-05-20,5.490000,5.490000,5.390000,5.410000,5.165294,6224300,-0.014571948998178519
2016-05-23,5.380000,5.440000,5.320000,5.370000,5.127103,5155300,-0.0018587360594795144
2016-05-24,5.330000,5.410000,5.320000,5.390000,5.146198,5669000,0.011257035647279477
2016-05-25,5.430000,5.460000,5.300000,5.400000,5.155746,6156500,-0.005524861878452921
2016-05-26,5.340000,5.450000,5.270000,5.320000,5.079365,8830300,-0.0037453183520598453
2016-05-27,5.300000,5.370000,5.280000,5.340000,5.098460,6601000,0.007547169811320762
2016-05-30,5.340000,5.340000,5.240000,5.240000,5.002983,10153400,-0.01872659176029956
2016-05-31,5.230000,5.260000,5.180000,5.220000,4.983888,27247500,-0.0019120458891014674
2016-06-01,5.240000,5.340000,5.220000,5.330000,5.088912,3783000,0.017175572519083943
2016-06-02,5.330000,5.430000,5.320000,5.400000,5.155746,11042900,0.013133208255159528
2016-06-03,5.430000,5.510000,5.400000,5.510000,5.260771,3586800,0.014732965009208118
2016-06-06,5.500000,5.710000,5.490000,5.680000,5.423081,4783400,0.032727272727272674
2016-06-07,5.510000,5.700000,5.480000,5.670000,5.530373,7237300,0.029038112522686052
2016-06-08,5.660000,5.660000,5.550000,5.630000,5.491357,7036800,-0.005300353356890503
2016-06-09,5.580000,5.730000,5.580000,5.710000,5.569387,5734100,0.023297491039426504
2016-06-10,5.700000,5.700000,5.480000,5.600000,5.462096,4720100,-0.0175438596491229
2016-06-13,5.530000,5.530000,5.440000,5.500000,5.364558,3824800,-0.005424954792043445
2016-06-14,5.510000,5.600000,5.400000,5.550000,5.413327,3239000,0.007259528130671513
2016-06-15,5.510000,5.610000,5.510000,5.590000,5.452343,4741200,0.014519056261343026
2016-06-16,5.590000,5.610000,5.420000,5.500000,5.364558,6609400,-0.01610017889087654
2016-06-17,5.560000,5.580000,5.480000,5.520000,5.384066,3172000,-0.007194244604316554
2016-06-20,5.520000,5.580000,5.460000,5.580000,5.442589,4070300,0.010869565217391396
2016-06-21,5.560000,5.560000,5.480000,5.480000,5.345051,4931900,-0.014388489208632947
2016-06-23,5.480000,5.550000,5.450000,5.500000,5.364558,5311200,0.003649635036496272
2016-06-24,5.500000,5.540000,5.310000,5.500000,5.364558,9528300,0.0
2016-06-27,5.460000,5.540000,5.410000,5.500000,5.364558,2433000,0.007326007326007333
2016-06-28,5.470000,5.590000,5.470000,5.580000,5.442589,2104300,0.020109689213894028
2016-06-29,5.520000,5.600000,5.520000,5.600000,5.462096,3697900,0.01449275362318842
2016-06-30,5.600000,5.720000,5.520000,5.630000,5.491357,5881100,0.005357142857142902
2016-07-01,5.640000,5.640000,5.510000,5.510000,5.374313,2207300,-0.023049645390070903
2016-07-04,5.540000,5.640000,5.510000,5.600000,5.462096,6747200,0.010830324909747223
2016-07-05,5.550000,5.650000,5.540000,5.540000,5.403574,984800,-0.0018018018018017634
2016-07-06,5.540000,5.540000,5.540000,5.540000,5.403574,0,0.0
2016-07-07,5.540000,5.540000,5.540000,5.540000,5.403574,0,0.0
2016-07-08,5.520000,5.540000,5.440000,5.500000,5.364558,11495700,-0.0036231884057970243
2016-07-11,5.500000,5.540000,5.490000,5.500000,5.364558,6168700,0.0
2016-07-12,5.490000,5.530000,5.440000,5.520000,5.384066,8476500,0.005464480874316823
2016-07-13,5.490000,5.520000,5.460000,5.500000,5.364558,7897400,0.0018214936247722745
2016-07-14,5.500000,5.500000,5.440000,5.480000,5.345051,6697800,-0.0036363636363635587
2016-07-15,5.500000,5.790000,5.440000,5.700000,5.559634,8952300,0.0363636363636364
2016-07-18,5.680000,5.800000,5.680000,5.800000,5.657171,4631200,0.021126760563380302
2016-07-19,5.790000,5.800000,5.730000,5.750000,5.608403,9431300,-0.0069084628670120956
2016-07-20,5.750000,5.750000,5.660000,5.750000,5.608403,3243700,0.0
2016-07-21,5.680000,5.760000,5.660000,5.690000,5.549880,5054900,0.001760563380281809
2016-07-22,5.650000,5.750000,5.590000,5.730000,5.588895,5664200,0.014159292035398242
2016-07-25,5.730000,5.800000,5.720000,5.780000,5.637664,11972800,0.008726003490401365
2016-07-26,5.780000,5.780000,5.670000,5.750000,5.608403,8474700,-0.005190311418685164
2016-07-27,5.740000,5.750000,5.670000,5.670000,5.530373,8307000,-0.012195121951219561
2016-07-28,5.670000,5.740000,5.630000,5.700000,5.559634,5768200,0.005291005291005335
2016-07-29,5.660000,5.750000,5.660000,5.690000,5.549880,9777200,0.005300353356890503
2016-08-01,5.690000,5.760000,5.690000,5.750000,5.608403,6957400,0.01054481546572928
2016-08-02,5.700000,5.730000,5.680000,5.690000,5.549880,1246400,-0.0017543859649122432
2016-08-03,5.650000,5.700000,5.610000,5.650000,5.510865,3768100,0.0
2016-08-04,5.660000,5.700000,5.610000,5.670000,5.530373,3916400,0.001766784452296782
2016-08-05,5.640000,5.700000,5.640000,5.700000,5.559634,2635900,0.010638297872340514
2016-08-08,5.700000,5.730000,5.690000,5.700000,5.559634,3236200,0.0
2016-08-09,5.720000,5.720000,5.650000,5.660000,5.520619,3903700,-0.010489510489510422
2016-08-10,5.640000,5.710000,5.640000,5.690000,5.549880,3674600,0.008865248226950482
2016-08-11,5.670000,5.720000,5.670000,5.720000,5.579141,6154600,0.008818342151675453
2016-08-12,5.700000,5.770000,5.680000,5.750000,5.608403,4010200,0.008771929824561372
2016-08-15,5.710000,5.820000,5.710000,5.780000,5.637664,7589900,0.012259194395796898
2016-08-16,5.760000,5.990000,5.760000,5.990000,5.842492,13249100,0.03993055555555563
2016-08-17,5.940000,5.990000,5.860000,5.900000,5.754709,3799100,-0.00673400673400674
2016-08-18,5.910000,5.910000,5.850000,5.870000,5.725447,1273500,-0.006768189509306266
2016-08-19,5.820000,5.860000,5.730000,5.730000,5.588895,2427700,-0.01546391752577317
2016-08-22,5.720000,5.780000,5.720000,5.780000,5.637664,6351200,0.010489510489510577
2016-08-23,5.720000,5.780000,5.610000,5.700000,5.559634,12911500,-0.003496503496503422
2016-08-24,5.680000,5.690000,5.660000,5.670000,5.530373,7808100,-0.0017605633802816527
2016-08-25,5.670000,5.770000,5.380000,5.490000,5.354805,18105100,-0.031746031746031696
2016-08-26,5.460000,5.510000,5.330000,5.490000,5.354805,5757700,0.00549450549450554
2016-08-29,5.500000,5.530000,5.470000,5.390000,5.257267,3945900,-0.02000000000000006
2016-08-30,5.510000,5.520000,5.490000,5.490000,5.354805,8263000,-0.003629764065335676
2016-09-01,5.470000,5.500000,5.380000,5.420000,5.286529,11181100,-0.009140767824497225
2016-09-02,5.450000,5.470000,5.430000,5.450000,5.315790,3179800,0.0
2016-09-05,5.450000,5.630000,5.450000,5.580000,5.442589,4547700,0.023853211009174292
2016-09-06,5.580000,5.770000,5.570000,5.650000,5.510865,6714000,0.012544802867383563
2016-09-07,5.610000,5.680000,5.600000,5.630000,5.491357,4781300,0.0035650623885917243
2016-09-08,5.600000,5.660000,5.600000,5.620000,5.481603,5797300,0.003571428571428654
2016-09-09,5.650000,5.670000,5.610000,5.650000,5.510865,4374300,0.0
2016-09-13,5.600000,5.620000,5.460000,5.490000,5.354805,6013300,-0.019642857142857042
2016-09-14,5.490000,5.490000,5.300000,5.310000,5.179238,7151100,-0.032786885245901745
2016-09-15,5.330000,5.380000,5.250000,5.320000,5.188992,11306700,-0.0018761726078798848
2016-09-19,5.330000,5.360000,5.270000,5.270000,5.140223,4848200,-0.011257035647279643
2016-09-20,5.320000,5.390000,5.180000,5.390000,5.257267,5999100,0.013157894736841992
2016-09-21,5.360000,5.450000,5.300000,5.300000,5.169484,4524200,-0.01119402985074636
2016-09-22,5.330000,5.410000,5.300000,5.410000,5.276775,4557700,0.015009380863039413
2016-09-23,5.400000,5.510000,5.380000,5.510000,5.374313,2763600,0.020370370370370264
2016-09-26,5.470000,5.500000,5.370000,5.370000,5.237760,3031100,-0.01828153564899445
2016-09-27,5.370000,5.450000,5.340000,5.450000,5.315790,3221700,0.014897579143389213
2016-09-28,5.470000,5.470000,5.350000,5.370000,5.237760,2738700,-0.01828153564899445
2016-09-29,5.410000,5.470000,5.410000,5.420000,5.286529,1818700,0.0018484288354897942
2016-09-30,5.420000,5.440000,5.220000,5.220000,5.091454,5717500,-0.03690036900369007
2016-10-04,5.280000,5.330000,5.230000,5.250000,5.120715,3563100,-0.005681818181818229
2016-10-05,5.290000,5.300000,5.230000,5.280000,5.149977,3284500,-0.0018903591682419257
2016-10-06,5.250000,5.260000,5.200000,5.230000,5.149977,3905800,-0.0038095238095237284
2016-10-07,5.250000,5.260000,5.200000,5.200000,5.120435,3091300,-0.00952380952380949
2016-10-10,5.220000,5.360000,5.220000,5.360000,5.277987,1581900,0.02681992337164762
2016-10-11,5.310000,5.400000,5.270000,5.310000,5.228752,1734900,0.0
2016-10-12,5.300000,5.300000,5.200000,5.200000,5.120435,4779600,-0.01886792452830182
2016-10-13,5.200000,5.200000,5.110000,5.140000,5.061353,11384900,-0.011538461538461635
2016-10-14,5.140000,5.200000,5.110000,5.110000,5.031812,6223800,-0.005836575875486257
2016-10-17,5.110000,5.110000,5.070000,5.090000,5.012119,3386000,-0.003913894324853319
2016-10-18,5.110000,5.220000,5.060000,5.220000,5.140129,5308400,0.021526418786692647
2016-10-19,5.180000,5.180000,5.090000,5.100000,5.021966,4189000,-0.015444015444015458
2016-10-20,5.120000,5.160000,5.100000,5.140000,5.061353,1667600,0.0039062499999999167
2016-10-21,5.120000,5.170000,5.090000,5.120000,5.041659,4867400,0.0
2016-10-24,5.130000,5.180000,5.090000,5.130000,5.051507,2220600,0.0
2016-10-25,5.150000,5.150000,5.070000,5.120000,5.041659,4318000,-0.00582524271844665
2016-10-26,5.130000,5.140000,5.040000,5.080000,5.002272,2025300,-0.00974658869395708
2016-10-27,5.080000,5.090000,5.000000,5.070000,4.992424,3506000,-0.001968503937007832
2016-10-28,5.060000,5.060000,5.010000,5.030000,4.953037,4707500,-0.005928853754940585
2016-10-31,5.030000,5.040000,4.920000,4.920000,4.844719,6917900,-0.021868787276342012
2016-11-01,4.970000,5.130000,4.960000,5.070000,4.992424,3817100,0.020120724346076566
2016-11-02,5.070000,5.070000,4.910000,4.940000,4.864414,4624000,-0.02564102564102562
2016-11-03,4.930000,4.950000,4.830000,4.830000,4.756097,4276000,-0.02028397565922914
2016-11-04,4.830000,4.860000,4.770000,4.800000,4.726556,5082000,-0.006211180124223654
2016-11-07,4.800000,4.840000,4.770000,4.810000,4.736403,2569100,0.002083333333333289
2016-11-08,4.830000,4.850000,4.780000,4.840000,4.765944,2231600,0.0020703933747411567
2016-11-09,4.840000,4.900000,4.670000,4.700000,4.628086,4491300,-0.02892561983471068
2016-11-10,4.750000,4.820000,4.700000,4.710000,4.637933,5665000,-0.008421052631578954
2016-11-11,4.690000,4.690000,4.530000,4.580000,4.509922,10458700,-0.02345415778251606
2016-11-14,4.590000,4.590000,4.500000,4.540000,4.470534,5256800,-0.010893246187363797
2016-11-15,4.560000,4.810000,4.530000,4.630000,4.559157,9325600,0.01535087719298252
2016-11-16,4.680000,4.710000,4.550000,4.650000,4.578851,5512200,-0.006410256410256274
2016-11-17,4.630000,4.680000,4.550000,4.560000,4.490228,2192100,-0.01511879049676032
2016-11-18,4.570000,4.630000,4.510000,4.560000,4.490228,2869100,-0.0021881838074399723
2016-11-21,4.560000,4.570000,4.510000,4.530000,4.460687,4269200,-0.006578947368420913
2016-11-22,4.540000,4.560000,4.480000,4.480000,4.411452,4925000,-0.013215859030836918
2016-11-23,4.490000,4.520000,4.370000,4.480000,4.411452,9330100,-0.0022271714922048524
2016-11-24,4.390000,4.480000,4.240000,4.310000,4.244053,11508200,-0.018223234624145802
2016-11-25,4.310000,4.340000,4.220000,4.260000,4.194818,8949900,-0.0116009280742459
2016-11-28,4.270000,4.270000,4.160000,4.210000,4.145583,8832000,-0.01405152224824347
2016-11-29,4.220000,4.320000,4.110000,4.320000,4.253900,10000600,0.023696682464455103
2016-11-30,4.310000,4.330000,4.180000,4.190000,4.125889,47562700,-0.027842227378190077
2016-12-01,4.200000,4.290000,4.200000,4.240000,4.175124,3920300,0.009523809523809532
2016-12-02,4.240000,4.270000,4.220000,4.250000,4.184971,2802100,0.0023584905660376855
2016-12-05,4.250000,4.320000,4.240000,4.280000,4.214512,2251300,0.007058823529411823
2016-12-06,4.300000,4.300000,4.240000,4.300000,4.234207,3929100,0.0
2016-12-07,4.270000,4.470000,4.270000,4.420000,4.352370,11010400,0.03512880562060899
2016-12-08,4.470000,4.640000,4.430000,4.640000,4.569004,6595000,0.038031319910514526
2016-12-09,4.610000,4.610000,4.490000,4.560000,4.490228,4388000,-0.01084598698481577
2016-12-13,4.580000,4.590000,4.460000,4.500000,4.431146,7775100,-0.01746724890829696
2016-12-14,4.500000,4.580000,4.500000,4.560000,4.490228,5176600,0.013333333333333246
2016-12-15,4.450000,4.530000,4.450000,4.500000,4.431146,6973800,0.011235955056179735
2016-12-16,4.500000,4.680000,4.500000,4.680000,4.608392,7814400,0.03999999999999994
2016-12-19,4.630000,4.630000,4.530000,4.540000,4.470534,2721200,-0.019438444924406016
2016-12-20,4.550000,4.580000,4.520000,4.580000,4.509922,2006400,0.006593406593406648
2016-12-21,4.580000,4.600000,4.520000,4.520000,4.450840,2424400,-0.013100436681222816
2016-12-22,4.520000,4.530000,4.500000,4.500000,4.431146,3755100,-0.004424778761061853
2016-12-23,4.510000,4.530000,4.490000,4.500000,4.431146,1443500,-0.0022172949002216822
2016-12-27,4.510000,4.530000,4.450000,4.520000,4.450840,2070100,0.0022172949002216822
2016-12-28,4.500000,4.630000,4.500000,4.620000,4.549310,2317600,0.02666666666666669
2016-12-29,4.570000,4.610000,4.560000,4.570000,4.500075,2699200,0.0
2016-12-30,4.570000,4.720000,4.480000,4.720000,4.647779,18986800,0.03282275711159725
2017-01-02,4.720000,4.720000,4.720000,4.720000,4.647779,0,0.0
2017-01-03,4.570000,4.590000,4.500000,4.520000,4.450840,3061100,-0.010940919037199279
2017-01-04,4.530000,4.530000,4.460000,4.510000,4.440993,4707200,-0.004415011037527695
2017-01-05,4.500000,4.660000,4.490000,4.650000,4.578851,2626100,0.03333333333333341
2017-01-06,4.650000,4.930000,4.620000,4.930000,4.854566,11006200,0.06021505376344072
2017-01-09,4.870000,4.870000,4.730000,4.750000,4.677321,3462900,-0.024640657084188933
2017-01-10,4.750000,4.820000,4.680000,4.740000,4.667473,3932000,-0.002105263157894692
2017-01-11,4.740000,4.770000,4.700000,4.720000,4.647779,2145700,-0.00421940928270052
2017-01-12,4.740000,4.820000,4.680000,4.690000,4.618239,6646500,-0.010548523206751016
2017-01-13,4.700000,4.770000,4.700000,4.720000,4.647779,7237100,0.004255319148936079
2017-01-16,4.710000,4.750000,4.690000,4.720000,4.647779,2372800,0.0021231422505307404
2017-01-17,4.720000,4.720000,4.640000,4.640000,4.569004,2113600,-0.0169491525423729
2017-01-18,4.650000,4.730000,4.640000,4.660000,4.588697,1930000,0.002150537634408556
2017-01-19,4.680000,4.710000,4.640000,4.640000,4.569004,3078400,-0.008547008547008555
2017-01-20,4.640000,4.680000,4.630000,4.660000,4.588697,1829600,0.004310344827586307
2017-01-23,4.680000,4.750000,4.650000,4.720000,4.647779,4892800,0.008547008547008555
2017-01-24,4.740000,4.880000,4.740000,4.840000,4.765944,8887000,0.021097046413502032
2017-01-25,4.850000,4.960000,4.840000,4.910000,4.834872,11337600,0.01237113402061866
2017-01-26,4.910000,5.000000,4.910000,4.990000,4.913648,6137400,0.01629327902240327
2017-01-27,4.980000,5.000000,4.780000,4.840000,4.765944,2309800,-0.028112449799196897
2017-01-31,4.850000,4.870000,4.730000,4.730000,4.657627,6301200,-0.024742268041236953
2017-02-02,4.700000,4.850000,4.700000,4.800000,4.726556,20003500,0.021276595744680774
2017-02-03,4.810000,4.970000,4.810000,4.950000,4.874260,8511400,0.029106029106029226
2017-02-06,4.950000,5.100000,4.950000,5.080000,5.002272,9853500,0.02626262626262624
2017-02-07,5.070000,5.100000,5.030000,5.070000,4.992424,7331100,0.0
2017-02-08,5.030000,5.090000,5.010000,5.010000,4.933343,8420700,-0.003976143141153173
2017-02-10,5.050000,5.080000,5.010000,5.010000,4.933343,7878500,-0.007920792079207928
2017-02-13,5.010000,5.090000,5.000000,5.050000,4.972731,10829300,0.007984031936127753
2017-02-14,5.070000,5.070000,5.010000,5.030000,4.953037,8617300,-0.00788954635108482
2017-02-15,5.040000,5.070000,5.000000,5.000000,4.923495,10745100,-0.007936507936507943
2017-02-16,5.010000,5.030000,4.980000,4.980000,4.903801,20640100,-0.005988023952095681
2017-02-17,4.950000,4.980000,4.830000,4.830000,4.756097,14811900,-0.024242424242424263
2017-02-20,4.830000,4.860000,4.830000,4.830000,4.756097,5809200,0.0
2017-02-21,4.840000,4.880000,4.820000,4.850000,4.775790,7380400,0.0020661157024792947
2017-02-22,4.870000,4.870000,4.800000,4.800000,4.726556,8064700,-0.01437371663244359
2017-02-23,4.800000,4.810000,4.470000,4.530000,4.460687,18927100,-0.05624999999999991
2017-02-24,4.500000,4.580000,4.240000,4.290000,4.224359,19015500,-0.04666666666666666
2017-02-27,4.320000,4.420000,4.320000,4.360000,4.293288,14314000,0.009259259259259267
2017-02-28,4.380000,4.450000,4.350000,4.430000,4.362217,16343200,0.01141552511415521
2017-03-01,4.440000,4.600000,4.430000,4.550000,4.480381,12855800,0.024774774774774643
2017-03-02,4.570000,4.690000,4.570000,4.670000,4.598545,6767700,0.02188183807439817
2017-03-03,4.660000,4.660000,4.580000,4.620000,4.549310,6489200,-0.00858369098712447
2017-03-06,4.620000,4.710000,4.600000,4.700000,4.628086,6547300,0.01731601731601733
2017-03-07,4.680000,4.720000,4.620000,4.710000,4.637933,4740300,0.006410256410256464
2017-03-08,4.730000,4.730000,4.660000,4.720000,4.647779,3454600,-0.0021141649048627216
2017-03-09,4.700000,4.720000,4.570000,4.650000,4.578851,5253700,-0.010638297872340387
2017-03-10,4.670000,4.730000,4.600000,4.730000,4.657627,4376000,0.012847965738758137
2017-03-13,4.700000,4.730000,4.670000,4.720000,4.647779,3191200,0.004255319148936079
2017-03-14,4.670000,4.740000,4.650000,4.670000,4.598545,6602200,0.0
2017-03-15,4.650000,4.700000,4.630000,4.670000,4.598545,2563900,0.004301075268817112
2017-03-16,4.720000,4.820000,4.670000,4.810000,4.736403,12082600,0.01906779661016946
2017-03-17,4.830000,4.970000,4.780000,4.970000,4.893955,19343100,0.028985507246376746
2017-03-20,4.970000,5.160000,4.970000,5.080000,5.002272,17312300,0.02213279678068417
2017-03-21,5.080000,5.130000,5.030000,5.070000,4.992424,13348500,-0.001968503937007832
2017-03-22,5.010000,5.070000,4.960000,5.060000,4.982577,9861600,0.009980039920159646
2017-03-23,5.050000,5.090000,5.000000,5.000000,4.923495,10559000,-0.009900990099009866
2017-03-24,4.980000,5.000000,4.920000,4.960000,4.884108,6581400,-0.004016064257028205
2017-03-27,4.960000,5.010000,4.910000,4.980000,4.903801,5017200,0.004032258064516223
2017-03-28,5.030000,5.080000,4.990000,5.050000,4.972731,13376200,0.003976143141152997
2017-03-29,5.050000,5.130000,5.050000,5.130000,5.051507,21828200,0.015841584158415856
2017-03-30,5.130000,5.200000,5.110000,5.150000,5.071200,11789200,0.003898635477582936
2017-03-31,5.080000,5.100000,5.030000,5.060000,4.982577,6032600,-0.003937007874015839
2017-04-03,5.080000,5.080000,4.970000,4.970000,4.893955,6280800,-0.021653543307086676
2017-04-04,4.970000,5.020000,4.970000,5.000000,4.923495,5232400,0.006036217303822988
2017-04-05,4.980000,5.060000,4.970000,5.050000,4.972731,1212800,0.014056224899598272
2017-04-06,5.060000,5.060000,4.970000,4.990000,4.913648,5507200,-0.013833992094861542
2017-04-07,5.000000,5.040000,4.970000,5.040000,4.962883,5511500,0.008000000000000007
2017-04-10,4.990000,5.100000,4.990000,5.100000,5.021966,4288000,0.022044088176352592
2017-04-11,5.050000,5.100000,5.030000,5.080000,5.002272,3516100,0.00594059405940599
2017-04-12,5.030000,5.190000,5.030000,5.190000,5.110588,4126600,0.03180914512922468
2017-04-13,5.150000,5.150000,5.090000,5.130000,5.051507,3603500,-0.0038834951456311576
2017-04-14,5.090000,5.100000,5.060000,5.060000,4.982577,3301800,-0.005893909626719106
2017-04-17,5.060000,5.090000,5.020000,5.080000,5.002272,3382600,0.003952569169960566
2017-04-18,5.090000,5.100000,5.040000,5.090000,5.012119,3925500,0.0
2017-04-19,5.050000,5.060000,5.010000,5.050000,4.972731,2170100,0.0
2017-04-20,5.080000,5.080000,5.040000,5.070000,4.992424,762900,-0.001968503937007832
2017-04-21,5.070000,5.070000,5.020000,5.060000,4.982577,3037600,-0.0019723865877713364
2017-04-24,5.040000,5.040000,5.040000,5.040000,4.962883,0,0.0
2017-04-25,5.070000,5.140000,5.060000,5.140000,5.061353,11247400,0.013806706114398302
2017-04-26,5.120000,5.140000,5.110000,5.140000,5.061353,3907200,0.0039062499999999167
2017-04-27,5.130000,5.160000,5.130000,5.160000,5.081048,8050500,0.005847953216374317
2017-04-28,5.170000,5.170000,5.130000,5.150000,5.071200,8550600,-0.003868471953578254
2017-05-02,5.150000,5.200000,5.150000,5.170000,5.090895,5962900,0.003883495145630985
2017-05-03,5.170000,5.220000,5.170000,5.210000,5.130282,3103800,0.00773694390715668
2017-05-04,5.210000,5.210000,5.110000,5.130000,5.051507,4987600,-0.015355086372360858
2017-05-05,5.130000,5.200000,5.120000,5.200000,5.120435,2432300,0.013645224171540018
2017-05-08,5.190000,5.220000,5.190000,5.220000,5.140129,1586600,0.005780346820809125
2017-05-09,5.220000,5.260000,5.220000,5.250000,5.169670,4345200,0.005747126436781657
2017-05-11,5.280000,5.350000,5.250000,5.310000,5.228752,7212800,0.0056818181818180605
2017-05-12,5.310000,5.350000,5.290000,5.330000,5.248446,4084600,0.0037664783427496166
2017-05-15,5.330000,5.370000,5.260000,5.350000,5.268140,2299300,0.0037523452157597697
2017-05-16,5.370000,5.370000,5.350000,5.360000,5.277987,3790100,-0.0018621973929236102
2017-05-17,5.360000,5.400000,5.310000,5.400000,5.317375,2754500,0.007462686567164185
2017-05-18,5.350000,5.350000,5.210000,5.230000,5.149977,7053600,-0.02242990654205593
2017-05-19,5.280000,5.280000,5.210000,5.240000,5.159823,1931500,-0.007575757575757582
2017-05-22,5.290000,5.290000,5.210000,5.240000,5.159823,3094500,-0.009451795841209797
2017-05-23,5.260000,5.290000,5.190000,5.200000,5.120435,1763400,-0.011406844106463804
2017-05-24,5.200000,5.240000,5.190000,5.210000,5.130282,2731600,0.001923076923076882
2017-05-25,5.210000,5.220000,4.930000,4.980000,4.903801,8695900,-0.04414587332053734
2017-05-26,4.980000,5.070000,4.980000,5.020000,4.943190,5979000,0.008032128514056052
2017-05-29,5.020000,5.120000,5.010000,5.080000,5.002272,2702400,0.011952191235059861
2017-05-31,5.100000,5.130000,5.050000,5.080000,5.002272,9128400,-0.003921568627450897
2017-06-01,5.020000,5.070000,4.830000,4.850000,4.775790,8552900,-0.03386454183266931
2017-06-02,4.870000,4.950000,4.830000,4.940000,4.864414,6009900,0.01437371663244359
2017-06-05,4.940000,5.000000,4.940000,4.990000,4.913648,5568000,0.010121457489878506
2017-06-06,4.990000,5.020000,4.900000,5.000000,4.923495,3392200,0.0020040080160320215
2017-06-07,4.930000,5.050000,4.930000,5.020000,4.943190,1588900,0.01825557809330626
2017-06-08,5.000000,5.030000,4.990000,5.000000,4.953095,4566700,0.0
2017-06-09,4.950000,5.000000,4.950000,4.970000,4.923377,3601700,0.0040404040404039545
2017-06-13,4.980000,5.000000,4.960000,4.980000,4.933283,5044400,0.0
2017-06-14,4.950000,5.050000,4.930000,4.980000,4.933283,5130900,0.006060606060606111
2017-06-15,4.980000,5.000000,4.930000,4.970000,4.923377,4112600,-0.0020080321285141918
2017-06-16,4.980000,5.030000,4.940000,4.990000,4.943189,9011200,0.002008032128514013
2017-06-19,4.990000,5.070000,4.990000,5.070000,5.022439,4816800,0.016032064128256526
2017-06-20,5.070000,5.100000,5.000000,5.020000,4.972908,4224500,-0.009861932938856155
2017-06-21,5.000000,5.030000,4.940000,4.980000,4.933283,5500500,-0.003999999999999915
2017-06-22,4.950000,4.980000,4.920000,4.940000,4.893659,3416400,-0.0020202020202019773
2017-06-23,4.960000,4.970000,4.890000,4.940000,4.893659,4217800,-0.004032258064516043
2017-06-26,4.910000,4.910000,4.910000,4.910000,4.863940,0,0.0
2017-06-27,4.910000,4.910000,4.910000,4.910000,4.863940,0,0.0
2017-06-28,4.910000,4.990000,4.860000,4.910000,4.863940,5298900,0.0
2017-06-29,4.900000,4.950000,4.880000,4.880000,4.834221,4653900,-0.0040816326530613185
2017-06-30,4.870000,4.890000,4.800000,4.830000,4.784690,8128300,-0.008213552361396311
2017-07-03,4.830000,4.850000,4.740000,4.800000,4.754972,3164500,-0.006211180124223654
2017-07-04,4.800000,4.810000,4.750000,4.770000,4.725253,4660700,-0.006250000000000052
2017-07-05,4.770000,4.790000,4.730000,4.760000,4.715347,3890200,-0.002096436058700165
2017-07-06,4.760000,4.790000,4.740000,4.790000,4.745066,1941700,0.0063025210084034135
2017-07-07,4.800000,4.800000,4.690000,4.700000,4.655910,4259200,-0.02083333333333326
2017-07-10,4.690000,4.710000,4.660000,4.690000,4.646004,5433200,0.0
2017-07-11,4.690000,4.770000,4.620000,4.640000,4.596473,5545700,-0.010660980810234692
2017-07-12,4.640000,4.870000,4.600000,4.870000,4.824315,3766400,0.04956896551724147
2017-07-13,4.780000,4.800000,4.630000,4.630000,4.586566,7941000,-0.03138075313807539
2017-07-14,4.640000,4.640000,4.540000,4.600000,4.556848,6393500,-0.008620689655172422
2017-07-17,4.610000,4.650000,4.590000,4.640000,4.596473,5305600,0.006507592190889232
2017-07-18,4.650000,4.660000,4.620000,4.650000,4.606379,1483400,0.0
2017-07-19,4.640000,4.690000,4.630000,4.680000,4.636097,2897200,0.008620689655172422
2017-07-20,4.690000,4.760000,4.670000,4.730000,4.685628,3945800,0.00852878464818764
2017-07-21,4.730000,4.760000,4.680000,4.720000,4.675722,7118400,-0.0021141649048627216
2017-07-24,4.720000,4.750000,4.660000,4.690000,4.646004,3375200,-0.006355932203389696
2017-07-25,4.700000,4.710000,4.650000,4.710000,4.665816,1312100,0.0021276595744680396
2017-07-26,4.700000,4.700000,4.670000,4.690000,4.646004,1274500,-0.0021276595744680396
2017-07-27,4.680000,4.700000,4.660000,4.690000,4.646004,783200,0.002136752136752281
2017-07-28,4.680000,4.680000,4.600000,4.630000,4.586566,3744700,-0.010683760683760646
2017-07-31,4.630000,4.640000,4.600000,4.630000,4.586566,4402800,0.0
2017-08-01,4.650000,4.670000,4.630000,4.660000,4.616285,1997000,0.002150537634408556
2017-08-02,4.690000,4.730000,4.660000,4.690000,4.646004,2664100,0.0
2017-08-03,4.700000,4.800000,4.700000,4.800000,4.754972,3693100,0.021276595744680774
2017-08-04,4.790000,4.810000,4.740000,4.790000,4.745066,3151600,0.0
2017-08-07,4.800000,4.840000,4.790000,4.830000,4.784690,13145000,0.006250000000000052
2017-08-08,4.830000,4.870000,4.810000,4.860000,4.814409,2194800,0.006211180124223654
2017-08-09,4.800000,4.880000,4.800000,4.870000,4.824315,1075600,0.014583333333333393
2017-08-10,4.900000,4.900000,4.820000,4.870000,4.824315,3831400,-0.006122448979591887
2017-08-11,4.800000,4.850000,4.790000,4.800000,4.754972,2694700,0.0
2017-08-14,4.800000,4.820000,4.780000,4.810000,4.764878,2130000,0.002083333333333289
2017-08-15,4.800000,4.830000,4.800000,4.830000,4.784690,3881500,0.006250000000000052
2017-08-16,4.830000,4.850000,4.820000,4.840000,4.794597,3168000,0.0020703933747411567
2017-08-17,4.840000,4.850000,4.820000,4.850000,4.804502,2948000,0.0020661157024792947
2017-08-18,4.820000,4.840000,4.810000,4.840000,4.794597,2830100,0.004149377593360907
2017-08-21,4.850000,4.880000,4.830000,4.850000,4.804502,4375900,0.0
2017-08-22,4.830000,4.870000,4.830000,4.850000,4.804502,2874700,0.0041407867494823135
2017-08-23,4.820000,4.880000,4.820000,4.870000,4.824315,1718300,0.010373443983402453
2017-08-24,4.880000,4.900000,4.860000,4.890000,4.844127,2954600,0.0020491803278688088
2017-08-25,4.890000,4.920000,4.880000,4.900000,4.854034,1832800,0.002044989775051263
2017-08-28,4.890000,4.920000,4.860000,4.900000,4.854034,1306400,0.002044989775051263
2017-08-29,4.800000,4.880000,4.780000,4.850000,4.804502,3365300,0.01041666666666663
2017-08-30,4.900000,4.930000,4.820000,4.930000,4.883752,5052400,0.0061224489795917054
2017-08-31,4.930000,4.930000,4.930000,4.930000,4.883752,0,0.0
2017-09-01,4.930000,4.930000,4.930000,4.930000,4.883752,0,0.0
2017-09-05,5.070000,5.160000,4.990000,5.050000,5.002627,17870100,-0.003944773175542498
2017-09-06,5.050000,5.060000,4.960000,4.990000,4.943189,6855300,-0.011881188118811805
2017-09-07,5.000000,5.090000,5.000000,5.090000,5.042252,12596900,0.01799999999999997
2017-09-08,5.080000,5.100000,5.050000,5.090000,5.042252,4091700,0.001968503937007832
2017-09-11,5.090000,5.150000,5.080000,5.120000,5.071970,10826200,0.005893909626719106
2017-09-12,5.100000,5.150000,5.090000,5.130000,5.081876,7622900,0.00588235294117652
2017-09-13,5.130000,5.170000,5.100000,5.100000,5.052157,5237600,-0.005847953216374317
2017-09-14,5.100000,5.140000,5.070000,5.090000,5.042252,7508600,-0.0019607843137254485
2017-09-15,5.150000,5.160000,5.020000,5.090000,5.042252,12930500,-0.0116504854368933
2017-09-18,5.090000,5.110000,5.040000,5.050000,5.002627,4267400,-0.007858546168958749
2017-09-19,5.110000,5.130000,5.040000,5.060000,5.012533,7081700,-0.00978473581213321
2017-09-20,5.080000,5.090000,5.010000,5.030000,4.982814,4673500,-0.009842519685039335
2017-09-21,5.030000,5.090000,5.030000,5.080000,5.032345,4311200,0.009940357852882668
2017-09-22,5.080000,5.080000,5.080000,5.080000,5.032345,0,0.0
2017-09-25,5.070000,5.150000,5.040000,5.120000,5.071970,8397300,0.00986193293885598
2017-09-26,5.130000,5.150000,5.090000,5.140000,5.091782,4118200,0.0019493177387913815
2017-09-27,5.130000,5.190000,5.120000,5.180000,5.131407,11074600,0.00974658869395708
2017-09-28,5.190000,5.230000,5.140000,5.210000,5.161126,12152400,0.0038535645472060833
2017-09-29,5.220000,5.260000,5.200000,5.240000,5.190844,9728000,0.0038314176245211615
2017-10-02,5.250000,5.260000,5.220000,5.250000,5.200750,5539400,0.0
2017-10-03,5.250000,5.280000,5.240000,5.280000,5.230469,6199800,0.005714285714285762
2017-10-04,5.270000,5.320000,5.270000,5.300000,5.250281,6321700,0.005692599620493406
2017-10-05,5.320000,5.320000,5.270000,5.300000,5.250281,6918500,-0.003759398496240688
2017-10-06,5.330000,5.330000,5.270000,5.320000,5.270094,7929800,-0.0018761726078798848
2017-10-09,5.300000,5.340000,5.260000,5.330000,5.280000,8570000,0.005660377358490613
2017-10-10,5.260000,5.320000,5.220000,5.320000,5.320000,2356100,0.011406844106463974
2017-10-11,5.270000,5.310000,5.250000,5.290000,5.290000,11147000,0.003795066413662327
2017-10-12,5.290000,5.330000,5.210000,5.330000,5.330000,6965200,0.00756143667296787
2017-10-13,5.330000,5.330000,5.240000,5.270000,5.270000,7189100,-0.011257035647279643
2017-10-16,5.240000,5.260000,5.120000,5.160000,5.160000,6932700,-0.015267175572519097
2017-10-17,5.100000,5.250000,5.100000,5.180000,5.180000,7190100,0.015686274509803935
2017-10-18,5.180000,5.180000,5.180000,5.180000,5.180000,0,0.0
2017-10-19,5.140000,5.200000,5.090000,5.180000,5.180000,6543600,0.007782101167315182
2017-10-20,5.170000,5.170000,5.130000,5.160000,5.160000,2008700,-0.001934235976789127
2017-10-23,5.160000,5.230000,5.150000,5.220000,5.220000,1660500,0.01162790697674411
2017-10-24,5.150000,5.240000,5.150000,5.230000,5.230000,2506200,0.015533980582524285
2017-10-25,5.230000,5.250000,5.170000,5.240000,5.240000,6033000,0.0019120458891012976
2017-10-26,5.240000,5.280000,5.240000,5.270000,5.270000,3797400,0.005725190839694534
2017-10-27,5.250000,5.350000,5.250000,5.340000,5.340000,7620100,0.017142857142857116
2017-10-30,5.340000,5.350000,5.270000,5.340000,5.340000,4689200,0.0
2017-10-31,5.340000,5.400000,5.340000,5.390000,5.390000,16739900,0.00936329588014978
2017-11-01,5.380000,5.400000,5.370000,5.400000,5.400000,6640500,0.003717472118959194
2017-11-02,5.400000,5.420000,5.390000,5.410000,5.410000,4022200,0.0018518518518518122
2017-11-03,5.440000,5.440000,5.400000,5.430000,5.430000,6772100,-0.001838235294117771
2017-11-06,5.430000,5.450000,5.390000,5.440000,5.440000,3988400,0.0018416206261511372
2017-11-07,5.440000,5.450000,5.410000,5.440000,5.440000,3033100,0.0
2017-11-08,5.440000,5.460000,5.430000,5.450000,5.450000,5496300,0.0018382352941176078
2017-11-09,5.440000,5.470000,5.430000,5.440000,5.440000,5049800,0.0
2017-11-10,5.440000,5.440000,5.330000,5.340000,5.340000,3966600,-0.01838235294117657
2017-11-13,5.310000,5.370000,5.310000,5.340000,5.340000,7350000,0.005649717514124341
2017-11-14,5.340000,5.380000,5.330000,5.350000,5.350000,4342900,0.0018726591760299227
2017-11-15,5.380000,5.380000,5.320000,5.320000,5.320000,5892200,-0.011152416356877252
2017-11-16,5.310000,5.330000,5.180000,5.180000,5.180000,9229400,-0.02448210922787192
2017-11-17,5.180000,5.310000,5.180000,5.280000,5.280000,3335300,0.01930501930501941
2017-11-20,5.260000,5.340000,5.240000,5.290000,5.290000,5877900,0.005703422053231987
2017-11-21,5.280000,5.310000,5.280000,5.290000,5.290000,6056900,0.0018939393939393534
2017-11-22,5.290000,5.300000,5.280000,5.290000,5.290000,7141600,0.0
2017-11-23,5.300000,5.320000,5.250000,5.300000,5.300000,7413000,0.0
2017-11-24,5.300000,5.330000,5.280000,5.310000,5.310000,1579000,0.0018867924528301486
2017-11-27,5.320000,5.340000,5.270000,5.310000,5.310000,2727700,-0.0018796992481204275
2017-11-28,5.310000,5.340000,5.290000,5.300000,5.300000,5962800,-0.0018832391713747246
2017-11-29,5.340000,5.340000,5.300000,5.320000,5.320000,5131700,-0.0037453183520598453
2017-11-30,5.350000,5.350000,5.310000,5.330000,5.330000,10154900,-0.003738317757009266
2017-12-01,5.330000,5.330000,5.330000,5.330000,5.330000,0,0.0
2017-12-04,5.330000,5.350000,5.320000,5.340000,5.340000,3131400,0.0018761726078798848
2017-12-05,5.250000,5.400000,5.250000,5.360000,5.360000,6488400,0.020952380952381014
2017-12-06,5.360000,5.370000,5.310000,5.370000,5.370000,4467400,0.0018656716417910048
2017-12-07,5.380000,5.380000,5.340000,5.340000,5.340000,4464900,-0.007434944237918222
2017-12-08,5.340000,5.360000,5.340000,5.360000,5.360000,2365000,0.003745318352060012
2017-12-11,5.370000,5.370000,5.330000,5.360000,5.360000,3933400,-0.0018621973929236102
2017-12-12,5.370000,5.370000,5.310000,5.370000,5.370000,4013600,0.0
2017-12-13,5.360000,5.380000,5.300000,5.330000,5.330000,5737100,-0.00559701492537318
2017-12-14,5.350000,5.370000,5.330000,5.360000,5.360000,5823700,0.0018691588785047992
2017-12-15,5.360000,5.380000,5.320000,5.320000,5.320000,9727600,-0.007462686567164185
2017-12-18,5.340000,5.360000,5.290000,5.350000,5.350000,6270200,0.0018726591760299227
2017-12-19,5.300000,5.360000,5.300000,5.350000,5.350000,6913800,0.00943396226415091
2017-12-20,5.350000,5.380000,5.350000,5.370000,5.370000,4086000,0.0037383177570094323
2017-12-21,5.380000,5.400000,5.360000,5.370000,5.370000,3422500,-0.0018587360594795144
2017-12-22,5.370000,5.400000,5.350000,5.390000,5.390000,3088300,0.0037243947858472204
2017-12-25,5.390000,5.390000,5.390000,5.390000,5.390000,0,0.0
2017-12-26,5.390000,5.400000,5.370000,5.380000,5.380000,3712800,-0.0018552875695732444
2017-12-27,5.380000,5.390000,5.370000,5.380000,5.380000,3225600,0.0
2017-12-28,5.380000,5.420000,5.380000,5.400000,5.400000,5026300,0.003717472118959194
2017-12-29,5.400000,5.490000,5.390000,5.490000,5.490000,9853900,0.01666666666666664
2018-01-02,5.460000,5.480000,5.370000,5.390000,5.390000,5779300,-0.012820512820512872
2018-01-03,5.410000,5.420000,5.390000,5.420000,5.420000,6602300,0.0018484288354897942
2018-01-04,5.440000,5.460000,5.410000,5.460000,5.460000,5295000,0.0036764705882352156
2018-01-05,5.480000,5.820000,5.480000,5.690000,5.690000,12373400,0.03832116788321167
2018-01-08,5.700000,5.700000,5.540000,5.680000,5.680000,10156000,-0.003508771929824642
2018-01-09,5.680000,5.680000,5.590000,5.630000,5.630000,7848700,-0.00880281690140842
2018-01-10,5.630000,5.670000,5.580000,5.620000,5.620000,5254200,-0.0017761989342806016
2018-01-11,5.600000,5.610000,5.540000,5.570000,5.570000,11873800,-0.005357142857142744
2018-01-12,5.650000,5.650000,5.510000,5.550000,5.550000,4743600,-0.01769911504424788
2018-01-15,5.570000,5.570000,5.520000,5.550000,5.550000,6619900,-0.0035906642728905673
2018-01-16,5.540000,5.600000,5.500000,5.550000,5.550000,6789100,0.0018050541516245102
2018-01-17,5.510000,5.550000,5.470000,5.550000,5.550000,5694900,0.007259528130671513
2018-01-18,5.550000,5.580000,5.540000,5.550000,5.550000,6804700,0.0
2018-01-19,5.560000,5.560000,5.530000,5.550000,5.550000,6641600,-0.0017985611510790984
2018-01-22,5.570000,5.570000,5.540000,5.560000,5.560000,4816400,-0.0017953321364453634
2018-01-23,5.550000,5.630000,5.550000,5.590000,5.590000,8693700,0.007207207207207214
2018-01-24,5.560000,5.580000,5.550000,5.560000,5.560000,4423100,0.0
2018-01-25,5.560000,5.620000,5.540000,5.610000,5.610000,6611700,0.008992805755395811
2018-01-26,5.590000,5.620000,5.590000,5.620000,5.620000,2813400,0.0053667262969589
2018-01-29,5.630000,5.700000,5.630000,5.680000,5.680000,6553200,0.008880994671403165
2018-01-30,5.680000,5.700000,5.630000,5.690000,5.690000,6545300,0.001760563380281809
2018-02-02,5.650000,5.700000,5.630000,5.700000,5.700000,7120400,0.008849557522123862
2018-02-05,5.570000,5.660000,5.560000,5.620000,5.620000,8731600,0.00897666068222618
2018-02-06,5.450000,5.460000,5.370000,5.370000,5.370000,19008900,-0.01467889908256882
2018-02-07,5.430000,5.450000,5.400000,5.400000,5.400000,19125700,-0.005524861878452921
2018-02-08,5.400000,5.550000,5.400000,5.480000,5.480000,6189400,0.014814814814814828
2018-02-09,5.380000,5.450000,5.360000,5.420000,5.420000,7987900,0.007434944237918222
2018-02-12,5.450000,5.600000,5.450000,5.580000,5.580000,6418300,0.023853211009174292
2018-02-13,5.590000,5.620000,5.580000,5.610000,5.610000,9591100,0.0035778175313059862
2018-02-14,5.600000,5.610000,5.580000,5.600000,5.600000,4037300,0.0
2018-02-15,5.610000,5.610000,5.590000,5.600000,5.600000,1453800,-0.0017825311942960204
2018-02-19,5.600000,5.770000,5.600000,5.640000,5.640000,3149900,0.00714285714285715
2018-02-20,5.590000,5.670000,5.590000,5.670000,5.670000,3661800,0.014311270125223626
2018-02-21,5.630000,5.690000,5.630000,5.680000,5.680000,5896800,0.008880994671403165
2018-02-22,5.630000,5.690000,5.630000,5.670000,5.670000,6575300,0.007104795737122564
2018-02-23,5.670000,5.670000,5.640000,5.650000,5.650000,7860800,-0.0035273368606701188
2018-02-26,5.660000,5.660000,5.570000,5.590000,5.590000,3581000,-0.012367491166077788
2018-02-27,5.600000,5.600000,5.290000,5.460000,5.460000,14234700,-0.024999999999999946
2018-02-28,5.480000,5.540000,5.400000,5.400000,5.400000,8750600,-0.014598540145985413
2018-03-01,5.390000,5.460000,5.370000,5.420000,5.420000,7746300,0.005565862708719898
2018-03-02,5.400000,5.440000,5.330000,5.330000,5.330000,8407300,-0.012962962962963015
2018-03-05,5.310000,5.410000,5.310000,5.370000,5.370000,4504900,0.011299435028248681
2018-03-06,5.370000,5.410000,5.370000,5.400000,5.400000,5648500,0.005586592178770996
2018-03-07,5.400000,5.440000,5.400000,5.410000,5.410000,4710700,0.0018518518518518122
2018-03-08,5.410000,5.440000,5.410000,5.430000,5.430000,2419200,0.0036968576709795883
2018-03-09,5.400000,5.430000,5.400000,5.430000,5.430000,3122100,0.005555555555555437
2018-03-12,5.450000,5.480000,5.440000,5.450000,5.450000,5652900,0.0
2018-03-13,5.460000,5.480000,5.400000,5.450000,5.450000,3460900,-0.0018315018315017925
2018-03-14,5.450000,5.460000,5.390000,5.400000,5.400000,2407000,-0.009174311926605472
2018-03-15,5.410000,5.460000,5.200000,5.200000,5.200000,4617200,-0.0388170055452865
2018-03-16,5.250000,5.410000,5.220000,5.320000,5.320000,14455900,0.013333333333333388
2018-03-19,5.290000,5.370000,5.290000,5.350000,5.350000,4044900,0.011342155009451722
2018-03-20,5.290000,5.520000,5.290000,5.490000,5.490000,5856500,0.037807183364839354
2018-03-21,5.530000,5.530000,5.440000,5.490000,5.490000,8183700,-0.007233273056057872
2018-03-22,5.490000,5.500000,5.460000,5.500000,5.500000,3402000,0.0018214936247722745
2018-03-23,5.440000,5.490000,5.380000,5.430000,5.430000,1767700,-0.001838235294117771
2018-03-26,5.310000,5.460000,5.310000,5.460000,5.460000,1491700,0.028248587570621538
2018-03-27,5.440000,5.480000,5.440000,5.470000,5.470000,3944700,0.005514705882352824
2018-03-28,5.470000,5.500000,5.450000,5.480000,5.480000,2344500,0.0018281535648995751
2018-03-29,5.480000,5.480000,5.350000,5.460000,5.460000,1937500,-0.0036496350364964344
2018-03-30,5.500000,5.500000,5.360000,5.450000,5.450000,1434000,-0.00909090909090906
2018-04-02,5.360000,5.430000,5.350000,5.380000,5.380000,1166600,0.0037313432835820097
2018-04-03,5.250000,5.390000,5.250000,5.380000,5.380000,746000,0.024761904761904742
2018-04-04,5.380000,5.380000,5.210000,5.260000,5.260000,2430800,-0.022304832713754667
2018-04-05,5.260000,5.350000,5.180000,5.250000,5.250000,1014600,-0.001901140684410606
2018-04-06,5.250000,5.300000,5.160000,5.260000,5.260000,626500,0.0019047619047618642
2018-04-09,5.180000,5.270000,5.180000,5.260000,5.260000,3095300,0.015444015444015458
2018-04-10,5.270000,5.320000,5.240000,5.320000,5.320000,4228200,0.009487666034155733
2018-04-11,5.310000,5.320000,5.260000,5.310000,5.310000,873300,0.0
2018-04-12,5.440000,5.440000,5.300000,5.400000,5.400000,2326200,-0.007352941176470594
2018-04-13,5.320000,5.390000,5.320000,5.390000,5.390000,1607800,0.013157894736841992
2018-04-16,5.400000,5.430000,5.310000,5.430000,5.430000,2017300,0.005555555555555437
2018-04-17,5.370000,5.450000,5.340000,5.440000,5.440000,6911700,0.013035381750465602
2018-04-18,5.450000,5.450000,5.330000,5.380000,5.380000,1851200,-0.012844036697247757
2018-04-19,5.420000,5.450000,5.370000,5.450000,5.450000,3456300,0.005535055350553551
2018-04-20,5.450000,5.460000,5.420000,5.450000,5.450000,7507700,0.0
2018-04-23,5.470000,5.470000,5.350000,5.450000,5.450000,3256000,-0.0036563071297988255
2018-04-24,5.440000,5.440000,5.280000,5.330000,5.330000,1143100,-0.020220588235294174
2018-04-25,5.240000,5.320000,5.220000,5.300000,5.300000,2284600,0.011450381679389238
2018-04-26,5.340000,5.350000,5.080000,5.160000,5.160000,5881300,-0.033707865168539276
2018-04-27,5.160000,5.310000,5.060000,5.300000,5.300000,2749900,0.02713178294573637
2018-04-30,5.210000,5.350000,5.210000,5.300000,5.300000,4446100,0.017274472168905923
2018-05-02,5.240000,5.310000,5.120000,5.180000,5.180000,4735800,-0.011450381679389407
2018-05-03,5.130000,5.210000,5.130000,5.190000,5.190000,2250500,0.011695906432748635
2018-05-04,5.150000,5.200000,5.100000,5.150000,5.150000,3407800,0.0
2018-05-07,5.120000,5.130000,5.050000,5.110000,5.110000,2293100,-0.0019531249999999584
2018-09-07,4.500000,4.540000,4.470000,4.530000,4.530000,2442000,0.006666666666666722
