2014-01-02,7.560000,7.710000,7.560000,7.620000,6.726766,6328500,0.007936507936508002
2014-01-03,7.510000,7.620000,7.510000,7.580000,6.691455,4593000,0.009320905459387522
2014-01-06,7.510000,7.540000,7.410000,7.410000,6.541383,4838700,-0.013315579227696358
2014-01-07,7.410000,7.420000,7.350000,7.350000,6.488415,4165600,-0.008097165991902902
2014-01-08,7.370000,7.440000,7.320000,7.360000,6.497244,6905800,-0.001356852103120731
2014-01-09,7.370000,7.380000,7.280000,7.300000,6.444278,5722600,-0.009497964721845357
2014-01-10,7.290000,7.300000,7.220000,7.250000,6.400138,10070200,-0.005486968449931418
2014-01-13,7.250000,7.250000,7.250000,7.250000,6.400138,0,0.0
2014-01-15,7.180000,7.200000,6.950000,7.090000,6.258894,20325900,-0.012534818941504159
2014-01-16,7.130000,7.140000,7.090000,7.110000,6.276549,15721100,-0.0028050490883589864
2014-01-20,7.100000,7.120000,7.050000,7.090000,6.258894,12475900,-0.0014084507042253223
2014-01-21,7.090000,7.150000,7.090000,7.120000,6.285377,13707500,0.00423131170662909
2014-01-22,7.090000,7.150000,7.000000,7.020000,6.197099,20538800,-0.009873060648801169
2014-01-23,7.010000,7.010000,6.780000,6.900000,6.091166,38071100,-0.015691868758915754
2014-01-24,6.800000,6.940000,6.800000,6.900000,6.091166,25075700,0.014705882352941256
2014-01-27,6.840000,6.910000,6.800000,6.910000,6.099994,32215900,0.010233918128655012
2014-01-28,6.870000,6.910000,6.820000,6.840000,6.038199,18369600,-0.004366812227074272
2014-01-29,6.850000,6.950000,6.830000,6.910000,6.099994,11688600,0.008759124087591314
2014-01-30,6.900000,6.920000,6.850000,6.920000,6.108822,10600300,0.002898550724637619
2014-02-03,6.920000,6.920000,6.920000,6.920000,6.108822,0,0.0
2014-02-04,6.880000,6.880000,6.670000,6.850000,6.047027,18133900,-0.004360465116279106
2014-02-05,6.850000,6.920000,6.850000,6.900000,6.091166,10757100,0.007299270072992805
2014-02-06,6.900000,6.940000,6.890000,6.920000,6.108822,12625300,0.002898550724637619
2014-02-07,6.960000,7.020000,6.930000,7.010000,6.188272,13075000,0.007183908045976986
2014-02-10,7.040000,7.170000,7.020000,7.150000,6.311860,13400200,0.015625000000000045
2014-02-11,7.180000,7.250000,7.170000,7.230000,6.382483,13701600,0.006963788300835754
2014-02-12,7.220000,7.250000,7.160000,7.190000,6.347171,7448200,-0.004155124653739524
2014-02-13,7.160000,7.160000,7.020000,7.090000,6.258894,5077000,-0.009776536312849202
2014-02-14,7.090000,7.110000,7.080000,7.090000,6.258894,5142300,0.0
2014-02-17,7.110000,7.150000,7.090000,7.100000,6.267722,6433700,-0.0014064697609002354
2014-02-18,7.110000,7.120000,7.090000,7.100000,6.267722,1773200,-0.0014064697609002354
2014-02-19,7.100000,7.120000,7.080000,7.110000,6.276549,3718600,0.0014084507042254472
2014-02-20,7.110000,7.120000,7.080000,7.110000,6.276549,4313800,0.0
2014-02-21,7.100000,7.100000,7.060000,7.070000,6.241238,3590000,-0.004225352112675967
2014-02-24,7.090000,7.100000,7.070000,7.090000,6.258894,2323600,0.0
2014-02-25,7.090000,7.130000,7.080000,7.100000,6.267722,5413200,0.0014104372355429884
2014-02-26,7.110000,7.110000,6.900000,6.900000,6.091166,8094900,-0.029535864978902947
2014-02-27,7.050000,7.150000,7.040000,7.100000,6.267722,9854600,0.007092198581560258
2014-02-28,7.060000,7.170000,7.060000,7.160000,6.320689,10442400,0.014164305949008575
2014-03-03,7.150000,7.170000,7.060000,7.090000,6.258894,7819500,-0.008391608391608461
2014-03-04,7.100000,7.120000,6.980000,7.040000,6.214755,12742400,-0.008450704225352058
2014-03-05,7.090000,7.120000,7.070000,7.080000,6.250066,14635500,-0.0014104372355429884
2014-03-06,7.100000,7.110000,7.060000,7.090000,6.258894,11824300,-0.0014084507042253223
2014-03-07,7.060000,7.090000,7.050000,7.070000,6.241238,7588300,0.0014164305949009456
2014-03-10,7.050000,7.050000,7.010000,7.030000,6.205927,10100500,-0.002836879432624053
2014-03-11,7.060000,7.100000,7.040000,7.070000,6.241238,12321100,0.0014164305949009456
2014-03-12,7.050000,7.050000,7.000000,7.020000,6.197099,6337300,-0.004255319148936206
2014-03-13,7.040000,7.090000,6.990000,7.090000,6.258894,11848800,0.007102272727272702
2014-03-14,7.080000,7.080000,6.980000,7.010000,6.188272,10506900,-0.009887005649717555
2014-03-17,7.070000,7.070000,6.980000,7.000000,6.179444,6038100,-0.009900990099009941
2014-03-18,7.000000,7.050000,7.000000,7.050000,6.223583,11581700,0.0071428571428571175
2014-03-19,7.050000,7.080000,7.030000,7.070000,6.241238,8679700,0.002836879432624179
2014-03-20,7.070000,7.100000,7.040000,7.100000,6.267722,10384100,0.004243281471004153
2014-03-21,7.120000,7.170000,7.050000,7.080000,6.250066,14850700,-0.005617977528089893
2014-03-24,7.020000,7.150000,6.990000,6.990000,6.261981,7280400,-0.004273504273504183
2014-03-25,7.100000,7.150000,7.060000,7.150000,6.405316,9315300,0.007042253521126861
2014-03-26,7.100000,7.150000,7.100000,7.120000,6.378441,7632700,0.0028169014084507694
2014-03-27,7.090000,7.160000,7.090000,7.160000,6.414275,7959700,0.009873060648801169
2014-03-28,7.130000,7.180000,7.120000,7.170000,6.423234,10802000,0.005610098176718098
2014-03-31,7.170000,7.190000,7.050000,7.150000,6.405316,9635500,-0.0027894002789399684
2014-04-01,7.140000,7.160000,7.130000,7.160000,6.414275,11094900,0.0028011204481793364
2014-04-02,7.200000,7.230000,7.170000,7.210000,6.459068,11096100,0.0013888888888888592
2014-04-03,7.220000,7.260000,7.200000,7.250000,6.494901,12750100,0.004155124653739647
2014-04-04,7.240000,7.500000,7.240000,7.400000,6.629279,26335100,0.022099447513812175
2014-04-07,7.400000,7.500000,7.400000,7.500000,6.718864,18463400,0.013513513513513466
2014-04-08,7.470000,7.470000,7.390000,7.440000,6.665112,11059000,-0.004016064257028027
2014-04-09,7.440000,7.460000,7.420000,7.440000,6.665112,14045800,0.0
2014-04-10,7.440000,7.470000,7.430000,7.450000,6.674071,14180500,0.0013440860215053476
2014-04-11,7.410000,7.430000,7.380000,7.400000,6.629279,14585600,-0.00134952766531711
2014-04-14,7.360000,7.400000,7.360000,7.380000,6.611362,7349100,0.002717391304347768
2014-04-15,7.380000,7.400000,7.380000,7.400000,6.629279,6914000,0.002710027100271065
2014-04-16,7.380000,7.390000,7.350000,7.350000,6.584486,3974600,-0.0040650406504065375
2014-04-17,7.380000,7.400000,7.380000,7.400000,6.629279,3692700,0.002710027100271065
2014-04-18,7.400000,7.400000,7.340000,7.390000,6.620320,1931700,-0.0013513513513514425
2014-04-21,7.400000,7.510000,7.390000,7.500000,6.718864,6449900,0.013513513513513466
2014-04-22,7.500000,7.530000,7.500000,7.510000,6.727822,13638900,0.0013333333333333049
2014-04-23,7.550000,7.560000,7.510000,7.530000,6.745739,6178000,-0.0026490066225165
2014-04-24,7.500000,7.530000,7.500000,7.520000,6.736780,4831000,0.0026666666666666098
2014-04-25,7.520000,7.520000,7.480000,7.510000,6.727822,6086100,-0.001329787234042525
2014-04-28,7.500000,7.530000,7.490000,7.490000,6.709905,11030900,-0.0013333333333333049
2014-04-29,7.490000,7.510000,7.470000,7.480000,6.700947,7041200,-0.0013351134846461665
2014-04-30,7.480000,7.510000,7.420000,7.510000,6.727822,10081900,0.00401069518716569
2014-05-02,7.510000,7.530000,7.350000,7.420000,6.647195,7143200,-0.011984021304926746
2014-05-05,7.420000,7.420000,7.300000,7.350000,6.584486,4467900,-0.009433962264150981
2014-05-06,7.350000,7.370000,7.320000,7.350000,6.584486,2097700,0.0
2014-05-07,7.310000,7.340000,7.290000,7.330000,6.566570,5351900,0.002735978112175166
2014-05-08,7.330000,7.350000,7.320000,7.340000,6.575528,4101400,0.001364256480218252
2014-05-09,7.340000,7.390000,7.310000,7.340000,6.575528,3831000,0.0
2014-05-12,7.340000,7.360000,7.290000,7.290000,6.530735,4354300,-0.006811989100817414
2014-05-14,7.400000,7.420000,7.290000,7.310000,6.548652,17054000,-0.012162162162162262
2014-05-15,7.290000,7.320000,7.290000,7.310000,6.548652,7638800,0.002743484224965648
2014-05-16,7.290000,7.320000,7.290000,7.320000,6.557611,4613700,0.004115226337448594
2014-05-19,7.350000,7.380000,7.340000,7.370000,6.602403,5988900,0.002721088435374213
2014-05-20,7.370000,7.390000,7.370000,7.380000,6.611362,6666900,0.001356852103120731
2014-05-21,7.400000,7.400000,7.350000,7.360000,6.593445,4696700,-0.00540540540540541
2014-05-22,7.400000,7.410000,7.350000,7.380000,6.611362,5179500,-0.002702702702702765
2014-05-23,7.370000,7.370000,7.280000,7.310000,6.548652,7004700,-0.008141112618724626
2014-05-26,7.310000,7.360000,7.290000,7.310000,6.548652,3796300,0.0
2014-05-27,7.300000,7.340000,7.300000,7.330000,6.566570,1798600,0.004109589041095925
2014-05-28,7.300000,7.380000,7.300000,7.360000,6.593445,6480400,0.00821917808219185
2014-06-05,7.240000,7.240000,7.210000,7.230000,6.476985,5496400,-0.0013812154696132301
2014-06-17,7.210000,7.220000,7.150000,7.160000,6.414275,5500300,-0.006934812760055454
2014-06-18,7.170000,7.230000,7.170000,7.220000,6.468025,3652600,0.006973500697350045
2014-06-19,7.220000,7.310000,7.220000,7.300000,6.539694,3333900,0.01108033240997231
2014-06-20,7.300000,7.350000,7.300000,7.330000,6.566570,4012100,0.004109589041095925
2014-06-23,7.290000,7.340000,7.260000,7.330000,6.566570,2894900,0.005486968449931418
2014-06-24,7.340000,7.340000,7.250000,7.330000,6.566570,4121800,-0.0013623978201634586
2014-06-25,7.330000,7.330000,7.290000,7.310000,6.548652,6228500,-0.002728512960436625
2014-06-26,7.270000,7.320000,7.270000,7.320000,6.557611,4660900,0.006877579092159658
2014-06-27,7.320000,7.320000,7.290000,7.300000,6.539694,2729400,-0.002732240437158533
2014-06-30,7.290000,7.340000,7.290000,7.320000,6.557611,6464600,0.004115226337448594
2014-07-01,7.290000,7.340000,7.290000,7.340000,6.575528,4466100,0.0068587105624142415
2014-07-02,7.340000,7.350000,7.300000,7.350000,6.584486,4170100,0.0013623978201634586
2014-07-03,7.320000,7.340000,7.270000,7.300000,6.539694,6461900,-0.002732240437158533
2014-07-04,7.290000,7.290000,7.140000,7.170000,6.423234,10161700,-0.016460905349794254
2014-07-07,7.180000,7.270000,7.180000,7.260000,6.503860,6157600,0.011142061281337058
2014-07-08,7.250000,7.290000,7.250000,7.280000,6.521778,12673300,0.0041379310344827926
2014-07-09,7.280000,7.280000,7.220000,7.240000,6.485942,7616400,-0.005494505494505499
2014-07-10,7.240000,7.240000,7.240000,7.240000,6.485942,0,0.0
2014-07-11,7.240000,7.270000,6.990000,7.000000,6.270940,34944300,-0.03314917127071826
2014-07-14,7.040000,7.090000,7.010000,7.050000,6.315732,11867500,0.0014204545454545151
2014-07-16,7.120000,7.170000,7.000000,7.000000,6.270940,17059100,-0.016853932584269676
2014-07-17,7.020000,7.040000,6.960000,6.970000,6.244064,7012000,-0.0071225071225070975
2014-07-18,6.950000,6.970000,6.920000,6.950000,6.226146,5172800,0.0
2014-07-21,6.950000,7.000000,6.950000,6.960000,6.235106,4734900,0.0014388489208632786
2014-07-22,7.000000,7.000000,6.890000,6.890000,6.172396,5726800,-0.01571428571428576
2014-07-23,6.900000,6.950000,6.880000,6.920000,6.199272,4548600,0.002898550724637619
2014-07-30,7.000000,7.030000,6.980000,6.980000,6.253022,13008700,-0.0028571428571427964
2014-07-31,6.990000,7.010000,6.980000,7.000000,6.270940,6783900,0.0014306151645207133
2014-08-01,6.990000,6.990000,6.930000,6.970000,6.244064,3653000,-0.0028612303290415537
2014-08-04,6.970000,7.020000,6.970000,7.020000,6.288856,4650500,0.007173601147776158
2014-08-07,6.970000,6.980000,6.900000,6.900000,6.181355,1973700,-0.010043041606886571
2014-08-08,6.930000,6.970000,6.810000,6.810000,6.100728,4099600,-0.017316017316017333
2014-08-11,6.820000,6.900000,6.820000,6.880000,6.163438,1868200,0.008797653958944223
2014-08-12,6.890000,6.920000,6.860000,6.920000,6.199272,6123500,0.004354136429608164
2014-08-13,6.890000,6.930000,6.890000,6.930000,6.208230,5433800,0.005805515239477509
2014-08-15,6.950000,6.970000,6.910000,6.960000,6.235106,3211200,0.0014388489208632786
2014-08-20,6.980000,7.070000,6.950000,7.070000,6.333649,12860200,0.012893982808022902
2014-08-22,7.080000,7.220000,7.080000,7.160000,6.414275,5217900,0.011299435028248598
2014-08-28,7.190000,7.400000,7.190000,7.400000,6.629279,4448000,0.029207232267037544
2014-08-29,7.310000,7.380000,7.300000,7.380000,6.611362,6511500,0.009575923392612899
2014-09-05,7.280000,7.280000,7.220000,7.230000,6.476985,11424400,-0.006868131868131844
2014-09-12,7.240000,7.250000,7.130000,7.130000,6.387400,2927000,-0.0151933701657459
2014-09-15,7.170000,7.170000,7.100000,7.130000,6.387400,5592200,-0.005578800557880061
2014-09-25,7.010000,7.120000,7.000000,7.100000,6.360524,4410600,0.012838801711840209
2014-09-29,6.990000,7.190000,6.970000,7.190000,6.533167,10328600,0.028612303290414903
2014-09-30,7.150000,7.150000,7.000000,7.030000,6.387784,5302700,-0.016783216783216797
2014-10-02,7.080000,7.150000,6.980000,6.990000,6.351438,4050300,-0.012711864406779641
2014-10-03,7.000000,7.050000,6.980000,6.980000,6.342351,3612700,-0.0028571428571427964
2014-10-07,6.980000,7.030000,6.970000,6.980000,6.342351,3834500,0.0
2014-10-10,6.810000,6.880000,6.630000,6.660000,6.051584,19117300,-0.022026431718061595
2014-10-16,6.460000,6.460000,6.190000,6.190000,5.624520,6904200,-0.04179566563467486
2014-10-17,6.190000,6.430000,6.190000,6.400000,5.815336,6097400,0.03392568659127625
2014-10-20,6.430000,6.540000,6.430000,6.540000,5.942547,12471700,0.017107309486780766
2014-10-21,6.550000,6.560000,6.400000,6.410000,5.824423,920900,-0.02137404580152667
2014-10-22,6.410000,6.410000,6.410000,6.410000,5.824423,0,0.0
2014-10-24,6.400000,6.400000,6.260000,6.290000,5.715385,10327900,-0.01718750000000005
2014-10-27,6.300000,6.330000,6.160000,6.170000,5.606348,14908100,-0.020634920634920617
2014-10-28,6.200000,6.250000,6.180000,6.200000,5.633607,9009500,0.0
2014-10-29,6.240000,6.430000,6.230000,6.430000,5.842596,12605300,0.03044871794871787
2014-10-30,6.420000,6.500000,6.330000,6.500000,5.906202,4857000,0.012461059190031164
2014-10-31,6.500000,6.540000,6.380000,6.490000,5.897115,9013600,-0.0015384615384615057
2014-11-04,6.440000,6.440000,6.330000,6.350000,5.769904,4637800,-0.01397515527950322
2014-11-06,6.410000,6.440000,6.340000,6.350000,5.769904,5722800,-0.009360374414976676
2014-11-07,6.370000,6.400000,6.340000,6.340000,5.760818,3428000,-0.004709576138147605
2014-11-10,6.360000,6.390000,6.330000,6.330000,5.751731,1569400,-0.0047169811320755105
2014-11-11,6.360000,6.360000,6.300000,6.310000,5.733558,3464600,-0.007861635220125897
2014-11-12,6.310000,6.350000,6.250000,6.250000,5.679039,3217500,-0.009508716323296293
2014-11-13,6.250000,6.260000,6.170000,6.180000,5.615434,7621400,-0.011200000000000045
2014-11-14,6.180000,6.210000,6.160000,6.210000,5.642694,2579100,0.004854368932038875
2014-11-17,6.220000,6.220000,6.150000,6.200000,5.633607,4094400,-0.0032154340836012176
2014-11-18,6.180000,6.200000,6.150000,6.200000,5.633607,4662000,0.0032362459546926314
2014-11-19,6.180000,6.200000,6.060000,6.060000,5.506396,12623900,-0.01941747572815536
2014-11-20,6.070000,6.110000,5.870000,5.900000,5.361013,18478800,-0.028006589785831947
2014-11-21,5.920000,5.920000,5.740000,5.740000,5.215630,17899100,-0.03040540540540536
2014-11-24,5.790000,5.880000,5.780000,5.840000,5.306494,8034000,0.008635578583765081
2014-11-25,5.850000,5.880000,5.800000,5.800000,5.270149,10351000,-0.008547008547008517
2014-11-26,5.820000,5.830000,5.780000,5.790000,5.261062,3774800,-0.005154639175257774
2014-11-27,5.800000,5.840000,5.790000,5.820000,5.288322,2126600,0.0034482758620690453
2014-11-28,5.810000,5.840000,5.780000,5.830000,5.297409,6025000,0.003442340791738462
2014-12-01,5.820000,5.820000,5.580000,5.620000,5.106593,6035500,-0.03436426116838491
2014-12-02,5.650000,5.810000,5.570000,5.800000,5.270149,5484300,0.026548672566371584
2014-12-04,5.580000,5.640000,5.500000,5.510000,5.006641,4089300,-0.012544802867383563
2014-12-08,5.520000,5.540000,5.470000,5.470000,4.970295,7548700,-0.009057971014492723
2014-12-09,5.470000,5.480000,5.350000,5.410000,4.915776,7834800,-0.010968921389396638
2014-12-11,5.470000,5.520000,5.430000,5.500000,4.997555,12820700,0.0054844606946984
2014-12-16,5.450000,5.490000,5.330000,5.330000,4.843085,7559300,-0.02201834862385323
2014-12-18,5.460000,5.510000,5.460000,5.500000,4.997555,8189900,0.007326007326007333
2014-12-23,5.600000,5.630000,5.520000,5.580000,5.070246,5123700,-0.0035714285714284954
2014-12-24,5.550000,5.560000,5.480000,5.510000,5.006641,6189300,-0.007207207207207214
2014-12-26,5.510000,5.580000,5.510000,5.540000,5.033901,2288400,0.0054446460980036755
2014-12-31,5.550000,5.590000,5.550000,5.560000,5.052073,3414300,0.0018018018018017634
2015-01-05,5.560000,5.580000,5.420000,5.460000,4.961209,4447900,-0.017985611510791304
2015-01-07,5.350000,5.370000,5.200000,5.250000,4.770394,10731400,-0.018691588785046665
2015-01-08,5.270000,5.350000,5.270000,5.290000,4.806739,9169100,0.003795066413662327
2015-01-09,5.330000,5.350000,5.260000,5.320000,4.833999,5790600,-0.0018761726078798848
2015-01-13,5.210000,5.950000,5.210000,5.920000,5.379187,29224700,0.1362763915547025
2015-01-14,5.850000,5.870000,5.580000,5.750000,5.224717,25010900,-0.017094017094017033
2015-01-15,5.830000,6.050000,5.830000,5.910000,5.370100,43132100,0.013722126929674111
2015-01-16,5.890000,5.910000,5.720000,5.850000,5.315581,18128800,-0.006791171477079802
2015-01-19,5.860000,5.970000,5.800000,5.950000,5.406445,10483300,0.015358361774744003
2015-01-20,5.960000,5.960000,5.810000,5.810000,5.279234,11522800,-0.02516778523489939
2015-01-21,5.840000,5.930000,5.760000,5.870000,5.333754,16447500,0.005136986301369906
2015-01-22,5.810000,5.850000,5.610000,5.650000,5.133852,26009800,-0.02753872633390693
2015-01-23,5.670000,5.690000,5.450000,5.500000,4.997555,32831000,-0.029982363315696637
2015-01-27,5.460000,5.610000,5.450000,5.540000,5.033901,9627100,0.014652014652014666
2015-01-28,5.510000,5.590000,5.480000,5.560000,5.052073,12554700,0.00907441016333935
2015-01-29,5.540000,5.550000,5.450000,5.500000,4.997555,14976800,-0.007220216606498201
2015-01-30,5.520000,5.520000,5.440000,5.500000,4.997555,14980900,-0.0036231884057970243
2015-02-04,5.540000,5.690000,5.530000,5.650000,5.133852,9458200,0.019855595667870093
2015-02-05,5.650000,5.740000,5.600000,5.740000,5.215630,10398100,0.015929203539822984
2015-02-06,5.700000,5.820000,5.700000,5.800000,5.270149,6946400,0.017543859649122744
2015-02-09,5.800000,5.810000,5.690000,5.700000,5.179284,10347000,-0.01724137931034477
2015-02-10,5.680000,5.700000,5.600000,5.680000,5.161111,7577000,0.0
2015-02-11,5.700000,5.790000,5.670000,5.720000,5.197457,7973300,0.0035087719298244864
2015-02-12,5.690000,5.740000,5.650000,5.700000,5.179284,5878700,0.0017574692442881873
2015-02-13,5.700000,5.710000,5.620000,5.690000,5.170197,7642500,-0.0017543859649122432
2015-02-16,5.720000,5.900000,5.700000,5.880000,5.342840,12005500,0.027972027972028
2015-02-17,5.840000,5.900000,5.820000,5.900000,5.361013,3189400,0.010273972602739812
2015-02-18,5.900000,5.960000,5.850000,5.900000,5.361013,5050600,0.0
2015-02-23,5.900000,5.990000,5.890000,5.980000,5.433705,8047300,0.013559322033898317
2015-02-24,5.980000,6.070000,5.980000,6.020000,5.470051,9847800,0.006688963210702198
2015-02-25,6.020000,6.020000,5.880000,5.900000,5.361013,8721800,-0.019933554817275618
2015-02-26,5.890000,5.900000,5.820000,5.830000,5.297409,11061500,-0.01018675721561963
2015-02-27,5.860000,5.950000,5.790000,5.950000,5.406445,11452800,0.015358361774744003
2015-03-02,5.910000,5.950000,5.770000,5.950000,5.406445,11477900,0.006768189509306266
2015-03-03,5.950000,5.960000,5.890000,5.940000,5.397359,6443500,-0.0016806722689075271
2015-03-04,5.930000,5.930000,5.880000,5.930000,5.388272,7028100,0.0
2015-03-05,5.880000,5.880000,5.720000,5.720000,5.197457,10345500,-0.02721088435374152
2015-03-06,5.720000,5.850000,5.710000,5.820000,5.288322,11132600,0.017482517482517577
2015-03-09,5.780000,5.820000,5.680000,5.800000,5.270149,4646300,0.0034602076124566734
2015-03-10,5.820000,5.970000,5.800000,5.950000,5.406445,8252000,0.02233676975945015
2015-03-11,5.800000,5.840000,5.750000,5.800000,5.270149,12342500,0.0
2015-03-12,5.800000,5.870000,5.770000,5.850000,5.315581,10677000,0.008620689655172384
2015-03-13,5.820000,5.950000,5.820000,5.920000,5.379187,7047000,0.01718213058419238
2015-03-16,5.790000,5.950000,5.790000,5.910000,5.370100,4299300,0.020725388601036288
2015-03-17,5.940000,5.960000,5.900000,5.960000,5.415532,2988300,0.003367003367003295
2015-03-18,5.960000,6.050000,5.920000,5.920000,5.379187,9289700,-0.00671140939597316
2015-03-19,5.920000,6.050000,5.920000,6.050000,5.497310,10326900,0.021959459459459443
2015-03-20,6.040000,6.070000,5.970000,6.050000,5.497310,15227200,0.0016556291390728123
2015-03-23,6.050000,6.070000,6.020000,6.040000,5.488224,20790200,-0.001652892561983436
2015-03-24,6.050000,6.210000,6.040000,6.160000,5.597261,15705700,0.018181818181818236
2015-03-25,6.180000,6.230000,6.150000,6.180000,5.615434,12153700,0.0
2015-03-26,6.150000,6.210000,6.110000,6.190000,5.624520,4447800,0.006504065040650412
2015-03-27,6.140000,6.190000,6.110000,6.140000,5.624520,10046600,0.0
2015-03-30,6.160000,6.210000,6.140000,6.210000,5.688643,6575300,0.008116883116883088
2015-03-31,6.220000,6.250000,6.200000,6.220000,5.697803,8927500,0.0
2015-04-01,6.240000,6.240000,6.200000,6.240000,5.716125,2463300,0.0
2015-04-02,6.250000,6.270000,6.210000,6.240000,5.716125,5513800,-0.0015999999999999658
2015-04-03,6.240000,6.260000,6.220000,6.250000,5.725286,5109800,0.0016025641025640682
2015-04-06,6.260000,6.270000,6.230000,6.250000,5.725286,7503200,-0.0015974440894568351
2015-04-07,6.200000,6.320000,6.200000,6.300000,5.771089,8914000,0.016129032258064457
2015-04-08,6.280000,6.280000,6.220000,6.240000,5.716125,5493400,-0.006369426751592362
2015-04-09,6.250000,6.270000,6.230000,6.240000,5.716125,5550100,-0.0015999999999999658
2015-04-10,6.230000,6.240000,6.160000,6.180000,5.661163,6200000,-0.008025682182985668
2015-04-13,6.180000,6.220000,6.180000,6.190000,5.670323,2819500,0.0016181229773463877
2015-04-14,6.200000,6.200000,6.170000,6.190000,5.670323,2416900,-0.0016129032258064171
2015-04-15,6.200000,6.280000,6.200000,6.240000,5.716125,4811000,0.006451612903225812
2015-04-16,6.240000,6.250000,6.070000,6.150000,5.633681,8412400,-0.0144230769230769
2015-04-17,6.110000,6.200000,6.070000,6.100000,5.587879,6984300,-0.0016366612111294067
2015-04-20,6.100000,6.170000,6.100000,6.150000,5.633681,4880900,0.008196721311475526
2015-04-21,6.150000,6.270000,6.150000,6.270000,5.743607,5705400,0.01951219512195109
2015-04-22,6.250000,6.250000,6.180000,6.240000,5.716125,4643700,-0.0015999999999999658
2015-04-23,6.230000,6.250000,6.150000,6.150000,5.633681,4728400,-0.012841091492776896
2015-04-24,6.150000,6.220000,6.060000,6.090000,5.578719,11110500,-0.00975609756097569
2015-04-27,6.120000,6.200000,6.090000,6.110000,5.597040,5053600,-0.0016339869281045403
2015-04-28,6.130000,6.140000,6.060000,6.110000,5.597040,6959400,-0.0032626427406198324
2015-04-29,6.150000,6.150000,6.040000,6.040000,5.532917,5833600,-0.017886178861788667
2015-04-30,6.050000,6.080000,5.860000,5.900000,5.404670,15784100,-0.02479338842975198
2015-05-05,5.900000,5.900000,5.830000,5.890000,5.395509,7723600,-0.0016949152542374024
2015-05-06,5.880000,5.950000,5.750000,5.950000,5.450472,8222300,0.011904761904761953
2015-05-07,5.850000,5.980000,5.850000,5.880000,5.386349,6204600,0.005128205128205171
2015-05-08,5.880000,5.980000,5.880000,5.890000,5.395509,4519700,0.0017006802721088073
2015-05-11,5.920000,5.990000,5.900000,5.930000,5.432151,5764400,0.0016891891891891533
2015-05-12,5.930000,5.930000,5.870000,5.900000,5.404670,3656200,-0.005059021922428223
2015-05-13,5.870000,5.930000,5.800000,5.890000,5.395509,4444000,0.00340715502555359
2015-05-14,5.890000,6.000000,5.850000,6.000000,5.496274,3624800,0.018675721561969495
2015-05-15,6.000000,6.000000,5.900000,5.960000,5.459632,2058600,-0.006666666666666672
2015-05-18,5.960000,6.000000,5.920000,5.950000,5.450472,4457700,-0.0016778523489932528
2015-05-19,5.960000,6.020000,5.960000,6.000000,5.496274,9346400,0.00671140939597316
2015-05-20,6.000000,6.040000,6.000000,6.010000,5.505435,2322200,0.0016666666666666312
2015-05-21,5.960000,5.980000,5.850000,5.860000,5.368029,7600500,-0.016778523489932827
2015-05-22,5.900000,5.900000,5.730000,5.750000,5.267263,8863900,-0.02542372881355938
2015-05-25,5.750000,5.750000,5.720000,5.750000,5.267263,3256000,0.0
2015-05-27,5.590000,5.670000,5.530000,5.630000,5.157337,4596500,0.007155635062611813
2015-05-28,5.610000,5.680000,5.580000,5.660000,5.184819,3730000,0.008912655971479468
2015-05-29,5.660000,5.750000,5.600000,5.670000,5.193979,16927900,0.001766784452296782
2015-06-01,5.670000,5.680000,5.540000,5.630000,5.157337,8656200,-0.0070546737213403946
2015-06-02,5.600000,5.620000,5.460000,5.460000,5.001609,12044400,-0.024999999999999946
2015-06-03,5.470000,5.480000,5.320000,5.320000,4.873363,13466500,-0.02742230347349168
2015-06-04,5.310000,5.380000,5.290000,5.290000,4.845882,9394400,-0.0037664783427494492
2015-06-05,5.320000,5.410000,5.280000,5.330000,4.882523,2941600,0.0018796992481202605
2015-06-08,5.360000,5.370000,5.280000,5.300000,4.855043,6501700,-0.01119402985074636
2015-06-09,5.300000,5.310000,5.240000,5.240000,4.800080,7681200,-0.011320754716981058
2015-06-10,5.250000,5.430000,5.250000,5.350000,4.900845,9251400,0.01904761904761898
2015-06-11,5.400000,5.410000,5.320000,5.390000,4.937486,6312400,-0.0018518518518519768
2015-06-15,5.370000,5.390000,5.340000,5.360000,4.910006,6213800,-0.0018621973929236102
2015-06-17,5.340000,5.580000,5.330000,5.530000,5.065733,10613000,0.03558052434456936
2015-06-18,5.530000,5.550000,5.470000,5.520000,5.056572,8821300,-0.0018083182640145886
2015-06-19,5.520000,5.550000,5.470000,5.530000,5.065733,10888000,0.001811594202898673
2015-06-22,5.530000,5.620000,5.480000,5.600000,5.129856,6116000,0.012658227848101156
2015-06-23,5.560000,5.630000,5.550000,5.550000,5.084054,4600200,-0.0017985611510790984
2015-06-25,5.600000,5.610000,5.560000,5.570000,5.102375,7782200,-0.005357142857142744
2015-06-26,5.530000,5.580000,5.500000,5.500000,5.038251,5493000,-0.005424954792043445
2015-06-29,5.460000,5.460000,5.280000,5.310000,4.864203,12691600,-0.027472527472527538
2015-07-06,5.470000,5.480000,5.360000,5.450000,4.992449,6372100,-0.0036563071297988255
2015-07-14,5.350000,5.410000,5.330000,5.330000,4.882523,6270400,-0.003738317757009266
2015-07-28,5.350000,5.510000,5.320000,5.330000,4.882523,10412800,-0.003738317757009266
2015-07-31,5.220000,5.390000,5.220000,5.380000,4.928327,5525700,0.030651340996168612
2015-08-04,5.330000,5.350000,5.230000,5.230000,4.790920,2770900,-0.018761726078799182
2015-08-05,5.250000,5.400000,5.250000,5.290000,4.845882,4554300,0.007619047619047626
2015-08-07,5.290000,5.300000,5.220000,5.300000,4.855043,3497100,0.0018903591682419257
2015-08-26,4.720000,4.750000,4.650000,4.710000,4.314575,8224500,-0.002118644067796565
2015-08-27,4.800000,4.880000,4.740000,4.880000,4.470304,10028900,0.016666666666666684
2015-08-28,4.900000,5.010000,4.900000,5.000000,4.580229,14524000,0.020408163265306048
2015-09-01,5.150000,5.150000,4.800000,4.840000,4.433661,10758700,-0.06019417475728164
2015-09-02,4.800000,4.820000,4.690000,4.770000,4.369538,9016200,-0.006250000000000052
2015-09-03,4.830000,4.950000,4.820000,4.950000,4.534426,5736700,0.024844720496894433
2015-09-04,4.950000,4.950000,4.750000,4.750000,4.351218,4276000,-0.040404040404040435
2015-09-07,4.720000,4.740000,4.660000,4.720000,4.323735,5511800,0.0
2015-09-08,4.720000,4.780000,4.660000,4.720000,4.323735,7072600,0.0
2015-09-09,4.760000,4.790000,4.740000,4.770000,4.369538,10371700,0.002100840336134409
2015-09-10,4.760000,4.900000,4.700000,4.900000,4.488625,7113300,0.029411764705882474
2015-09-11,4.830000,4.830000,4.760000,4.780000,4.378698,5661900,-0.010351966873705968
2015-09-15,4.950000,5.020000,4.910000,4.910000,4.497784,17347300,-0.008080808080808088
2015-09-17,5.050000,5.110000,5.030000,5.110000,4.680994,18924600,0.01188118811881198
2015-09-18,5.110000,5.180000,4.970000,4.980000,4.561908,17237500,-0.025440313111545966
2015-09-21,4.950000,4.950000,4.750000,4.780000,4.405236,15614600,-0.03434343434343433
2015-09-22,4.810000,4.830000,4.690000,4.720000,4.349940,13534000,-0.018711018711018684
2015-09-23,4.720000,4.720000,4.580000,4.720000,4.349940,13699900,0.0
2015-09-29,4.560000,4.600000,4.510000,4.530000,4.174837,17598100,-0.006578947368420913
2015-10-02,4.490000,4.500000,4.460000,4.470000,4.119540,12905800,-0.004454342984409903
2015-10-05,4.500000,4.540000,4.480000,4.490000,4.137973,13297100,-0.002222222222222175
2015-10-06,4.510000,4.600000,4.500000,4.590000,4.230133,22875100,0.017738359201773853
2015-10-07,4.560000,4.900000,4.550000,4.900000,4.515828,32009900,0.0745614035087721
2015-10-09,4.920000,5.010000,4.920000,4.960000,4.571124,13352300,0.008130081300813016
2015-10-13,4.940000,4.980000,4.910000,4.950000,4.561907,10920000,0.002024291497975665
2015-10-15,4.990000,5.090000,4.960000,5.000000,4.607988,17618900,0.0020040080160320215
2015-10-19,5.030000,5.060000,5.010000,5.060000,4.663283,14395700,0.005964214711729495
2015-10-27,4.890000,4.950000,4.820000,4.870000,4.488180,6396600,-0.004089979550102162
2015-10-29,4.870000,4.880000,4.670000,4.690000,4.322293,15466900,-0.03696098562628331
2015-10-30,4.700000,4.700000,4.600000,4.610000,4.248565,15218900,-0.019148936170212735
2015-11-02,4.610000,4.620000,4.560000,4.590000,4.230133,6401800,-0.004338394793926347
2015-11-03,4.600000,4.670000,4.600000,4.670000,4.303861,8621600,0.01521739130434789
2015-11-04,4.690000,4.730000,4.670000,4.700000,4.331508,10669400,0.0021321961620468627
2015-11-05,4.700000,4.750000,4.680000,4.710000,4.340724,8676400,0.0021276595744680396
2015-11-06,4.710000,4.730000,4.670000,4.690000,4.322293,5747300,-0.004246284501061481
2015-11-09,4.690000,4.690000,4.640000,4.670000,4.303861,7719300,-0.0042643923240939146
2015-11-11,4.600000,4.650000,4.560000,4.600000,4.239349,8950900,0.0
2015-11-12,4.600000,4.640000,4.540000,4.580000,4.220917,12037400,-0.004347826086956429
2015-11-13,4.600000,4.600000,4.550000,4.550000,4.193269,8879600,-0.010869565217391266
2015-11-16,4.540000,4.580000,4.520000,4.560000,4.202485,5554700,0.004405286343612241
2015-11-17,4.590000,4.690000,4.570000,4.570000,4.211701,6277900,-0.004357298474945441
2015-11-18,4.590000,4.600000,4.530000,4.600000,4.239349,8700300,0.0021786492374727207
2015-11-19,4.560000,4.600000,4.530000,4.560000,4.202485,6227200,0.0
2015-11-20,4.560000,4.590000,4.540000,4.560000,4.202485,7530700,0.0
2015-11-23,4.580000,4.640000,4.560000,4.600000,4.239349,4901200,0.004366812227074143
2015-11-24,4.620000,4.640000,4.560000,4.560000,4.202485,7218200,-0.012987012987013094
2015-11-25,4.570000,4.630000,4.570000,4.600000,4.239349,4893000,0.006564551422319334
2015-11-26,4.590000,4.590000,4.480000,4.500000,4.147189,37755100,-0.01960784313725487
2015-11-27,4.520000,4.560000,4.510000,4.550000,4.193269,10370400,0.006637168141592976
2015-11-30,4.520000,4.530000,4.480000,4.500000,4.147189,29221200,-0.004424778761061853
2015-12-01,4.500000,4.610000,4.500000,4.550000,4.193269,9463400,0.011111111111111072
2015-12-02,4.580000,4.590000,4.530000,4.530000,4.174837,5694900,-0.01091703056768555
2015-12-03,4.530000,4.570000,4.530000,4.550000,4.193269,10227300,0.004415011037527499
2015-12-04,4.530000,4.560000,4.510000,4.510000,4.156405,5199200,-0.004415011037527695
2015-12-07,4.530000,4.560000,4.500000,4.510000,4.156405,7682700,-0.004415011037527695
2015-12-08,4.520000,4.550000,4.510000,4.510000,4.156405,9953100,-0.0022123893805309266
2015-12-09,4.520000,4.540000,4.510000,4.520000,4.165621,5646200,0.0
2015-12-10,4.510000,4.520000,4.500000,4.520000,4.165621,5934900,0.0022172949002216822
2015-12-11,4.520000,4.520000,4.440000,4.440000,4.091893,6177600,-0.017699115044247607
2015-12-14,4.420000,4.460000,4.400000,4.430000,4.082677,5461600,0.0022624434389139788
2015-12-15,4.440000,4.450000,4.400000,4.400000,4.055029,5949100,-0.009009009009009016
2015-12-16,4.430000,4.490000,4.430000,4.450000,4.101109,4098300,0.004514672686230353
2015-12-17,4.450000,4.600000,4.450000,4.600000,4.239349,6994700,0.03370786516853921
2015-12-18,4.580000,4.600000,4.470000,4.550000,4.193269,6708200,-0.006550218340611408
2015-12-21,4.540000,4.540000,4.430000,4.440000,4.091893,6558100,-0.022026431718061595
2015-12-22,4.480000,4.480000,4.400000,4.470000,4.119540,6710000,-0.0022321428571430075
2015-12-23,4.470000,4.510000,4.440000,4.500000,4.147189,6505900,0.006711409395973211
2015-12-28,4.500000,4.570000,4.470000,4.520000,4.165621,8927300,0.00444444444444435
2015-12-29,4.530000,4.570000,4.520000,4.540000,4.184053,12001500,0.0022075055187637496
2015-12-30,4.560000,4.580000,4.520000,4.570000,4.211701,9800600,0.002192982456140499
2015-12-31,4.570000,4.580000,4.520000,4.540000,4.184053,4279500,-0.006564551422319529
2016-01-04,4.520000,4.520000,4.420000,4.420000,4.073462,7042000,-0.022123893805309658
2016-01-05,4.410000,4.480000,4.410000,4.420000,4.073462,7630300,0.002267573696145076
2016-01-06,4.450000,4.450000,4.380000,4.380000,4.036597,11416000,-0.01573033707865175
2016-01-07,4.380000,4.400000,4.300000,4.300000,3.962870,12187200,-0.018264840182648418
2016-01-08,4.280000,4.330000,4.260000,4.290000,3.953654,14940100,0.002336448598130791
2016-01-11,4.290000,4.290000,4.140000,4.150000,3.824630,14040900,-0.032634032634032556
2016-01-12,4.170000,4.210000,4.120000,4.120000,3.796982,10796400,-0.01199040767386087
2016-01-13,4.140000,4.170000,4.070000,4.110000,3.787766,13326800,-0.007246376811594049
2016-01-14,4.060000,4.080000,4.020000,4.040000,3.723254,11735000,-0.0049261083743841316
2016-01-15,4.060000,4.090000,4.010000,4.010000,3.695606,10068800,-0.012315270935960548
2016-01-18,4.000000,4.000000,3.930000,3.990000,3.677174,11028400,-0.0024999999999999467
2016-01-19,4.000000,4.080000,3.980000,4.040000,3.723254,13487800,0.010000000000000009
2016-01-20,4.040000,4.050000,3.950000,3.970000,3.658742,11001300,-0.017326732673267287
2016-01-21,3.990000,4.010000,3.940000,3.940000,3.631094,12566600,-0.012531328320802072
2016-01-22,4.000000,4.120000,3.950000,4.120000,3.796982,21408900,0.030000000000000027
2016-01-26,4.060000,4.110000,4.040000,4.040000,3.723254,8049800,-0.0049261083743841316
2016-01-27,4.080000,4.140000,4.040000,4.040000,3.723254,13189200,-0.00980392156862746
2016-01-28,4.040000,4.140000,4.010000,4.100000,3.778550,15668700,0.014851485148514755
2016-01-29,4.120000,4.210000,4.100000,4.150000,3.824630,46828700,0.0072815533980583125
2016-02-02,4.150000,4.180000,4.100000,4.130000,3.806198,12732600,-0.0048192771084338455
2016-02-03,4.080000,4.090000,4.020000,4.020000,3.704822,10532700,-0.014705882352941298
2016-02-04,4.050000,4.110000,4.040000,4.100000,3.778550,8768200,0.012345679012345635
2016-02-05,4.090000,4.130000,4.090000,4.130000,3.806198,11169000,0.009779951100244507
2016-02-08,4.130000,4.130000,4.130000,4.130000,3.806198,0,0.0
2016-02-09,4.130000,4.130000,4.130000,4.130000,3.806198,0,0.0
2016-02-10,4.130000,4.140000,4.040000,4.090000,3.769334,10194100,-0.009685230024213084
2016-02-11,4.100000,4.140000,4.080000,4.140000,3.815414,6124200,0.009756097560975618
2016-02-12,4.100000,4.210000,4.090000,4.200000,3.870710,13532100,0.024390243902439157
2016-02-15,4.250000,4.300000,4.200000,4.260000,3.926006,12291100,0.002352941176470538
2016-02-16,4.280000,4.440000,4.260000,4.420000,4.073462,13083200,0.032710280373831696
2016-02-17,4.430000,4.430000,4.310000,4.310000,3.972086,8791600,-0.027088036117381517
2016-02-18,4.350000,4.400000,4.350000,4.400000,4.055029,7934200,0.011494252873563383
2016-02-19,4.370000,4.420000,4.310000,4.310000,3.972086,7917400,-0.01372997711670492
2016-02-22,4.330000,4.360000,4.270000,4.300000,3.962870,6128800,-0.00692840646651276
2016-02-23,4.320000,4.360000,4.320000,4.350000,4.008950,5551900,0.006944444444444296
2016-02-24,4.350000,4.350000,4.260000,4.270000,3.935222,3341000,-0.018390804597701167
2016-02-25,4.280000,4.360000,4.250000,4.250000,3.916790,6660200,-0.007009345794392581
2016-02-26,4.320000,4.480000,4.320000,4.470000,4.119540,21884200,0.0347222222222221
2016-02-29,4.490000,4.520000,4.450000,4.520000,4.165621,18110800,0.006681514476614556
2016-03-01,4.500000,4.580000,4.500000,4.570000,4.211701,14203600,0.01555555555555562
2016-03-02,4.600000,4.650000,4.600000,4.650000,4.285429,16372200,0.01086956521739146
2016-03-03,4.650000,4.650000,4.470000,4.500000,4.147189,19663100,-0.03225806451612911
2016-03-04,4.480000,4.640000,4.480000,4.630000,4.266997,24839000,0.03348214285714274
2016-03-07,4.640000,4.670000,4.530000,4.600000,4.239349,17513300,-0.008620689655172422
2016-03-08,4.600000,4.630000,4.540000,4.580000,4.220917,11615500,-0.004347826086956429
2016-03-09,4.550000,4.570000,4.530000,4.570000,4.211701,9082600,0.004395604395604497
2016-03-10,4.550000,4.660000,4.550000,4.630000,4.266997,11765600,0.0175824175824176
2016-03-11,4.650000,4.650000,4.600000,4.630000,4.266997,7125500,-0.004301075268817303
2016-03-14,4.650000,4.680000,4.610000,4.620000,4.257781,8714200,-0.006451612903225859
2016-03-15,4.650000,4.650000,4.600000,4.630000,4.266997,12561500,-0.004301075268817303
2016-03-16,4.640000,4.660000,4.620000,4.640000,4.276212,15229500,0.0
2016-03-17,4.650000,4.820000,4.640000,4.800000,4.423669,27921000,0.03225806451612891
2016-03-18,4.830000,4.890000,4.800000,4.880000,4.497396,24354000,0.010351966873705968
2016-03-21,4.890000,4.900000,4.750000,4.780000,4.405236,18606400,-0.02249488752556226
2016-03-22,4.800000,4.880000,4.800000,4.860000,4.478965,16328600,0.012500000000000105
2016-03-23,4.840000,4.890000,4.830000,4.880000,4.497396,15760700,0.008264462809917363
2016-03-24,4.810000,4.820000,4.760000,4.790000,4.516253,17940600,-0.00415800415800407
2016-03-25,4.780000,4.780000,4.680000,4.700000,4.431396,6051200,-0.01673640167364018
2016-03-28,4.700000,4.710000,4.630000,4.670000,4.403111,5103100,-0.006382978723404308
2016-03-29,4.670000,4.820000,4.650000,4.770000,4.497396,14441600,0.02141327623126331
2016-03-30,4.800000,4.850000,4.800000,4.820000,4.544538,10493500,0.004166666666666763
2016-03-31,4.820000,4.850000,4.820000,4.850000,4.572824,16814000,0.006224066390041361
2016-04-01,4.850000,4.850000,4.740000,4.770000,4.497396,15378900,-0.016494845360824757
2016-04-04,4.790000,4.820000,4.780000,4.820000,4.544538,10100900,0.006263048016701514
2016-04-05,4.820000,4.860000,4.800000,4.850000,4.572824,7644000,0.006224066390041361
2016-04-06,4.830000,4.860000,4.800000,4.820000,4.544538,7991400,-0.0020703933747411567
2016-04-07,4.800000,4.870000,4.800000,4.850000,4.572824,7612300,0.01041666666666663
2016-04-08,4.850000,4.850000,4.770000,4.820000,4.544538,7641700,-0.006185567010309147
2016-04-11,4.810000,4.830000,4.750000,4.830000,4.553967,3386200,0.0041580041580042545
2016-04-12,4.820000,4.860000,4.790000,4.860000,4.582253,6243700,0.008298755186721999
2016-04-13,4.860000,4.940000,4.860000,4.890000,4.610538,12373100,0.006172839506172707
2016-04-14,4.930000,4.970000,4.880000,4.920000,4.638824,12993900,-0.002028397565922878
2016-04-15,4.910000,4.970000,4.910000,4.970000,4.685966,15450200,0.012219959266802364
2016-04-18,4.960000,4.960000,4.720000,4.800000,4.525682,23918000,-0.03225806451612906
2016-04-19,4.800000,4.850000,4.770000,4.850000,4.572824,18637000,0.01041666666666663
2016-04-20,4.850000,4.940000,4.850000,4.870000,4.591681,11672500,0.004123711340206281
2016-04-21,4.870000,4.930000,4.850000,4.920000,4.638824,12700800,0.010266940451745343
2016-04-22,4.910000,4.920000,4.880000,4.910000,4.629395,6171400,0.0
2016-04-25,4.920000,4.920000,4.780000,4.800000,4.525682,9716200,-0.024390243902439046
2016-04-26,4.800000,4.840000,4.730000,4.730000,4.459682,12276500,-0.014583333333333209
2016-04-27,4.740000,4.840000,4.730000,4.840000,4.563396,7614800,0.021097046413502032
2016-04-28,4.850000,4.880000,4.740000,4.740000,4.469110,11915600,-0.022680412371133905
2016-04-29,4.750000,4.750000,4.650000,4.670000,4.403111,9400000,-0.016842105263157908
2016-05-03,4.700000,4.760000,4.540000,4.540000,4.280541,14602900,-0.03404255319148939
2016-05-04,4.550000,4.690000,4.470000,4.680000,4.412539,7907400,0.02857142857142855
2016-05-05,4.650000,4.680000,4.600000,4.660000,4.393682,6391700,0.002150537634408556
2016-05-06,4.660000,4.700000,4.600000,4.660000,4.393682,9874000,0.0
2016-05-09,4.670000,4.730000,4.650000,4.690000,4.421968,6704700,0.004282655246252776
2016-05-10,4.660000,4.720000,4.610000,4.690000,4.421968,10544800,0.0064377682403434005
2016-05-11,4.740000,4.740000,4.650000,4.680000,4.412539,9329700,-0.01265822784810137
2016-05-12,4.670000,4.690000,4.630000,4.670000,4.403111,10911300,0.0
2016-05-13,4.640000,4.640000,4.360000,4.400000,4.148541,90422700,-0.05172413793103434
2016-05-16,4.380000,4.410000,4.280000,4.300000,4.054256,33140400,-0.018264840182648418
2016-05-17,4.310000,4.400000,4.310000,4.320000,4.073113,21192900,0.002320185614849345
2016-05-18,4.310000,4.390000,4.280000,4.320000,4.073113,17374700,0.002320185614849345
2016-05-19,4.370000,4.390000,4.320000,4.350000,4.101399,23056600,-0.004576659038901708
2016-05-20,4.370000,4.470000,4.350000,4.370000,4.120256,14409800,0.0
2016-05-23,4.380000,4.400000,4.330000,4.380000,4.129684,8669600,0.0
2016-05-24,4.370000,4.370000,4.300000,4.320000,4.073113,19279300,-0.011441647597253964
2016-05-25,4.360000,4.380000,4.320000,4.360000,4.110827,9395800,0.0
2016-05-26,4.370000,4.410000,4.340000,4.370000,4.120256,10696700,0.0
2016-05-27,4.390000,4.410000,4.340000,4.370000,4.120256,19902600,-0.00455580865603635
2016-05-30,4.380000,4.400000,4.290000,4.390000,4.139113,20306600,0.0022831050228310015
2016-05-31,4.370000,4.550000,4.300000,4.390000,4.139113,229915400,0.004576659038901504
2016-06-01,4.400000,4.430000,4.350000,4.400000,4.148541,31552500,0.0
2016-06-02,4.390000,4.530000,4.350000,4.450000,4.195683,22494400,0.013667425968109454
2016-06-03,4.450000,4.500000,4.430000,4.490000,4.233398,10949500,0.008988764044943828
2016-06-06,4.450000,4.520000,4.450000,4.490000,4.233398,8179400,0.008988764044943828
2016-06-07,4.510000,4.590000,4.490000,4.510000,4.252255,17964700,0.0
2016-06-08,4.500000,4.560000,4.480000,4.540000,4.280541,10954100,0.008888888888888898
2016-06-09,4.540000,4.560000,4.500000,4.530000,4.271112,8338000,-0.0022026431718061203
2016-06-10,4.520000,4.530000,4.480000,4.480000,4.223969,7210500,-0.008849557522123706
2016-06-13,4.440000,4.460000,4.380000,4.400000,4.148541,9888600,-0.009009009009009016
2016-06-14,4.390000,4.410000,4.330000,4.360000,4.110827,10541500,-0.006833712984054525
2016-06-15,4.330000,4.390000,4.320000,4.340000,4.091970,8453900,0.002309468822170851
2016-06-16,4.340000,4.350000,4.200000,4.200000,3.959971,13904000,-0.03225806451612896
2016-06-17,4.240000,4.270000,4.200000,4.240000,3.997685,11085300,0.0
2016-06-20,4.280000,4.330000,4.250000,4.320000,4.073113,4232000,0.009345794392523372
2016-06-21,4.320000,4.340000,4.240000,4.300000,4.054256,10902000,-0.004629629629629736
2016-06-23,4.300000,4.340000,4.250000,4.340000,4.091970,5783700,0.009302325581395357
2016-06-24,4.350000,4.350000,4.200000,4.250000,4.007114,11533900,-0.022988505747126357
2016-06-27,4.260000,4.310000,4.210000,4.230000,3.988257,22490200,-0.007042253521126611
2016-06-30,4.300000,4.370000,4.300000,4.360000,4.110827,11156200,0.01395348837209314
2016-07-01,4.360000,4.370000,4.290000,4.350000,4.101399,3040500,-0.0022935779816515307
2016-07-04,4.310000,4.420000,4.300000,4.400000,4.148541,5774200,0.020881670533642867
2016-07-05,4.400000,4.410000,4.320000,4.350000,4.101399,2330700,-0.011363636363636524
2016-07-06,4.350000,4.350000,4.350000,4.350000,4.101399,0,0.0
2016-07-07,4.350000,4.350000,4.350000,4.350000,4.101399,0,0.0
2016-07-08,4.380000,4.420000,4.340000,4.390000,4.139113,5695400,0.0022831050228310015
2016-07-11,4.400000,4.420000,4.380000,4.400000,4.148541,10838000,0.0
2016-07-12,4.410000,4.410000,4.330000,4.380000,4.129684,5370500,-0.00680272108843543
2016-07-13,4.370000,4.380000,4.320000,4.320000,4.073113,13582000,-0.011441647597253964
2016-07-14,4.320000,4.330000,4.200000,4.280000,4.035399,21213500,-0.009259259259259267
2016-07-15,4.220000,4.310000,4.220000,4.260000,4.016542,12964900,0.009478672985782
2016-07-18,4.280000,4.310000,4.270000,4.290000,4.044828,6553200,0.002336448598130791
2016-07-19,4.300000,4.310000,4.230000,4.280000,4.035399,6483600,-0.0046511627906975755
2016-07-20,4.280000,4.290000,4.240000,4.240000,3.997685,6990600,-0.009345794392523372
2016-07-21,4.240000,4.270000,4.200000,4.200000,3.959971,11343600,-0.009433962264150952
2016-07-22,4.200000,4.210000,4.160000,4.180000,3.941115,9886200,-0.004761904761904872
2016-07-25,4.200000,4.240000,4.170000,4.240000,3.997685,9424800,0.009523809523809532
2016-07-26,4.240000,4.240000,4.170000,4.180000,3.941115,3783500,-0.014150943396226532
2016-07-27,4.200000,4.290000,4.190000,4.290000,4.044828,6327000,0.021428571428571394
2016-07-28,4.290000,4.300000,4.260000,4.290000,4.044828,7687300,0.0
2016-07-29,4.280000,4.400000,4.270000,4.390000,4.139113,17891800,0.025700934579439116
2016-08-01,4.410000,4.520000,4.410000,4.460000,4.205112,22182000,0.011337868480725584
2016-08-02,4.500000,4.520000,4.390000,4.450000,4.195683,20433700,-0.011111111111111072
2016-08-03,4.390000,4.430000,4.360000,4.360000,4.110827,11896400,-0.006833712984054525
2016-08-04,4.360000,4.410000,4.350000,4.400000,4.148541,8837100,0.009174311926605512
2016-08-05,4.380000,4.420000,4.350000,4.420000,4.167399,8067200,0.009132420091324209
2016-08-08,4.430000,4.520000,4.420000,4.520000,4.261683,21169200,0.020316027088036086
2016-08-09,4.530000,4.530000,4.470000,4.500000,4.242826,14585000,-0.006622516556291445
2016-08-10,4.480000,4.510000,4.450000,4.490000,4.233398,12019200,0.0022321428571428093
2016-08-11,4.480000,4.600000,4.480000,4.600000,4.337111,18132100,0.026785714285714107
2016-08-12,4.600000,4.630000,4.570000,4.620000,4.355968,13682100,0.004347826086956622
2016-08-15,4.620000,4.670000,4.610000,4.660000,4.393682,14569300,0.008658008658008665
2016-08-16,4.670000,4.760000,4.660000,4.750000,4.478539,21942500,0.01713062098501072
2016-08-17,4.750000,4.760000,4.710000,4.740000,4.469110,16018100,-0.002105263157894692
2016-08-18,4.750000,4.750000,4.700000,4.730000,4.459682,4647800,-0.004210526315789384
2016-08-19,4.720000,4.740000,4.670000,4.670000,4.403111,4540300,-0.010593220338983014
2016-08-22,4.670000,4.710000,4.630000,4.700000,4.431396,3545700,0.006423982869379069
2016-08-23,4.690000,4.710000,4.650000,4.690000,4.421968,7319800,0.0
2016-08-24,4.700000,4.700000,4.660000,4.680000,4.412539,5387400,-0.004255319148936268
2016-08-25,4.650000,4.700000,4.650000,4.690000,4.421968,7612500,0.008602150537634416
2016-08-26,4.690000,4.700000,4.670000,4.700000,4.431396,8550600,0.0021321961620468627
2016-08-29,4.700000,4.800000,4.690000,4.080000,3.846829,14595900,-0.1319148936170213
2016-08-30,4.810000,4.860000,4.760000,4.770000,4.497396,16943500,-0.008316008316008323
2016-09-01,4.900000,4.900000,4.690000,4.760000,4.487968,17072600,-0.028571428571428685
2016-09-02,4.790000,4.800000,4.740000,4.770000,4.497396,7862200,-0.004175365344467738
2016-09-05,4.760000,4.790000,4.710000,4.740000,4.469110,8560400,-0.004201680672268818
2016-09-06,4.740000,4.830000,4.730000,4.830000,4.553967,6517300,0.018987341772151868
2016-09-07,4.820000,4.910000,4.780000,4.900000,4.619967,13455400,0.016597510373443997
2016-09-08,4.890000,4.940000,4.850000,4.920000,4.638824,10854200,0.0061349693251534256
2016-09-09,4.930000,4.930000,4.860000,4.900000,4.619967,9916700,-0.006085192697768633
2016-09-13,4.850000,4.880000,4.700000,4.740000,4.469110,14452400,-0.022680412371133905
2016-09-14,4.710000,4.740000,4.660000,4.700000,4.431396,12650900,-0.0021231422505307404
2016-09-15,4.710000,4.740000,4.640000,4.640000,4.374825,15902200,-0.01486199575371556
2016-09-19,4.650000,4.700000,4.650000,4.650000,4.384254,10131800,0.0
2016-09-20,4.660000,4.680000,4.630000,4.650000,4.384254,8648400,-0.00214592274678107
2016-09-21,4.680000,4.690000,4.660000,4.680000,4.412539,9967700,0.0
2016-09-22,4.700000,4.730000,4.680000,4.700000,4.431396,12750900,0.0
2016-09-23,4.720000,4.750000,4.690000,4.710000,4.440825,6490900,-0.002118644067796565
2016-09-26,4.710000,4.800000,4.700000,4.800000,4.525682,6887500,0.01910828025477704
2016-09-27,4.700000,4.800000,4.700000,4.770000,4.573623,7075100,0.014893617021276466
2016-09-28,4.770000,4.870000,4.750000,4.820000,4.621565,10652100,0.010482180293501198
2016-09-29,4.820000,4.880000,4.790000,4.820000,4.621565,6303000,0.0
2016-09-30,4.820000,4.830000,4.690000,4.710000,4.516093,13084200,-0.022821576763485542
2016-10-04,4.760000,4.780000,4.730000,4.760000,4.564035,8256600,0.0
2016-10-05,4.730000,4.790000,4.730000,4.790000,4.592800,11833300,0.012684989429175392
2016-10-06,4.780000,4.800000,4.750000,4.790000,4.592800,16496300,0.002092050209204976
2016-10-07,4.790000,4.800000,4.770000,4.800000,4.602388,10760100,0.002087682672233776
2016-10-10,4.800000,4.800000,4.730000,4.740000,4.544858,6028900,-0.01249999999999992
2016-10-11,4.750000,4.800000,4.740000,4.790000,4.592800,14339200,0.008421052631578954
2016-10-12,4.780000,4.820000,4.760000,4.810000,4.611976,12678400,0.006276150627614929
2016-10-13,4.790000,4.840000,4.780000,4.820000,4.621565,16016600,0.006263048016701514
2016-10-14,4.800000,4.830000,4.720000,4.750000,4.554447,16980700,-0.01041666666666663
2016-10-17,4.770000,4.790000,4.730000,4.770000,4.573623,8737200,0.0
2016-10-18,4.760000,4.840000,4.740000,4.840000,4.640741,12288000,0.016806722689075647
2016-10-19,4.850000,4.880000,4.810000,4.870000,4.669506,12661100,0.004123711340206281
2016-10-20,4.860000,4.940000,4.840000,4.930000,4.727036,9955700,0.014403292181069834
2016-10-21,4.930000,5.040000,4.930000,5.040000,4.832508,25701300,0.022312373225152195
2016-10-24,5.010000,5.100000,5.000000,5.080000,4.870861,20895300,0.01397205588822361
2016-10-25,5.080000,5.100000,5.060000,5.080000,4.870861,8161500,0.0
2016-10-26,5.070000,5.070000,5.000000,5.010000,4.803743,9695200,-0.011834319526627316
2016-10-27,5.010000,5.010000,4.980000,5.000000,4.794154,7250200,-0.0019960079840318935
2016-10-28,5.000000,5.050000,4.980000,5.030000,4.822919,11356600,0.0060000000000000496
2016-10-31,5.030000,5.050000,4.880000,5.030000,4.822919,6679800,0.0
2016-11-01,5.030000,5.050000,4.980000,4.980000,4.774978,10442200,-0.009940357852882668
2016-11-02,4.960000,4.980000,4.830000,4.880000,4.679094,16910500,-0.01612903225806453
2016-11-03,4.880000,4.880000,4.760000,4.760000,4.564035,18406200,-0.024590163934426253
2016-11-04,4.760000,4.790000,4.720000,4.770000,4.573623,17898800,0.002100840336134409
2016-11-07,4.770000,4.820000,4.750000,4.750000,4.554447,11139500,-0.00419287211740033
2016-11-08,4.790000,4.860000,4.750000,4.860000,4.659918,13342600,0.014613778705636802
2016-11-09,4.880000,4.890000,4.710000,4.800000,4.602388,25778600,-0.016393442622950834
2016-11-10,4.870000,5.020000,4.850000,4.970000,4.765389,29429400,0.020533880903490686
2016-11-11,4.960000,4.960000,4.830000,4.840000,4.640741,27392200,-0.024193548387096794
2016-11-14,4.800000,4.810000,4.770000,4.770000,4.573623,22143600,-0.006250000000000052
2016-11-15,4.800000,4.810000,4.750000,4.790000,4.592800,12837800,-0.002083333333333289
2016-11-16,4.800000,4.860000,4.780000,4.790000,4.592800,20614900,-0.002083333333333289
2016-11-17,4.810000,4.810000,4.670000,4.700000,4.506505,24987500,-0.022869022869022752
2016-11-18,4.710000,4.730000,4.610000,4.640000,4.448975,16918400,-0.01486199575371556
2016-11-21,4.630000,4.690000,4.630000,4.690000,4.496917,12280000,0.012958963282937472
2016-11-22,4.690000,4.710000,4.640000,4.660000,4.468152,15531100,-0.006396588486140778
2016-11-23,4.660000,4.670000,4.600000,4.600000,4.410622,17751200,-0.012875536480686801
2016-11-24,4.600000,4.660000,4.560000,4.640000,4.448975,8866200,0.008695652173913052
2016-11-25,4.650000,4.670000,4.630000,4.660000,4.468152,6901700,0.002150537634408556
2016-11-28,4.660000,4.670000,4.640000,4.660000,4.468152,7595800,0.0
2016-11-29,4.650000,4.660000,4.600000,4.620000,4.429798,11700100,-0.006451612903225859
2016-11-30,4.630000,4.640000,4.570000,4.570000,4.381857,17973900,-0.012958963282937282
2016-12-01,4.590000,4.680000,4.570000,4.670000,4.477740,11267800,0.01742919389978215
2016-12-02,4.670000,4.690000,4.650000,4.670000,4.477740,11929000,0.0
2016-12-05,4.670000,4.670000,4.620000,4.630000,4.439387,6831400,-0.00856531049250536
2016-12-06,4.620000,4.660000,4.600000,4.640000,4.448975,12923300,0.004329004329004236
2016-12-07,4.670000,4.670000,4.620000,4.640000,4.448975,11073200,-0.006423982869379069
2016-12-08,4.660000,4.690000,4.620000,4.640000,4.448975,8932900,-0.004291845493562331
2016-12-09,4.630000,4.670000,4.620000,4.650000,4.458563,15297600,0.004319654427645888
2016-12-13,4.700000,4.700000,4.630000,4.660000,4.468152,16640600,-0.008510638297872348
2016-12-14,4.670000,4.670000,4.620000,4.650000,4.458563,8975300,-0.004282655246252586
2016-12-15,4.620000,4.650000,4.590000,4.620000,4.429798,11937500,0.0
2016-12-16,4.640000,4.640000,4.600000,4.600000,4.410622,10131100,-0.008620689655172422
2016-12-19,4.590000,4.620000,4.580000,4.600000,4.410622,8172400,0.0021786492374727207
2016-12-20,4.610000,4.630000,4.580000,4.600000,4.410622,7581500,-0.00216919739696327
2016-12-21,4.580000,4.610000,4.540000,4.540000,4.353092,13140500,-0.00873362445414848
2016-12-22,4.550000,4.580000,4.540000,4.570000,4.381857,7977000,0.004395604395604497
2016-12-23,4.570000,4.610000,4.550000,4.580000,4.391445,6350200,0.002188183807439778
2016-12-27,4.580000,4.600000,4.550000,4.580000,4.391445,4815200,0.0
2016-12-28,4.580000,4.580000,4.550000,4.560000,4.372269,6444500,-0.004366812227074336
2016-12-29,4.570000,4.580000,4.550000,4.560000,4.372269,6713700,-0.0021881838074399723
2016-12-30,4.560000,4.560000,4.490000,4.510000,4.324327,7239300,-0.010964912280701716
2017-01-02,4.510000,4.510000,4.510000,4.510000,4.324327,0,0.0
2017-01-03,4.530000,4.570000,4.510000,4.540000,4.353092,12056200,0.0022075055187637496
2017-01-04,4.540000,4.620000,4.540000,4.600000,4.410622,19551700,0.013215859030836918
2017-01-05,4.620000,4.670000,4.600000,4.660000,4.468152,20520700,0.008658008658008665
2017-01-06,4.660000,4.740000,4.660000,4.740000,4.544858,18234800,0.01716738197424894
2017-01-09,4.750000,4.790000,4.740000,4.760000,4.564035,13204800,0.002105263157894692
2017-01-10,4.760000,4.800000,4.750000,4.800000,4.602388,15809700,0.008403361344537823
2017-01-11,4.810000,4.830000,4.800000,4.820000,4.621565,19984100,0.0020790020790022196
2017-01-12,4.820000,4.870000,4.820000,4.860000,4.659918,23162100,0.008298755186721999
2017-01-13,4.850000,4.880000,4.810000,4.820000,4.621565,11672300,-0.006185567010309147
2017-01-16,4.820000,4.820000,4.710000,4.720000,4.525681,19593700,-0.02074688796680509
2017-01-17,4.720000,4.750000,4.710000,4.740000,4.544858,13155400,0.004237288135593318
2017-01-18,4.740000,4.820000,4.740000,4.820000,4.621565,19247000,0.016877637130801704
2017-01-19,4.830000,4.840000,4.790000,4.820000,4.621565,11505300,-0.0020703933747411567
2017-01-20,4.820000,4.860000,4.820000,4.840000,4.640741,19609400,0.004149377593360907
2017-01-23,4.800000,4.880000,4.800000,4.880000,4.679094,23353600,0.016666666666666684
2017-01-24,4.880000,4.930000,4.860000,4.920000,4.717448,32865800,0.008196721311475417
2017-01-25,4.930000,4.970000,4.920000,4.960000,4.755801,22045300,0.006085192697768814
2017-01-26,4.960000,5.020000,4.950000,5.020000,4.813331,30947000,0.012096774193548309
2017-01-27,5.020000,5.020000,4.960000,5.000000,4.794154,7421100,-0.003984063745019836
2017-01-31,5.000000,5.010000,4.910000,4.970000,4.765389,6884300,-0.0060000000000000496
2017-02-02,5.000000,5.000000,4.940000,4.950000,4.746212,7697500,-0.009999999999999964
2017-02-03,4.950000,4.980000,4.930000,4.970000,4.765389,9580100,0.0040404040404039545
2017-02-06,4.970000,5.000000,4.960000,4.970000,4.765389,11135800,0.0
2017-02-07,4.970000,4.980000,4.920000,4.970000,4.765389,10250700,0.0
2017-02-08,4.940000,5.000000,4.940000,5.000000,4.794154,13899300,0.012145748987854171
2017-02-10,5.080000,5.150000,5.060000,5.080000,4.870861,24387100,0.0
2017-02-13,5.110000,5.190000,5.110000,5.170000,4.957155,17998000,0.01174168297455961
2017-02-14,5.170000,5.180000,5.150000,5.170000,4.957155,18436200,0.0
2017-02-15,5.170000,5.180000,5.150000,5.170000,4.957155,17645500,0.0
2017-02-16,5.170000,5.170000,5.070000,5.090000,4.880449,13791100,-0.01547388781431336
2017-02-17,5.090000,5.100000,5.070000,5.080000,4.870861,12141700,-0.001964636542239644
2017-02-20,5.080000,5.140000,5.070000,5.090000,4.880449,7797100,0.001968503937007832
2017-02-21,5.120000,5.140000,5.080000,5.080000,4.870861,7434400,-0.007812500000000007
2017-02-22,5.090000,5.130000,5.040000,5.080000,4.870861,19755600,-0.001964636542239644
2017-02-23,5.090000,5.100000,5.070000,5.090000,4.880449,8821800,0.0
2017-02-24,5.080000,5.110000,5.060000,5.080000,4.870861,11758700,0.0
2017-02-27,5.070000,5.110000,4.940000,4.940000,4.736624,8797100,-0.02564102564102562
2017-02-28,4.950000,5.010000,4.910000,4.970000,4.765389,19316000,0.0040404040404039545
2017-03-01,5.040000,5.110000,5.010000,5.090000,4.880449,19179100,0.009920634920634885
2017-03-02,5.110000,5.270000,5.110000,5.200000,4.985920,19108700,0.0176125244618395
2017-03-03,5.220000,5.250000,5.130000,5.220000,5.005097,17092100,0.0
2017-03-06,5.230000,5.500000,5.210000,5.460000,5.235216,29294400,0.04397705544933069
2017-03-07,5.470000,5.480000,5.390000,5.450000,5.225628,21801600,-0.0036563071297988255
2017-03-08,5.390000,5.440000,5.360000,5.370000,5.148921,13200500,-0.003710575139146489
2017-03-09,5.360000,5.430000,5.350000,5.380000,5.158510,11297800,0.0037313432835820097
2017-03-10,5.400000,5.410000,5.310000,5.370000,5.148921,17860300,-0.005555555555555601
2017-03-13,5.370000,5.420000,5.370000,5.400000,5.177687,16426700,0.005586592178770996
2017-03-14,5.400000,5.470000,5.370000,5.420000,5.196863,21192000,0.0037037037037036245
2017-03-15,5.400000,5.400000,5.350000,5.360000,5.139334,9596400,-0.007407407407407414
2017-03-16,5.400000,5.590000,5.400000,5.590000,5.359864,49447300,0.03518518518518509
2017-03-17,5.590000,5.770000,5.580000,5.650000,5.417395,54988200,0.0107334525939178
2017-03-20,5.670000,5.830000,5.620000,5.650000,5.417395,30954400,-0.0035273368606701188
2017-03-21,5.660000,5.730000,5.620000,5.650000,5.417395,15961200,-0.001766784452296782
2017-03-22,5.600000,5.630000,5.550000,5.600000,5.369452,22453200,0.0
2017-03-23,5.630000,5.700000,5.600000,5.600000,5.369452,24020000,-0.005328596802841963
2017-03-24,5.650000,5.660000,5.610000,5.620000,5.388629,11266800,-0.00530973451327438
2017-03-27,5.640000,5.720000,5.620000,5.620000,5.388629,15788500,-0.0035460992907800663
2017-03-28,5.610000,5.630000,5.550000,5.560000,5.447414,13847000,-0.008912655971479628
2017-03-29,5.570000,5.610000,5.560000,5.580000,5.467009,16857800,0.001795332136445204
2017-04-03,5.560000,5.630000,5.520000,5.590000,5.476807,14029300,0.0053956834532374555
2017-04-04,5.590000,5.610000,5.550000,5.570000,5.457212,26709600,-0.003577817531305827
2017-04-05,5.570000,5.580000,5.550000,5.560000,5.447414,29113900,-0.0017953321364453634
2017-04-06,5.560000,5.570000,5.480000,5.490000,5.378831,22467000,-0.012589928057553849
2017-04-07,5.480000,5.520000,5.430000,5.460000,5.349439,19226800,-0.0036496350364964344
2017-04-10,5.460000,5.500000,5.450000,5.470000,5.359236,10645500,0.0018315018315017925
2017-04-11,5.480000,5.500000,5.420000,5.460000,5.349439,8374500,-0.0036496350364964344
2017-04-12,5.460000,5.470000,5.430000,5.470000,5.359236,9352800,0.0018315018315017925
2017-04-13,5.470000,5.470000,5.330000,5.380000,5.271059,24831200,-0.01645338208409504
2017-04-14,5.380000,5.400000,5.320000,5.380000,5.271059,8596800,0.0
2017-04-17,5.370000,5.480000,5.370000,5.450000,5.339642,8019100,0.014897579143389213
2017-04-18,5.500000,5.500000,5.460000,5.480000,5.369034,11131900,-0.0036363636363635587
2017-04-19,5.470000,5.500000,5.450000,5.480000,5.369034,4937700,0.0018281535648995751
2017-04-20,5.460000,5.530000,5.460000,5.500000,5.388629,9097700,0.007326007326007333
2017-04-21,5.530000,5.650000,5.530000,5.610000,5.496402,12234500,0.014466546112115744
2017-04-24,5.630000,5.630000,5.630000,5.630000,5.515997,0,0.0
2017-04-25,5.720000,5.810000,5.650000,5.750000,5.633567,23817500,0.005244755244755288
2017-04-26,5.770000,5.790000,5.740000,5.750000,5.633567,18217900,-0.0034662045060657844
2017-04-27,5.790000,5.820000,5.750000,5.750000,5.633567,15391200,-0.0069084628670120956
2017-04-28,5.780000,5.800000,5.740000,5.740000,5.623769,14800400,-0.006920415224913501
2017-05-02,5.800000,5.940000,5.750000,5.880000,5.760934,21615500,0.013793103448275874
2017-05-03,5.910000,5.960000,5.780000,5.810000,5.692352,9946600,-0.01692047377326574
2017-05-04,5.810000,5.840000,5.710000,5.790000,5.672757,16082200,-0.003442340791738309
2017-05-05,5.780000,5.840000,5.740000,5.810000,5.692352,16025700,0.005190311418685011
2017-05-08,5.820000,5.850000,5.810000,5.830000,5.711947,14414400,0.0017182130584192073
2017-05-09,5.840000,5.880000,5.840000,5.850000,5.731542,17008100,0.0017123287671232511
2017-05-11,5.930000,5.980000,5.900000,5.910000,5.790327,25853800,-0.0033726812816188153
2017-05-12,5.930000,5.960000,5.910000,5.950000,5.829517,19914800,0.003372681281618965
2017-05-15,5.950000,5.970000,5.920000,5.940000,5.819719,7276600,-0.0016806722689075271
2017-05-16,5.960000,5.990000,5.920000,5.970000,5.849112,16644000,0.0016778523489932528
2017-05-17,5.970000,5.970000,5.930000,5.950000,5.829517,7486500,-0.0033500837520937313
2017-05-18,5.900000,5.970000,5.900000,5.940000,5.819719,24938900,0.006779661016949158
2017-05-19,5.950000,5.990000,5.930000,5.960000,5.839314,29244400,0.0016806722689075271
2017-05-22,5.990000,5.990000,5.940000,5.950000,5.829517,12673800,-0.0066777963272120254
2017-05-23,5.950000,6.010000,5.910000,5.990000,5.868707,18033400,0.006722689075630258
2017-05-24,6.000000,6.230000,5.950000,6.130000,6.005872,27869200,0.02166666666666665
2017-05-25,6.240000,6.430000,6.170000,6.320000,6.192025,33326500,0.012820512820512832
2017-05-26,6.300000,6.400000,6.290000,6.350000,6.221417,26516100,0.007936507936507908
2017-05-29,6.350000,6.360000,6.310000,6.340000,6.211620,11919500,-0.0015748031496062658
2017-05-31,6.300000,6.400000,6.290000,6.400000,6.270405,47276500,0.01587301587301596
2017-06-01,6.380000,6.540000,6.370000,6.500000,6.368380,20931900,0.018808777429467103
2017-06-02,6.500000,6.680000,6.500000,6.610000,6.476152,23130300,0.01692307692307697
2017-06-05,6.630000,6.870000,6.610000,6.750000,6.613317,20839200,0.018099547511312233
2017-06-06,6.750000,6.830000,6.660000,6.740000,6.603520,16414800,-0.00148148148148145
2017-06-07,6.750000,6.800000,6.670000,6.710000,6.574128,20957500,-0.005925925925925931
2017-06-08,6.700000,6.720000,6.620000,6.670000,6.534937,19777200,-0.004477611940298544
2017-06-09,6.660000,6.680000,6.550000,6.630000,6.495748,20974800,-0.004504504504504542
2017-06-13,6.680000,6.770000,6.600000,6.610000,6.476152,45231300,-0.010479041916167576
2017-06-14,6.630000,6.750000,6.630000,6.730000,6.593723,28389500,0.015082956259426928
2017-06-15,6.750000,6.860000,6.740000,6.760000,6.623116,30211600,0.00148148148148145
2017-06-16,6.770000,6.780000,6.730000,6.730000,6.593723,34510100,-0.005908419497784217
2017-06-19,6.730000,6.730000,6.650000,6.670000,6.534937,14070900,-0.008915304606240787
2017-06-20,6.670000,6.700000,6.620000,6.640000,6.505545,18262700,-0.004497751124437818
2017-06-21,6.630000,6.680000,6.620000,6.650000,6.515343,20196900,0.003016591251885439
2017-06-22,6.670000,6.700000,6.620000,6.650000,6.515343,15637200,-0.0029985007496251236
2017-06-23,6.670000,6.680000,6.610000,6.680000,6.544735,8934100,0.0014992503748125618
2017-06-26,6.660000,6.660000,6.660000,6.660000,6.525140,0,0.0
2017-06-27,6.660000,6.660000,6.660000,6.660000,6.525140,0,0.0
2017-06-28,6.750000,6.830000,6.640000,6.680000,6.544735,21960600,-0.010370370370370412
2017-06-29,6.690000,6.690000,6.630000,6.640000,6.505545,8854900,-0.007473841554559149
2017-06-30,6.660000,6.670000,6.430000,6.580000,6.446760,15453000,-0.012012012012012022
2017-07-03,6.480000,6.570000,6.400000,6.520000,6.387975,15299600,0.006172839506172707
2017-07-04,6.540000,6.570000,6.490000,6.510000,6.378178,24469900,-0.004587155963302791
2017-07-05,6.510000,6.520000,6.490000,6.510000,6.378178,11837400,0.0
2017-07-06,6.510000,6.600000,6.500000,6.600000,6.466355,12243100,0.013824884792626706
2017-07-07,6.590000,6.600000,6.540000,6.550000,6.417367,13557000,-0.0060698027314112345
2017-07-10,6.530000,6.550000,6.480000,6.530000,6.397773,12319500,0.0
2017-07-11,6.450000,6.500000,6.340000,6.390000,6.260607,25819500,-0.009302325581395425
2017-07-12,6.400000,6.400000,6.290000,6.310000,6.182227,20729200,-0.014062500000000117
2017-07-13,6.330000,6.370000,6.300000,6.340000,6.211620,23927300,0.0015797788309636315
2017-07-14,6.390000,6.410000,6.310000,6.340000,6.211620,12973100,-0.007824726134585262
2017-07-17,6.350000,6.370000,6.240000,6.280000,6.152835,10224700,-0.011023622047244
2017-07-18,6.330000,6.350000,6.290000,6.330000,6.201822,13756700,0.0
2017-07-19,6.360000,6.500000,6.350000,6.420000,6.290000,12896400,0.009433962264150882
2017-07-20,6.450000,6.450000,6.300000,6.310000,6.182227,21321100,-0.021705426356589234
2017-07-21,6.350000,6.390000,6.330000,6.350000,6.221417,20201300,0.0
2017-07-24,6.390000,6.400000,6.330000,6.340000,6.211620,8340100,-0.007824726134585262
2017-07-25,6.410000,6.450000,6.330000,6.350000,6.221417,11523200,-0.009360374414976676
2017-07-26,6.380000,6.400000,6.350000,6.400000,6.270405,10637600,0.0031347962382445864
2017-07-27,6.430000,6.610000,6.430000,6.590000,6.456558,25349300,0.024883359253499247
2017-07-28,6.600000,6.730000,6.570000,6.640000,6.505545,60290200,0.006060606060606067
2017-07-31,6.700000,6.700000,6.500000,6.550000,6.417367,27703200,-0.022388059701492588
2017-08-01,6.600000,6.640000,6.510000,6.510000,6.378178,13198400,-0.013636363636363615
2017-08-02,6.540000,6.570000,6.530000,6.560000,6.427165,14161200,0.003058103975535103
2017-08-03,6.560000,6.600000,6.510000,6.600000,6.466355,11286300,0.0060975609756097615
2017-08-04,6.670000,6.770000,6.600000,6.620000,6.485950,12685200,-0.007496251874062942
2017-08-07,6.640000,6.710000,6.620000,6.680000,6.544735,8310400,0.006024096385542174
2017-08-08,6.700000,6.770000,6.690000,6.760000,6.623116,14608500,0.008955223880596956
2017-08-09,6.780000,6.790000,6.730000,6.760000,6.623116,7135800,-0.0029498525073746993
2017-08-10,6.760000,6.780000,6.700000,6.780000,6.642710,6269900,0.002958579881656873
2017-08-11,6.730000,6.800000,6.700000,6.800000,6.662305,12182100,0.010401188707280741
2017-08-14,6.750000,6.810000,6.740000,6.780000,6.642710,10078800,0.004444444444444481
2017-08-15,6.770000,6.810000,6.750000,6.780000,6.642710,7486600,0.0014771048744461855
2017-08-16,6.790000,6.790000,6.730000,6.770000,6.632913,10244200,-0.0029455081001473434
2017-08-17,6.770000,6.810000,6.730000,6.770000,6.632913,7602600,0.0
2017-08-18,6.710000,6.770000,6.690000,6.770000,6.632913,7143000,0.008941877794336752
2017-08-21,6.750000,6.770000,6.720000,6.750000,6.613317,10316000,0.0
2017-08-22,6.770000,6.770000,6.720000,6.750000,6.613317,10687900,-0.0029542097488921087
2017-08-23,6.750000,6.760000,6.720000,6.740000,6.603520,15680600,-0.00148148148148145
2017-08-24,6.710000,6.730000,6.510000,6.720000,6.583925,15095800,0.0014903129657227701
2017-08-25,6.700000,6.720000,6.620000,6.720000,6.583925,5878200,0.002985074626865608
2017-08-28,6.650000,6.780000,6.620000,6.780000,6.642710,6736500,0.01954887218045111
2017-08-29,6.790000,6.800000,6.680000,6.700000,6.564330,19642300,-0.013254786450662718
2017-08-31,7.080000,7.080000,7.080000,7.080000,6.936635,0,0.0
2017-09-01,7.080000,7.080000,7.080000,7.080000,6.936635,0,0.0
2017-09-05,7.000000,7.000000,6.710000,6.760000,6.623116,15962400,-0.034285714285714315
2017-09-06,6.760000,6.810000,6.720000,6.750000,6.613317,6913300,-0.0014792899408283709
2017-09-07,6.770000,6.910000,6.740000,6.910000,6.770078,16763400,0.020679468242245286
2017-09-08,6.870000,6.870000,6.760000,6.760000,6.623116,6675800,-0.016011644832605577
2017-09-11,6.760000,6.810000,6.760000,6.770000,6.632913,10169400,0.0014792899408283709
2017-09-12,6.780000,6.800000,6.730000,6.800000,6.662305,18131600,0.0029498525073745683
2017-09-13,6.780000,6.800000,6.720000,6.720000,6.583925,5199900,-0.008849557522123967
2017-09-14,6.740000,6.760000,6.710000,6.730000,6.593723,7145000,-0.0014836795252225203
2017-09-15,6.730000,6.750000,6.530000,6.750000,6.613317,25743300,0.0029717682020801743
2017-09-18,6.700000,6.710000,6.620000,6.690000,6.554533,11429700,-0.001492537313432804
2017-09-19,6.650000,6.670000,6.460000,6.460000,6.329190,20290300,-0.02857142857142863
2017-09-20,6.320000,6.370000,6.220000,6.310000,6.182227,72186200,-0.0015822784810127649
2017-09-21,6.310000,6.390000,6.290000,6.350000,6.221417,56228200,0.00633914421553091
2017-09-22,6.350000,6.350000,6.350000,6.350000,6.221417,0,0.0
2017-09-25,6.350000,6.350000,6.260000,6.310000,6.182227,61025200,-0.006299212598425203
2017-09-26,6.300000,6.340000,6.260000,6.340000,6.211620,58168500,0.006349206349206355
2017-09-27,6.310000,6.340000,6.270000,6.300000,6.172430,16930900,-0.001584786053882692
2017-09-28,6.300000,6.350000,6.270000,6.270000,6.143037,21701200,-0.004761904761904801
2017-09-29,6.300000,6.320000,6.260000,6.300000,6.172430,23282200,0.0
2017-10-02,6.300000,6.350000,6.290000,6.340000,6.211620,17738300,0.006349206349206355
2017-10-03,6.340000,6.370000,6.320000,6.360000,6.231215,22027900,0.0031545741324921863
2017-10-04,6.360000,6.450000,6.350000,6.410000,6.280202,16795300,0.007861635220125758
2017-10-05,6.400000,6.420000,6.370000,6.400000,6.270405,11585600,0.0
2017-10-06,6.410000,6.440000,6.400000,6.410000,6.280202,14384900,0.0
2017-10-09,6.410000,6.460000,6.410000,6.420000,6.290000,15881900,0.0015600624024960665
2017-10-10,6.300000,6.330000,6.250000,6.280000,6.280000,8175400,-0.003174603174603107
2017-10-11,6.270000,6.300000,6.260000,6.290000,6.290000,10968600,0.0031897926634769477
2017-10-12,6.320000,6.320000,6.280000,6.290000,6.290000,10931100,-0.004746835443038014
2017-10-13,6.300000,6.330000,6.290000,6.320000,6.320000,13546900,0.003174603174603248
2017-10-16,6.340000,6.340000,6.230000,6.240000,6.240000,8948300,-0.01577287066246051
2017-10-17,6.200000,6.210000,6.140000,6.150000,6.150000,29179000,-0.008064516129032228
2017-10-18,6.150000,6.150000,6.150000,6.150000,6.150000,0,0.0
2017-10-19,6.200000,6.210000,6.150000,6.180000,6.180000,35395900,-0.003225806451612978
2017-10-20,6.200000,6.220000,6.170000,6.190000,6.190000,13239800,-0.0016129032258064171
2017-10-23,6.190000,6.230000,6.170000,6.180000,6.180000,14523400,-0.001615508885298978
2017-10-24,6.200000,6.210000,6.050000,6.110000,6.110000,22162300,-0.014516129032258041
2017-10-25,6.110000,6.120000,6.020000,6.100000,6.100000,10448000,-0.0016366612111294067
2017-10-26,6.090000,6.100000,6.040000,6.050000,6.050000,10868800,-0.006568144499178988
2017-10-27,6.050000,6.090000,6.050000,6.070000,6.070000,12482000,0.0033057851239670184
2017-10-30,6.100000,6.140000,6.070000,6.100000,6.100000,5725000,0.0
2017-10-31,6.130000,6.190000,6.100000,6.140000,6.140000,16536200,0.0016313213703099162
2017-11-01,6.130000,6.180000,6.130000,6.140000,6.140000,8196300,0.0016313213703099162
2017-11-02,6.150000,6.180000,6.140000,6.160000,6.160000,6448800,0.001626016260162567
2017-11-03,6.170000,6.240000,6.140000,6.210000,6.210000,14822700,0.006482982171799033
2017-11-06,6.210000,6.230000,6.190000,6.210000,6.210000,7798400,0.0
2017-11-07,6.200000,6.300000,6.190000,6.250000,6.250000,11699400,0.008064516129032228
2017-11-08,6.230000,6.250000,6.180000,6.180000,6.180000,5833900,-0.008025682182985668
2017-11-09,6.160000,6.240000,6.160000,6.210000,6.210000,5458100,0.008116883116883088
2017-11-10,6.220000,6.240000,6.180000,6.180000,6.180000,8262300,-0.006430868167202578
2017-11-13,6.180000,6.200000,6.130000,6.130000,6.130000,7824000,-0.008090614886731363
2017-11-14,6.130000,6.180000,6.050000,6.090000,6.090000,7904400,-0.00652528548123981
2017-11-15,6.090000,6.110000,6.000000,6.000000,6.000000,12182400,-0.014778325123152686
2017-11-16,5.930000,6.030000,5.880000,5.920000,5.920000,11864600,-0.0016863406408094076
2017-11-17,5.930000,6.020000,5.920000,6.000000,6.000000,12502900,0.011804384485666152
2017-11-20,6.000000,6.020000,5.980000,5.980000,5.980000,8121700,-0.0033333333333332624
2017-11-21,5.970000,6.000000,5.950000,5.950000,5.950000,7720500,-0.0033500837520937313
2017-11-22,5.960000,5.980000,5.940000,5.950000,5.950000,11100400,-0.0016778523489932528
2017-11-23,5.970000,6.060000,5.950000,5.980000,5.980000,6929200,0.0016750418760470144
2017-11-24,5.980000,5.990000,5.960000,5.980000,5.980000,4506300,0.0
2017-11-27,6.000000,6.000000,5.930000,5.970000,5.970000,6946000,-0.005000000000000042
2017-11-28,5.950000,5.970000,5.930000,5.930000,5.930000,11081800,-0.0033613445378152034
2017-11-29,5.950000,5.970000,5.910000,5.940000,5.940000,11308300,-0.0016806722689075271
2017-11-30,5.940000,6.090000,5.940000,6.050000,6.050000,47423000,0.01851851851851842
2017-12-01,6.050000,6.050000,6.050000,6.050000,6.050000,0,0.0
2017-12-04,6.010000,6.030000,5.950000,5.950000,5.950000,19065500,-0.009983361064891783
2017-12-05,5.950000,6.000000,5.950000,5.970000,5.970000,11611300,0.0033613445378150543
2017-12-06,5.950000,6.020000,5.950000,5.970000,5.970000,21382900,0.0033613445378150543
2017-12-07,6.000000,6.040000,5.970000,5.970000,5.970000,23724000,-0.005000000000000042
2017-12-08,5.970000,5.990000,5.950000,5.960000,5.960000,8558200,-0.0016750418760468656
2017-12-11,5.920000,5.970000,5.920000,5.950000,5.950000,9418900,0.0050675675675676095
2017-12-12,5.940000,6.190000,5.930000,6.180000,6.180000,5912300,0.04040404040404029
2017-12-13,6.160000,6.250000,6.070000,6.180000,6.180000,14576200,0.0032467532467531776
2017-12-14,6.180000,6.440000,6.150000,6.370000,6.370000,26865200,0.030744336569579353
2017-12-15,6.380000,6.420000,6.270000,6.310000,6.310000,26191400,-0.010971786833855844
2017-12-18,6.300000,6.330000,6.250000,6.290000,6.290000,9767900,-0.0015873015873015535
2017-12-19,6.290000,6.310000,6.210000,6.250000,6.250000,19113700,-0.006359300476947541
2017-12-20,6.230000,6.510000,6.220000,6.480000,6.480000,16401900,0.04012841091492777
2017-12-21,6.500000,6.550000,6.370000,6.550000,6.550000,13310400,0.007692307692307665
2017-12-22,6.540000,6.550000,6.470000,6.490000,6.490000,12705800,-0.0076452599388378934
2017-12-25,6.490000,6.490000,6.490000,6.490000,6.490000,0,0.0
2017-12-26,6.480000,6.500000,6.430000,6.480000,6.480000,6444400,0.0
2017-12-27,6.480000,6.530000,6.470000,6.500000,6.500000,6247600,0.0030864197530863537
2017-12-28,6.500000,6.570000,6.470000,6.540000,6.540000,8817900,0.006153846153846159
2017-12-29,6.520000,6.570000,6.480000,6.540000,6.540000,13852000,0.0030674846625767583
2018-01-03,6.540000,6.580000,6.500000,6.530000,6.530000,24822600,-0.0015290519877675516
2018-01-04,6.540000,6.560000,6.510000,6.550000,6.550000,30095900,0.0015290519877675516
2018-01-05,6.560000,6.700000,6.560000,6.700000,6.700000,35194800,0.021341463414634235
2018-01-08,6.700000,6.830000,6.630000,6.820000,6.820000,29909700,0.017910447761194045
2018-01-09,6.840000,6.850000,6.710000,6.750000,6.750000,19028600,-0.013157894736842085
2018-01-10,6.760000,6.780000,6.720000,6.740000,6.740000,17519400,-0.0029585798816567418
2018-01-11,6.700000,6.780000,6.700000,6.750000,6.750000,16372700,0.007462686567164152
2018-01-12,6.800000,6.840000,6.740000,6.780000,6.780000,16607900,-0.002941176470588173
2018-01-15,6.810000,6.820000,6.770000,6.790000,6.790000,15789200,-0.0029368575624081606
2018-01-16,6.800000,6.800000,6.760000,6.790000,6.790000,23597500,-0.0014705882352940864
2018-01-17,6.740000,6.810000,6.740000,6.770000,6.770000,7927300,0.0044510385756675605
2018-01-18,6.820000,6.820000,6.770000,6.800000,6.800000,18744400,-0.0029325513196481615
2018-01-19,6.810000,6.850000,6.800000,6.830000,6.830000,14689200,0.002936857562408291
2018-01-22,6.850000,6.910000,6.780000,6.890000,6.890000,13384700,0.005839416058394166
2018-01-23,6.900000,6.910000,6.850000,6.900000,6.900000,13137800,0.0
2018-01-24,6.900000,6.970000,6.890000,6.950000,6.950000,9536400,0.007246376811594177
2018-01-26,7.000000,7.060000,6.970000,7.060000,7.060000,18305400,0.008571428571428516
2018-01-29,7.070000,7.160000,7.050000,7.160000,7.160000,16049400,0.01272984441301271
2018-01-30,7.130000,7.360000,7.100000,7.250000,7.250000,20626900,0.016830294530154295
2018-09-07,5.920000,5.940000,5.880000,5.920000,5.920000,8946100,0.0
