2014-01-02,9.960000,10.000000,9.930000,9.930000,8.303359,4187100,-0.003012048192771198
2014-01-03,9.920000,10.000000,9.860000,9.910000,8.286635,8497800,-0.0010080645161290108
2014-01-06,9.930000,9.970000,9.910000,9.930000,8.303359,4161100,0.0
2014-01-07,9.950000,10.000000,9.890000,9.950000,8.320083,6060200,0.0
2014-01-08,9.930000,9.960000,9.800000,9.810000,8.203017,6238400,-0.012084592145015028
2014-01-09,9.820000,9.900000,9.810000,9.840000,8.228104,4862200,0.0020366598778003638
2014-01-10,9.800000,9.850000,9.790000,9.810000,8.203017,6862600,0.0010204081632652843
2014-01-13,9.810000,9.920000,9.800000,9.870000,8.253188,6135800,0.0061162079510702055
2014-01-15,9.850000,9.890000,9.800000,9.810000,8.203017,8620400,-0.00406091370558367
2014-01-16,9.830000,9.850000,9.760000,9.800000,8.194654,6814200,-0.003051881993896171
2014-01-20,9.790000,9.840000,9.770000,9.810000,8.203017,5572000,0.0020429009193055517
2014-01-21,9.810000,9.880000,9.800000,9.860000,8.244826,6287300,0.005096839959225171
2014-01-22,9.810000,9.880000,9.730000,9.780000,8.177932,9245500,-0.003058103975535284
2014-01-23,9.760000,9.800000,9.740000,9.760000,8.161207,7568400,0.0
2014-01-24,9.740000,9.740000,9.630000,9.670000,8.085950,12068600,-0.007186858316221795
2014-01-27,9.650000,9.650000,9.450000,9.470000,7.918713,17962400,-0.018652849740932613
2014-01-28,9.450000,9.620000,9.450000,9.580000,8.010694,7487800,0.01375661375661384
2014-01-29,9.570000,9.700000,9.560000,9.600000,8.027417,6131100,0.003134796238244447
2014-01-30,9.560000,9.650000,9.510000,9.630000,8.052504,5721800,0.007322175732217603
2014-02-03,9.630000,9.630000,9.630000,9.630000,8.052504,0,0.0
2014-02-04,9.590000,9.600000,9.470000,9.560000,7.993969,7287900,-0.0031282586027110908
2014-02-05,9.600000,9.680000,9.560000,9.630000,8.052504,4567500,0.0031250000000001186
2014-02-06,9.630000,9.700000,9.600000,9.700000,8.111035,7247600,0.007268951194184683
2014-02-07,9.710000,9.800000,9.710000,9.800000,8.194654,7446700,0.009268795056642621
2014-02-10,9.800000,9.850000,9.750000,9.820000,8.211378,5675000,0.0020408163265305686
2014-02-11,9.800000,9.850000,9.780000,9.820000,8.211378,6127900,0.0020408163265305686
2014-02-12,9.800000,9.830000,9.790000,9.800000,8.194654,4806500,0.0
2014-02-13,9.800000,9.840000,9.730000,9.760000,8.161207,6272000,-0.0040816326530613185
2014-02-14,9.760000,9.800000,9.740000,9.790000,8.186294,3716000,0.003073770491803213
2014-02-17,9.770000,9.820000,9.740000,9.750000,8.152845,7961100,-0.002047082906857684
2014-02-18,9.750000,9.760000,9.720000,9.750000,8.152845,5340700,0.0
2014-02-19,9.710000,9.800000,9.710000,9.750000,8.152845,6788500,0.004119464469618862
2014-02-20,9.720000,9.760000,9.720000,9.750000,8.152845,4703700,0.0030864197530863537
2014-02-21,9.750000,9.770000,9.740000,9.760000,8.161207,6074300,0.0010256410256410037
2014-02-24,9.780000,9.780000,9.730000,9.750000,8.152845,5725100,-0.003067484662576622
2014-02-25,9.750000,9.750000,9.720000,9.730000,8.136122,5522100,-0.0020512820512820075
2014-02-26,9.740000,9.740000,9.650000,9.650000,8.069226,5576800,-0.009240246406570828
2014-02-27,9.650000,9.720000,9.650000,9.680000,8.094312,5493900,0.003108808290155374
2014-02-28,9.740000,9.780000,9.700000,9.730000,8.136122,13278400,-0.0010266940451745161
2014-03-03,9.790000,9.800000,9.670000,9.720000,8.127760,5491100,-0.007150153217568796
2014-03-04,9.690000,9.710000,9.610000,9.670000,8.085950,7439100,-0.002063983488132051
2014-03-05,9.650000,9.700000,9.630000,9.650000,8.069226,5898100,0.0
2014-03-06,9.680000,9.700000,9.640000,9.700000,8.111035,5050900,0.0020661157024792947
2014-03-07,9.700000,9.740000,9.660000,9.740000,8.144483,3990100,0.004123711340206281
2014-03-10,9.760000,9.760000,9.610000,9.660000,8.077588,4321300,-0.010245901639344227
2014-03-11,9.630000,9.650000,9.580000,9.590000,8.019055,5433400,-0.004153686396677146
2014-03-12,9.600000,9.620000,9.500000,9.510000,7.952160,6917200,-0.009374999999999986
2014-03-13,9.560000,9.570000,9.490000,9.510000,7.952160,7739400,-0.005230125523012627
2014-03-14,9.510000,9.510000,9.440000,9.500000,7.943798,10552800,-0.0010515247108306822
2014-03-17,9.590000,9.590000,9.520000,9.550000,7.985608,4985300,-0.004171011470281454
2014-03-18,9.570000,9.600000,9.550000,9.590000,8.019055,6167900,0.0020898641588296316
2014-03-19,9.590000,9.610000,9.560000,9.570000,8.002332,7390400,-0.002085505735140727
2014-03-20,9.580000,9.580000,9.520000,9.530000,7.968883,5693000,-0.005219206680584626
2014-03-21,9.530000,9.560000,9.500000,9.560000,7.993969,11091700,0.0031479538300106125
2014-03-24,9.580000,9.700000,9.530000,9.640000,8.060865,4953000,0.006263048016701514
2014-03-25,9.600000,9.660000,9.590000,9.640000,8.060865,5687900,0.004166666666666763
2014-03-26,9.660000,9.660000,9.640000,9.660000,8.077588,5312700,0.0
2014-03-27,9.650000,9.690000,9.610000,9.650000,8.069226,8791500,0.0
2014-03-28,9.600000,9.670000,9.600000,9.660000,8.077588,8863900,0.006250000000000052
2014-03-31,9.670000,9.680000,9.600000,9.680000,8.094312,11991200,0.0010341261633919118
2014-04-01,9.620000,9.680000,9.590000,9.670000,8.085950,5088800,0.0051975051975052715
2014-04-02,9.650000,9.690000,9.640000,9.670000,8.085950,5960600,0.0020725388601035826
2014-04-03,9.670000,9.690000,9.650000,9.680000,8.094312,7633900,0.0010341261633919118
2014-04-04,9.680000,9.770000,9.680000,9.760000,8.161207,11132300,0.008264462809917363
2014-04-07,9.760000,9.800000,9.750000,9.780000,8.177932,11858000,0.0020491803278688088
2014-04-08,9.800000,9.800000,9.730000,9.790000,8.186294,7042300,-0.0010204081632654656
2014-04-09,9.700000,9.740000,9.680000,9.710000,8.119398,10402300,0.0010309278350517075
2014-04-10,9.750000,9.780000,9.710000,9.750000,8.152845,8706500,0.0
2014-04-11,9.700000,9.770000,9.700000,9.760000,8.161207,8260400,0.00618556701030933
2014-04-14,9.750000,9.790000,9.740000,9.770000,8.169570,7910900,0.0020512820512820075
2014-04-15,9.730000,9.770000,9.730000,9.790000,8.186294,4994000,0.0061664953751283365
2014-04-16,9.790000,9.820000,9.750000,9.750000,8.152845,6158000,-0.004085801838610741
2014-04-17,9.760000,9.830000,9.750000,9.830000,8.219740,5915400,0.007172131147541013
2014-04-18,9.820000,9.840000,9.820000,9.830000,8.219740,2207800,0.0010183299389001819
2014-04-21,9.830000,10.000000,9.830000,9.970000,8.336807,3984600,0.014242115971515826
2014-04-22,9.970000,10.000000,9.970000,9.990000,8.353531,8385400,0.0020060180541624445
2014-04-23,10.000000,10.000000,9.980000,10.000000,8.361893,10149300,0.0
2014-04-24,9.950000,10.000000,9.950000,9.960000,8.328444,5280600,0.0010050251256282978
2014-04-25,9.990000,10.000000,9.940000,9.950000,8.320083,6374800,-0.004004004004004097
2014-04-28,9.950000,9.980000,9.930000,9.950000,8.320083,6808100,0.0
2014-04-29,9.710000,9.730000,9.630000,9.720000,8.424084,8106000,0.0010298661174047154
2014-04-30,9.740000,9.920000,9.740000,9.900000,8.580087,18889000,0.016427104722792622
2014-05-02,9.900000,9.900000,9.850000,9.880000,8.562753,8615300,-0.0020202020202019773
2014-05-05,9.800000,9.880000,9.800000,9.810000,8.502086,2476700,0.0010204081632652843
2014-05-06,9.810000,9.820000,9.790000,9.810000,8.502086,2455800,0.0
2014-05-07,9.800000,9.810000,9.750000,9.780000,8.476086,5823700,-0.00204081632653075
2014-05-08,9.780000,9.810000,9.780000,9.810000,8.502086,9336000,0.0030674846625768034
2014-05-09,9.780000,9.850000,9.770000,9.840000,8.528086,10129700,0.0061349693251534256
2014-05-12,9.850000,9.880000,9.820000,9.850000,8.536752,5095800,0.0
2014-05-14,9.950000,10.000000,9.890000,9.920000,8.597420,12397800,-0.0030150753768843582
2014-05-15,9.900000,9.940000,9.890000,9.940000,8.614753,8816100,0.0040404040404039545
2014-05-16,9.950000,9.960000,9.900000,9.950000,8.623420,11982300,0.0
2014-05-19,9.910000,10.000000,9.910000,9.980000,8.649419,15551300,0.007063572149344125
2014-05-20,9.950000,9.980000,9.950000,9.970000,8.640754,7463500,0.0020100502512564174
2014-05-21,9.980000,9.980000,9.890000,9.900000,8.580087,8438400,-0.008016032064128263
2014-05-22,9.910000,9.960000,9.900000,9.950000,8.623420,10476400,0.004036326942482255
2014-05-23,9.950000,9.960000,9.890000,9.900000,8.580087,6788700,-0.005025125628140597
2014-05-26,9.850000,9.900000,9.850000,9.880000,8.562753,3563400,0.003045685279187933
2014-05-27,9.880000,9.950000,9.860000,9.940000,8.614753,4207400,0.0060728744939269955
2014-05-28,9.940000,9.950000,9.840000,9.940000,8.614753,8788800,0.0
2014-05-29,9.950000,10.000000,9.940000,9.980000,8.649419,11533700,0.0030150753768845365
2014-06-17,9.770000,9.820000,9.740000,9.810000,8.502086,6312700,0.00409416581371555
2014-06-18,9.780000,9.830000,9.780000,9.820000,8.510752,2919500,0.004089979550102344
2014-06-19,9.820000,9.840000,9.800000,9.810000,8.502086,3668900,-0.0010183299389001819
2014-06-20,9.810000,9.820000,9.780000,9.800000,8.493419,6872900,-0.0010193679918450342
2014-06-23,9.820000,9.820000,9.800000,9.800000,8.493419,5215000,-0.0020366598778003638
2014-06-24,9.810000,9.840000,9.800000,9.830000,8.519418,5515700,0.0020387359836900685
2014-06-25,9.830000,9.860000,9.820000,9.830000,8.519418,4672400,0.0
2014-06-26,9.850000,9.860000,9.820000,9.830000,8.519418,6490300,-0.002030456852791835
2014-06-27,9.840000,9.840000,9.800000,9.800000,8.493419,7469900,-0.004065040650406418
2014-06-30,9.780000,9.840000,9.780000,9.830000,8.519418,6743200,0.005112474437627885
2014-07-01,9.830000,9.830000,9.800000,9.830000,8.519418,3780100,0.0
2014-07-02,9.830000,9.840000,9.810000,9.840000,8.528086,5419500,0.0010172939979653903
2014-07-03,9.840000,9.850000,9.820000,9.850000,8.536752,4748000,0.0010162601626016044
2014-07-04,9.850000,9.860000,9.830000,9.830000,8.519418,2633500,-0.002030456852791835
2014-07-07,9.840000,9.910000,9.820000,9.900000,8.580087,7788700,0.006097560975609807
2014-07-09,9.930000,9.990000,9.900000,9.990000,8.658086,7073800,0.006042296072507603
2014-07-10,9.950000,10.000000,9.950000,9.980000,8.649419,7652600,0.0030150753768845365
2014-07-11,9.980000,10.080000,9.970000,10.000000,8.666753,12486200,0.0020040080160320215
2014-07-14,10.000000,10.020000,9.980000,9.990000,8.658086,7174600,-0.0009999999999999788
2014-07-16,10.060000,10.100000,9.980000,10.000000,8.666753,8907100,-0.0059642147117296715
2014-07-17,10.000000,10.020000,9.980000,10.000000,8.666753,4712000,0.0
2014-07-18,9.970000,9.980000,9.910000,9.910000,8.588752,9562500,-0.006018054162487512
2014-07-21,9.950000,9.950000,9.880000,9.910000,8.588752,4914600,-0.004020100502512477
2014-07-22,9.900000,9.930000,9.890000,9.900000,8.580087,5745900,0.0
2014-07-23,9.900000,9.910000,9.880000,9.910000,8.588752,3314700,0.0010101010101009886
2014-07-24,9.910000,9.920000,9.890000,9.910000,8.588752,4472000,0.0
2014-07-31,9.960000,9.960000,9.880000,9.880000,8.562753,8406500,-0.008032128514056231
2014-08-01,9.870000,9.880000,9.850000,9.870000,8.554085,5029000,0.0
2014-08-05,9.980000,9.980000,9.930000,9.980000,8.649419,8865200,0.0
2014-08-07,9.970000,10.020000,9.960000,10.000000,8.666753,10115900,0.003009027081243667
2014-08-08,10.000000,10.000000,9.910000,9.930000,8.606086,7695500,-0.007000000000000029
2014-08-11,9.930000,9.950000,9.900000,9.930000,8.606086,5614700,0.0
2014-08-12,9.920000,9.950000,9.920000,9.940000,8.614753,8619400,0.0020161290322580215
2014-08-13,9.970000,9.990000,9.930000,9.940000,8.614753,8182700,-0.003009027081243845
2014-08-14,9.960000,10.020000,9.950000,10.000000,8.666753,8994100,0.004016064257028026
2014-08-15,10.000000,10.040000,9.980000,10.040000,8.701421,7170700,0.003999999999999915
2014-08-18,10.060000,10.100000,10.020000,10.020000,8.684087,5878500,-0.003976143141153173
2014-08-19,10.020000,10.080000,10.020000,10.080000,8.736088,6215000,0.005988023952095858
2014-08-20,10.080000,10.100000,10.040000,10.080000,8.736088,4476400,0.0
2014-08-26,10.060000,10.140000,10.040000,10.040000,8.701421,5523700,-0.001988071570576675
2014-08-29,10.100000,10.120000,10.060000,10.100000,8.753421,14862100,0.0
2014-09-03,10.140000,10.140000,9.990000,10.140000,8.788088,7416200,0.0
2014-09-04,10.180000,10.180000,10.120000,10.160000,8.805423,7364800,-0.001964636542239644
2014-09-05,10.120000,10.180000,10.100000,10.140000,8.788088,6464000,0.0019762845849803706
2014-09-12,10.000000,10.060000,9.980000,10.000000,8.666753,7491000,0.0
2014-09-15,10.000000,10.060000,9.920000,9.920000,8.597420,7970300,-0.008000000000000007
2014-09-17,9.960000,10.000000,9.950000,9.970000,8.640754,7663600,0.0010040160642570066
2014-09-22,10.040000,10.060000,10.000000,10.040000,8.701421,4326800,0.0
2014-09-25,9.860000,9.880000,9.820000,9.880000,8.562753,5662200,0.002028397565923058
2014-09-29,9.850000,9.900000,9.820000,9.890000,8.571419,5515600,0.00406091370558385
2014-09-30,9.890000,10.000000,9.890000,9.960000,8.632086,14153100,0.007077856420626924
2014-10-03,9.970000,9.990000,9.900000,9.920000,8.597420,7679100,-0.00501504513540629
2014-10-08,9.900000,9.980000,9.890000,9.890000,8.571419,8728100,-0.0010101010101009886
2014-10-16,9.580000,9.580000,9.380000,9.450000,8.190082,13130300,-0.013569937369519915
2014-10-17,9.450000,9.640000,9.440000,9.600000,8.320084,11441300,0.01587301587301591
2014-10-20,9.600000,9.790000,9.600000,9.690000,8.398084,6238700,0.009374999999999986
2014-10-21,9.690000,9.760000,9.640000,9.690000,8.398084,3301000,0.0
2014-10-22,9.690000,9.690000,9.690000,9.690000,8.398084,0,0.0
2014-10-24,9.770000,9.800000,9.690000,9.700000,8.406751,6066100,-0.0071647901740020765
2014-10-27,9.700000,9.720000,9.650000,9.680000,8.389418,7080200,-0.002061855670103049
2014-10-28,9.740000,9.740000,9.680000,9.700000,8.406751,7349300,-0.004106776180698247
2014-10-30,9.680000,9.710000,9.680000,9.700000,8.406751,5739500,0.0020661157024792947
2014-10-31,9.710000,9.770000,9.670000,9.700000,8.406751,6699500,-0.0010298661174048982
2014-11-03,9.780000,9.780000,9.690000,9.700000,8.406751,8376300,-0.008179959100204507
2014-11-04,9.700000,9.720000,9.680000,9.700000,8.406751,5931300,0.0
2014-11-05,9.700000,9.700000,9.640000,9.660000,8.372084,5123400,-0.004123711340206098
2014-11-06,9.670000,9.700000,9.650000,9.650000,8.363417,5417000,-0.0020682523267838235
2014-11-07,9.650000,9.750000,9.640000,9.660000,8.372084,2714200,0.0010362694300517913
2014-11-10,9.710000,9.760000,9.710000,9.750000,8.450084,7534100,0.004119464469618862
2014-11-11,9.710000,9.800000,9.710000,9.790000,8.484751,13751200,0.008238928939237724
2014-11-12,9.770000,9.800000,9.640000,9.650000,8.363417,6262700,-0.012282497441146288
2014-11-13,9.650000,9.680000,9.590000,9.610000,8.328749,10817600,-0.004145077720207349
2014-11-14,9.600000,9.620000,9.500000,9.560000,8.285417,5287300,-0.004166666666666578
2014-11-17,9.550000,9.570000,9.520000,9.550000,8.276750,4110800,0.0
2014-11-18,9.520000,9.600000,9.520000,9.590000,8.311416,4974500,0.0073529411764706185
2014-11-19,9.600000,9.620000,9.590000,9.600000,8.320084,4630500,0.0
2014-11-20,9.590000,9.600000,9.520000,9.560000,8.285417,6463000,-0.0031282586027110908
2014-11-21,9.510000,9.540000,9.500000,9.520000,8.250751,6048300,0.0010515247108306822
2014-11-24,9.520000,9.550000,9.490000,9.520000,8.250751,7123900,0.0
2014-11-26,9.610000,9.740000,9.580000,9.670000,8.380751,4462300,0.00624349635796051
2014-11-27,9.600000,9.630000,9.520000,9.550000,8.276750,3360300,-0.005208333333333223
2014-11-28,9.550000,9.550000,9.420000,9.460000,8.198749,9218300,-0.009424083769633492
2014-12-01,9.460000,9.460000,9.050000,9.140000,7.921413,17745500,-0.0338266384778013
2014-12-02,9.140000,9.360000,9.120000,9.210000,7.982080,17408900,0.007658643326039418
2014-12-03,9.240000,9.260000,8.950000,8.950000,7.756744,20094700,-0.03138528138528148
2014-12-04,8.990000,9.050000,8.890000,8.890000,7.704744,11022300,-0.011123470522803075
2014-12-05,8.890000,9.000000,8.860000,8.890000,7.704744,6795900,0.0
2014-12-10,8.880000,8.900000,8.850000,8.900000,7.713409,15949600,0.002252252252252204
2014-12-16,8.600000,8.600000,8.290000,8.290000,7.184738,17353800,-0.036046511627907035
2014-12-17,8.270000,8.470000,8.250000,8.440000,7.314739,23069300,0.02055622732769044
2014-12-18,8.510000,8.600000,8.470000,8.570000,7.427407,14124500,0.007050528789659283
2014-12-19,8.630000,8.810000,8.610000,8.780000,7.609409,9839800,0.017381228273464493
2014-12-23,8.870000,9.000000,8.840000,8.960000,7.765411,9852200,0.010146561443066702
2014-12-26,9.010000,9.240000,9.000000,9.160000,7.938745,1706900,0.01664816870144288
2015-01-06,8.900000,9.000000,8.640000,8.800000,7.626744,20485400,-0.011235955056179735
2015-01-08,8.640000,8.760000,8.640000,8.700000,7.540075,13880600,0.006944444444444296
2015-01-09,8.620000,8.630000,8.490000,8.610000,7.462074,22071800,-0.0011600928074245694
2015-01-13,8.580000,8.660000,8.560000,8.620000,7.470740,7419000,0.004662004662004562
2015-01-14,8.620000,8.620000,8.380000,8.390000,7.271406,24945700,-0.026682134570765507
2015-01-15,8.400000,8.620000,8.400000,8.600000,7.453407,17100900,0.023809523809523725
2015-01-19,8.620000,8.800000,8.620000,8.790000,7.618076,13469200,0.01972157772621809
2015-01-20,8.780000,8.920000,8.710000,8.920000,7.730743,10424800,0.01594533029612763
2015-01-21,8.920000,8.950000,8.840000,8.870000,7.687411,12511300,-0.005605381165919362
2015-01-22,8.870000,9.000000,8.800000,8.870000,7.687411,10176900,0.0
2015-01-23,8.940000,9.000000,8.900000,9.000000,7.800077,13462800,0.006711409395973211
2015-01-26,8.980000,9.000000,8.890000,8.920000,7.730743,7246500,-0.006681514476614754
2015-01-27,8.910000,9.000000,8.890000,8.920000,7.730743,7460800,0.001122334455667765
2015-01-28,8.850000,8.900000,8.600000,8.690000,7.531408,18134000,-0.018079096045197758
2015-01-29,8.670000,8.730000,8.610000,8.660000,7.505408,10278900,-0.0011534025374855578
2015-01-30,8.700000,8.800000,8.640000,8.720000,7.557409,12167300,0.002298850574712799
2015-02-04,8.800000,9.000000,8.770000,8.830000,7.652742,14369800,0.003409090909090836
2015-02-05,8.810000,8.940000,8.790000,8.920000,7.730743,11995100,0.01248581157775249
2015-02-06,8.930000,8.970000,8.890000,8.930000,7.739411,10163100,0.0
2015-02-09,8.970000,9.010000,8.900000,9.000000,7.800077,6734300,0.003344481605351099
2015-02-10,9.010000,9.110000,8.980000,9.100000,7.886745,8842200,0.00998890122086569
2015-02-11,9.010000,9.120000,9.010000,9.100000,7.886745,8630300,0.00998890122086569
2015-02-12,9.100000,9.100000,8.970000,9.070000,7.860744,10683800,-0.0032967032967032264
2015-02-13,9.100000,9.200000,9.070000,9.190000,7.964746,6519000,0.009890109890109874
2015-02-16,9.160000,9.200000,9.150000,9.200000,7.973413,3869500,0.004366812227074143
2015-02-24,9.080000,9.100000,9.030000,9.050000,7.843411,8540300,-0.0033039647577091805
2015-02-26,9.000000,9.180000,9.000000,9.160000,7.938745,9230000,0.017777777777777795
2015-02-27,9.170000,9.250000,9.130000,9.200000,7.973413,13166000,0.003271537622682591
2015-03-02,9.200000,9.210000,9.150000,9.200000,7.973413,7380400,0.0
2015-03-03,9.230000,9.350000,9.210000,9.350000,8.103414,13213100,0.01300108342361855
2015-03-04,9.310000,9.320000,9.240000,9.280000,8.042747,11331800,-0.003222341568206352
2015-03-05,9.320000,9.330000,9.170000,9.210000,7.982080,15091500,-0.011802575107296076
2015-03-06,9.210000,9.230000,9.190000,9.210000,7.982080,11877500,0.0
2015-03-09,9.150000,9.210000,9.100000,9.200000,7.973413,5618100,0.005464480874316823
2015-03-10,9.160000,9.240000,9.150000,9.230000,7.999413,7697400,0.0076419213973799435
2015-03-11,9.190000,9.200000,9.090000,9.090000,7.878078,11795200,-0.010881392818280702
2015-03-12,9.110000,9.190000,9.080000,9.120000,7.904078,8290500,0.0010976948408342247
2015-03-13,9.140000,9.140000,9.080000,9.100000,7.886745,6988900,-0.00437636761487975
2015-03-16,9.090000,9.130000,9.080000,9.090000,7.878078,6713300,0.0
2015-03-17,9.080000,9.170000,9.080000,9.160000,7.938745,7925300,0.008810572687224677
2015-03-18,9.140000,9.190000,9.120000,9.160000,7.938745,5912800,0.002188183807439778
2015-03-19,9.200000,9.290000,9.190000,9.230000,7.999413,6828100,0.003260869565217515
2015-03-20,9.180000,9.220000,9.130000,9.150000,7.930079,9111600,-0.0032679738562090806
2015-03-23,9.130000,9.230000,9.090000,9.120000,7.904078,8270400,-0.001095290251916929
2015-03-24,9.130000,9.180000,9.120000,9.150000,7.930079,5467300,0.002190580503833469
2015-03-25,9.150000,9.250000,9.150000,9.210000,7.982080,12682900,0.006557377049180382
2015-03-26,9.190000,9.230000,9.190000,9.220000,7.990747,4851000,0.0032644178454843457
2015-03-27,9.190000,9.220000,9.190000,9.210000,7.982080,6865400,0.002176278563656295
2015-03-30,9.250000,9.290000,9.220000,9.270000,8.034081,5762000,0.0021621621621621162
2015-03-31,9.300000,9.360000,9.290000,9.330000,8.086081,11373500,0.0032258064516128343
2015-04-01,9.360000,9.380000,9.310000,9.340000,8.094748,6872200,-0.0021367521367520914
2015-04-02,9.380000,9.400000,9.340000,9.400000,8.146748,14575700,0.0021321961620468627
2015-04-03,9.400000,9.450000,9.370000,9.450000,8.190082,4725400,0.005319148936170099
2015-04-06,9.460000,9.540000,9.460000,9.500000,8.233416,7863000,0.004228329809725068
2015-04-07,9.510000,9.600000,9.510000,9.550000,8.276750,11626000,0.004206098843322915
2015-04-08,9.550000,9.550000,9.510000,9.550000,8.276750,4581800,0.0
2015-04-09,9.510000,9.540000,9.470000,9.490000,8.224749,6531400,-0.0021030494216613643
2015-04-10,9.420000,9.450000,9.350000,9.370000,8.120747,10957300,-0.005307855626327039
2015-04-13,9.380000,9.490000,9.380000,9.450000,8.190082,12878100,0.007462686567164019
2015-04-14,9.440000,9.490000,9.370000,9.380000,8.129415,11550000,-0.006355932203389696
2015-04-15,9.440000,9.450000,9.340000,9.340000,8.094748,12682600,-0.010593220338983014
2015-04-16,9.350000,9.470000,9.340000,9.450000,8.190082,15056200,0.010695187165775364
2015-04-17,9.440000,9.510000,9.430000,9.490000,8.224749,10167000,0.005296610169491601
2015-04-20,9.490000,9.510000,9.450000,9.480000,8.216082,9700000,-0.0010537407797681546
2015-04-21,9.500000,9.530000,9.480000,9.500000,8.233416,9645900,0.0
2015-04-22,9.510000,9.520000,9.480000,9.490000,8.224749,7659700,-0.0021030494216613643
2015-04-23,9.210000,9.300000,9.160000,9.250000,8.305559,6442800,0.004343105320303925
2015-04-24,9.300000,9.450000,9.240000,9.420000,8.458202,16054600,0.012903225806451528
2015-04-27,9.410000,9.440000,9.340000,9.360000,8.404329,9726400,-0.005313496280552679
2015-04-28,9.360000,9.360000,9.300000,9.340000,8.386371,7666000,-0.0021367521367520914
2015-04-29,9.350000,9.370000,9.290000,9.300000,8.350454,7559700,-0.005347593582887587
2015-04-30,9.300000,9.340000,9.210000,9.210000,8.269644,12107600,-0.009677419354838694
2015-05-05,9.330000,9.330000,9.190000,9.250000,8.305559,9600100,-0.008574490889603437
2015-05-06,9.210000,9.230000,9.120000,9.210000,8.269644,12096100,0.0
2015-05-07,9.180000,9.270000,9.140000,9.150000,8.215770,11830400,-0.0032679738562090806
2015-05-08,9.170000,9.300000,9.170000,9.290000,8.341475,11475000,0.013086150490730558
2015-05-11,9.250000,9.370000,9.250000,9.320000,8.368412,8582800,0.007567567567567599
2015-05-12,9.240000,9.320000,9.240000,9.280000,8.332497,5794600,0.004329004329004236
2015-05-13,9.280000,9.320000,9.240000,9.260000,8.314539,9392700,-0.0021551724137930574
2015-05-14,9.300000,9.300000,9.250000,9.280000,8.332497,5117100,-0.002150537634408747
2015-05-15,9.300000,9.320000,9.250000,9.320000,8.368412,4463000,0.002150537634408556
2015-05-18,9.300000,9.380000,9.300000,9.360000,8.404329,6193200,0.0064516129032256685
2015-05-19,9.330000,9.370000,9.310000,9.340000,8.386371,4657300,0.001071811361200406
2015-05-20,9.300000,9.420000,9.300000,9.370000,8.413307,8154700,0.007526881720429947
2015-05-21,9.350000,9.350000,9.220000,9.250000,8.305559,12303200,-0.010695187165775364
2015-05-22,9.250000,9.290000,9.230000,9.260000,8.314539,6592500,0.0010810810810810581
2015-05-25,9.290000,9.290000,9.140000,9.170000,8.233727,5112000,-0.012917115177610251
2015-05-26,9.170000,9.170000,9.060000,9.150000,8.215770,8352900,-0.0021810250817883943
2015-05-27,9.100000,9.170000,9.010000,9.140000,8.206791,12629200,0.004395604395604497
2015-05-28,9.160000,9.180000,9.040000,9.110000,8.179854,6165700,-0.0054585152838428725
2015-05-29,9.080000,9.150000,9.030000,9.030000,8.108022,12535300,-0.005506607929515497
2015-06-01,9.000000,9.180000,8.970000,9.110000,8.179854,9129300,0.012222222222222159
2015-06-02,9.190000,9.200000,9.110000,9.140000,8.206791,11770500,-0.005440696409140254
2015-06-03,9.140000,9.170000,9.080000,9.160000,8.224749,8880300,0.002188183807439778
2015-06-04,9.110000,9.200000,9.110000,9.190000,8.251686,5184100,0.008781558726673994
2015-06-05,9.200000,9.210000,9.160000,9.210000,8.269644,2856600,0.0010869565217393005
2015-06-08,9.200000,9.240000,9.170000,9.230000,8.287601,4295600,0.003260869565217515
2015-06-09,9.230000,9.230000,9.120000,9.220000,8.278624,3807100,-0.0010834236186348632
2015-06-10,9.200000,9.210000,9.140000,9.160000,8.224749,6807700,-0.004347826086956429
2015-06-17,9.150000,9.200000,9.140000,9.200000,8.260665,7295800,0.005464480874316823
2015-06-23,9.350000,9.370000,9.280000,9.280000,8.332497,6165200,-0.007486631016042812
2015-06-24,9.300000,9.320000,9.250000,9.290000,8.341475,7350400,-0.0010752688172044691
2015-06-25,9.280000,9.380000,9.260000,9.320000,8.368412,14599800,0.004310344827586307
2015-06-26,9.280000,9.290000,9.220000,9.220000,8.278624,3773300,-0.006465517241379173
2015-06-29,9.200000,9.210000,9.110000,9.140000,8.206791,6010000,-0.006521739130434644
2015-07-03,9.280000,9.280000,9.230000,9.280000,8.332497,2681600,0.0
2015-07-08,9.130000,9.140000,9.060000,9.120000,8.188833,10016700,-0.001095290251916929
2015-07-10,9.110000,9.210000,9.110000,9.200000,8.260665,4591900,0.009879253567508219
2015-07-13,9.160000,9.200000,9.120000,9.190000,8.251686,5088800,0.003275109170305607
2015-07-16,9.200000,9.270000,9.180000,9.200000,8.260665,3896800,0.0
2015-07-28,9.160000,9.160000,9.080000,9.080000,8.152917,9996100,-0.00873362445414848
2015-07-29,9.070000,9.090000,9.020000,9.060000,8.134959,7912600,-0.0011025358324145299
2015-08-04,9.180000,9.210000,9.170000,9.170000,8.233727,6982100,-0.0010893246187363603
2015-08-05,9.200000,9.210000,9.160000,9.190000,8.251686,4309900,-0.0010869565217391072
2015-08-07,9.070000,9.110000,8.960000,8.960000,8.045169,9615500,-0.012127894156560026
2015-08-11,8.820000,8.860000,8.440000,8.520000,7.650095,24351900,-0.03401360544217695
2015-08-14,8.600000,8.730000,8.270000,8.290000,7.443578,30476200,-0.036046511627907035
2015-08-26,8.280000,8.520000,8.250000,8.500000,7.632136,22549600,0.026570048309178824
2015-08-27,8.610000,8.650000,8.520000,8.650000,7.766820,14737700,0.0046457607433218265
2015-08-28,8.690000,8.800000,8.690000,8.760000,7.865590,16049300,0.008055235903337203
2015-09-01,9.020000,9.150000,8.690000,8.770000,7.874569,20009800,-0.02771618625277162
2015-09-02,8.690000,8.690000,8.350000,8.420000,7.560305,33728600,-0.031070195627157605
2015-09-03,8.480000,8.500000,8.410000,8.470000,7.605199,9510800,-0.0011792452830188427
2015-09-04,8.450000,8.480000,8.340000,8.370000,7.515409,11131300,-0.009467455621301784
2015-09-07,8.300000,8.390000,8.220000,8.380000,7.524388,12944700,0.009638554216867478
2015-09-08,8.390000,8.640000,8.320000,8.580000,7.703968,8018700,0.02264600715137062
2015-09-09,8.590000,8.650000,8.520000,8.620000,7.739884,12794000,0.0034924330616995765
2015-09-10,8.540000,8.570000,8.460000,8.550000,7.677031,16986900,0.0011709601873538132
2015-09-11,8.480000,8.590000,8.400000,8.410000,7.551326,12128700,-0.008254716981132108
2015-09-15,8.550000,8.720000,8.550000,8.570000,7.694989,18416800,0.0023391812865496573
2015-09-17,8.650000,8.720000,8.560000,8.640000,7.757842,28439300,-0.001156069364161825
2015-09-22,8.460000,8.520000,8.400000,8.520000,7.650095,10311800,0.007092198581560132
2015-09-23,8.440000,8.440000,8.350000,8.410000,7.551326,20221400,-0.003554502369668171
2015-09-28,8.410000,8.410000,8.350000,8.400000,7.542346,10089200,-0.0011890606420927215
2015-09-29,8.350000,8.400000,8.300000,8.390000,7.533368,14092800,0.004790419161676758
2015-10-01,8.510000,8.610000,8.470000,8.550000,7.677031,7902500,0.004700352526439591
2015-10-02,8.530000,8.550000,8.420000,8.450000,7.587241,9883100,-0.009378663540445496
2015-10-05,8.500000,8.600000,8.460000,8.600000,7.721926,9825700,0.0117647058823529
2015-10-20,8.570000,8.640000,8.560000,8.610000,7.730905,8789500,0.004667444574095583
2015-10-21,8.600000,8.650000,8.520000,8.620000,7.739884,7061900,0.0023255813953487877
2015-10-23,8.630000,8.640000,8.580000,8.590000,7.712947,6473200,-0.004634994206257349
2015-10-27,8.550000,8.600000,8.510000,8.550000,7.677031,8678600,0.0
2015-10-30,8.330000,8.390000,8.260000,8.260000,7.416640,17887800,-0.00840336134453785
2015-11-02,8.270000,8.340000,8.250000,8.270000,7.425620,10404200,0.0
2015-11-03,8.290000,8.330000,8.260000,8.310000,7.461536,11002700,0.0024125452352233233
2015-11-04,8.320000,8.360000,8.310000,8.350000,7.497451,10403200,0.0036057692307691538
2015-11-06,8.370000,8.400000,8.330000,8.350000,7.497451,5993400,-0.0023894862604539515
2015-11-09,8.350000,8.390000,8.320000,8.390000,7.533368,5322200,0.004790419161676758
2015-11-11,8.330000,8.360000,8.220000,8.220000,7.380724,12936300,-0.013205282112845069
2015-11-12,8.220000,8.370000,8.220000,8.360000,7.506430,6704400,0.017031630170316153
2015-11-13,8.380000,8.380000,8.260000,8.300000,7.452557,6762300,-0.009546539379474948
2015-11-16,8.260000,8.320000,8.260000,8.300000,7.452557,9558000,0.00484261501210665
2015-11-17,8.330000,8.420000,8.240000,8.240000,7.398683,11876400,-0.01080432172869146
2015-11-18,8.250000,8.280000,8.180000,8.230000,7.389703,7322900,-0.0024242424242423726
2015-11-19,8.250000,8.280000,8.180000,8.240000,7.398683,5459500,-0.0012121212121211863
2015-11-20,8.240000,8.320000,8.230000,8.320000,7.470514,3609700,0.009708737864077678
2015-11-23,8.330000,8.420000,8.300000,8.400000,7.542346,6674100,0.00840336134453785
2015-11-24,8.400000,8.420000,8.340000,8.340000,7.488472,5420700,-0.007142857142857202
2015-11-25,8.330000,8.410000,8.330000,8.410000,7.551326,10303700,0.009603841536614654
2015-11-26,8.360000,8.480000,8.360000,8.480000,7.614178,8745800,0.014354066985646053
2015-11-27,8.460000,8.480000,8.400000,8.440000,7.578261,4854200,-0.0023640661938535874
2015-11-30,8.360000,8.450000,8.320000,8.320000,7.470514,21507100,-0.004784688995215209
2015-12-01,8.350000,8.450000,8.320000,8.450000,7.587241,13663100,0.011976047904191574
2015-12-02,8.450000,8.510000,8.390000,8.410000,7.551326,4522100,-0.004733727810650787
2015-12-03,8.380000,8.420000,8.330000,8.360000,7.506430,10156700,-0.002386634844868896
2015-12-04,8.370000,8.400000,8.360000,8.370000,7.515409,5286600,0.0
2015-12-07,8.410000,8.440000,8.350000,8.410000,7.551326,4497200,0.0
2015-12-08,8.410000,8.450000,8.370000,8.410000,7.551326,4332000,0.0
2015-12-09,8.400000,8.420000,8.390000,8.400000,7.542346,4216900,0.0
2015-12-10,8.380000,8.420000,8.330000,8.410000,7.551326,9759400,0.003579952267303026
2015-12-11,8.360000,8.400000,8.330000,8.330000,7.479493,6593100,-0.003588516746411407
2015-12-14,8.300000,8.310000,8.250000,8.250000,7.407661,7952700,-0.006024096385542254
2015-12-15,8.250000,8.290000,8.180000,8.180000,7.344809,10689800,-0.008484848484848519
2015-12-16,8.220000,8.320000,8.220000,8.310000,7.461536,10250100,0.010948905109489033
2015-12-17,8.300000,8.410000,8.300000,8.410000,7.551326,7100900,0.013253012048192701
2015-12-18,8.370000,8.400000,8.280000,8.280000,7.434598,7861300,-0.010752688172042994
2015-12-21,8.290000,8.330000,8.200000,8.210000,7.371746,7370300,-0.009650180940892436
2015-12-22,8.220000,8.270000,8.210000,8.250000,7.407661,5413800,0.003649635036496272
2015-12-23,8.280000,8.320000,8.240000,8.300000,7.452557,5237800,0.002415458937198231
2015-12-28,8.310000,8.410000,8.280000,8.390000,7.533368,6616100,0.009626955475330934
2015-12-29,8.400000,8.450000,8.390000,8.440000,7.578261,9227000,0.00476190476190466
2015-12-30,8.440000,8.490000,8.430000,8.450000,7.587241,7476600,0.0011848341232227235
2015-12-31,8.440000,8.490000,8.370000,8.400000,7.542346,4020700,-0.004739336492890894
2016-01-04,8.390000,8.400000,8.190000,8.200000,7.362767,11271500,-0.022646007151370832
2016-01-05,8.200000,8.360000,8.200000,8.330000,7.479493,7536200,0.015853658536585463
2016-01-06,8.330000,8.350000,8.310000,8.330000,7.479493,6944000,0.0
2016-01-07,8.260000,8.370000,8.260000,8.300000,7.452557,10523300,0.00484261501210665
2016-01-08,8.290000,8.400000,8.270000,8.340000,7.488472,9033500,0.006031363088057988
2016-01-11,8.340000,8.350000,8.280000,8.320000,7.470514,7889000,-0.0023980815347721313
2016-01-12,8.320000,8.360000,8.320000,8.320000,7.470514,7335400,0.0
2016-01-13,8.350000,8.400000,8.310000,8.340000,7.488472,5330500,-0.0011976047904191363
2016-01-14,8.320000,8.350000,8.300000,8.350000,7.497451,11435600,0.0036057692307691538
2016-01-15,8.330000,8.350000,8.320000,8.320000,7.470514,7750700,-0.001200480192076805
2016-01-18,8.310000,8.320000,8.190000,8.290000,7.443578,7614200,-0.002406738868832894
2016-01-19,8.290000,8.350000,8.220000,8.330000,7.479493,3164400,0.0048250904704464324
2016-01-20,8.300000,8.330000,8.220000,8.280000,7.434598,9577400,-0.00240963855421703
2016-01-21,8.240000,8.310000,8.180000,8.180000,7.344809,8028000,-0.0072815533980583125
2016-01-22,8.220000,8.320000,8.220000,8.310000,7.461536,6767500,0.010948905109489033
2016-01-26,8.340000,8.350000,8.290000,8.290000,7.443578,8854900,-0.005995203836930541
2016-01-27,8.290000,8.350000,8.290000,8.340000,7.488472,7369000,0.006031363088057988
2016-01-28,8.340000,8.420000,8.310000,8.410000,7.551326,10290300,0.008393285371702672
2016-01-29,8.420000,8.600000,8.410000,8.580000,7.703968,28528100,0.019002375296912132
2016-02-02,8.540000,8.560000,8.450000,8.540000,7.668052,17340400,0.0
2016-02-03,8.450000,8.480000,8.360000,8.440000,7.578261,7801100,-0.0011834319526626968
2016-02-04,8.440000,8.580000,8.440000,8.570000,7.694989,12894300,0.015402843601895828
2016-02-05,8.580000,8.590000,8.510000,8.540000,7.668052,5853300,-0.0046620046620047696
2016-02-08,8.540000,8.540000,8.540000,8.540000,7.668052,0,0.0
2016-02-09,8.540000,8.540000,8.540000,8.540000,7.668052,0,0.0
2016-02-10,8.480000,8.600000,8.460000,8.590000,7.712947,6960800,0.01297169811320748
2016-02-11,8.580000,8.590000,8.490000,8.540000,7.668052,7093400,-0.0046620046620047696
2016-02-12,8.450000,8.540000,8.450000,8.510000,7.641115,7087100,0.007100591715976391
2016-02-15,8.510000,8.590000,8.510000,8.550000,7.677031,5751800,0.004700352526439591
2016-02-16,8.550000,8.570000,8.510000,8.550000,7.677031,8732900,0.0
2016-02-17,8.570000,8.600000,8.550000,8.560000,7.686009,8149200,-0.0011668611435238958
2016-02-18,8.560000,8.720000,8.560000,8.640000,7.757842,8006900,0.009345794392523372
2016-02-19,8.640000,8.670000,8.580000,8.630000,7.748864,5833700,-0.0011574074074073826
2016-02-22,8.650000,8.650000,8.600000,8.630000,7.748864,8651500,-0.00231213872832365
2016-02-23,8.630000,8.680000,8.600000,8.640000,7.757842,7502900,0.0011587485515642858
2016-02-24,8.630000,8.660000,8.600000,8.630000,7.748864,8342600,0.0
2016-02-25,8.650000,8.690000,8.600000,8.640000,7.757842,12975200,-0.001156069364161825
2016-02-26,8.650000,8.700000,8.430000,8.530000,7.659073,20861000,-0.013872832369942311
2016-02-29,8.580000,8.640000,8.510000,8.510000,7.641115,22966600,-0.008158508158508191
2016-03-01,8.520000,8.640000,8.520000,8.640000,7.757842,10309200,0.01408450704225364
2016-03-02,8.690000,8.750000,8.670000,8.750000,7.856610,17457300,0.006904487917146203
2016-03-03,8.700000,8.790000,8.700000,8.740000,7.847631,13306100,0.004597701149425394
2016-03-04,8.740000,8.780000,8.720000,8.750000,7.856610,8156600,0.001144164759725376
2016-03-07,8.790000,8.940000,8.740000,8.830000,7.928442,15965600,0.004550625711035373
2016-03-08,8.860000,8.880000,8.770000,8.780000,7.883547,12346200,-0.009029345372460505
2016-03-09,8.770000,8.770000,8.640000,8.700000,7.811716,8770500,-0.007981755986317023
2016-03-10,8.700000,8.840000,8.690000,8.780000,7.883547,11598700,0.009195402298850583
2016-03-11,8.800000,8.810000,8.770000,8.810000,7.910485,6549700,0.001136363636363612
2016-03-14,8.820000,8.900000,8.780000,8.800000,7.901505,7607400,-0.002267573696145076
2016-03-15,8.780000,8.780000,8.720000,8.730000,7.838652,7412900,-0.005694760820045437
2016-03-16,8.710000,8.830000,8.710000,8.820000,7.919463,5580000,0.01262916188289316
2016-03-17,8.830000,8.940000,8.790000,8.880000,7.973338,11751000,0.005662514156285471
2016-03-18,8.950000,8.960000,8.910000,8.910000,8.000274,18671400,-0.004469273743016665
2016-03-21,8.880000,8.960000,8.880000,8.950000,8.036191,7337100,0.007882882882882714
2016-03-22,8.920000,8.970000,8.920000,8.950000,8.036191,13248600,0.0033632286995514977
2016-03-23,8.950000,8.970000,8.920000,8.950000,8.036191,11817100,0.0
2016-03-25,8.950000,8.950000,8.880000,8.890000,7.982316,3105500,-0.006703910614524997
2016-03-28,8.890000,8.900000,8.840000,8.900000,7.991295,4772200,0.001124859392575904
2016-03-29,8.870000,8.980000,8.860000,8.950000,8.036191,6699200,0.009019165727170245
2016-03-30,8.950000,8.990000,8.950000,8.970000,8.054149,13936200,0.002234636871508531
2016-03-31,8.930000,9.020000,8.930000,9.020000,8.099044,13998200,0.010078387458006703
2016-04-01,9.020000,9.020000,8.980000,8.990000,8.072106,8944400,-0.0033259423503325235
2016-04-04,8.990000,9.130000,8.990000,9.130000,8.197812,11018700,0.015572858731924424
2016-04-05,9.100000,9.130000,8.960000,9.000000,8.081085,10771400,-0.01098901098901095
2016-04-06,9.030000,9.070000,8.990000,9.010000,8.090064,7155200,-0.002214839424141703
2016-04-07,9.120000,9.150000,9.090000,9.120000,8.188833,17295800,0.0
2016-04-08,9.050000,9.140000,9.050000,9.130000,8.197812,13176300,0.00883977900552487
2016-04-11,9.130000,9.130000,9.070000,9.120000,8.188833,6573700,-0.001095290251916929
2016-04-12,9.100000,9.140000,9.090000,9.140000,8.206791,5563800,0.004395604395604497
2016-04-13,9.150000,9.200000,9.130000,9.150000,8.215770,13438100,0.0
2016-04-14,9.150000,9.160000,9.120000,9.150000,8.215770,13248300,0.0
2016-04-15,9.160000,9.180000,9.110000,9.170000,8.233727,6049100,0.0010917030567685357
2016-04-18,9.130000,9.160000,9.100000,9.160000,8.224749,10971300,0.0032858707557502035
2016-04-19,9.150000,9.160000,9.040000,9.080000,8.152917,13163100,-0.007650273224043746
2016-04-20,9.090000,9.100000,9.000000,9.030000,8.108022,9290000,-0.006600660066006655
2016-04-21,9.050000,9.070000,8.990000,9.010000,8.090064,9255900,-0.004419889502762533
2016-04-22,9.020000,9.050000,9.000000,9.050000,8.125980,7302700,0.0033259423503327204
2016-04-25,9.050000,9.050000,8.990000,9.010000,8.090064,7223500,-0.004419889502762533
2016-04-26,8.990000,9.040000,8.970000,8.970000,8.054149,10402800,-0.0022246941045605756
2016-04-27,8.970000,8.990000,8.930000,8.950000,8.036191,6305700,-0.0022296544035675975
2016-04-28,8.960000,8.980000,8.880000,8.900000,7.991295,10026000,-0.006696428571428627
2016-04-29,8.900000,8.940000,8.840000,8.930000,8.018233,7068700,0.0033707865168538607
2016-05-03,8.940000,9.010000,8.760000,8.780000,7.883547,7717400,-0.017897091722595095
2016-05-04,8.510000,8.610000,8.510000,8.540000,7.939327,14168900,0.0035252643948295373
2016-05-05,8.540000,8.540000,8.480000,8.530000,7.930031,9662000,-0.001170960187353605
2016-05-06,8.550000,8.710000,8.500000,8.670000,8.060183,7705600,0.014035087719298152
2016-05-09,8.670000,8.800000,8.640000,8.760000,8.143853,5724000,0.010380622837370226
2016-05-10,8.780000,8.820000,8.600000,8.800000,8.181040,5949000,0.002277904328018377
2016-05-11,8.820000,8.850000,8.780000,8.850000,8.227523,4460800,0.0034013605442176145
2016-05-12,8.840000,8.840000,8.800000,8.820000,8.199633,3489100,-0.0022624434389139788
2016-05-13,8.750000,8.810000,8.350000,8.490000,7.892844,49347600,-0.02971428571428569
2016-05-16,8.480000,8.510000,8.420000,8.450000,7.855658,13953400,-0.003537735849056738
2016-05-17,8.450000,8.550000,8.450000,8.530000,7.930031,7536000,0.009467455621301784
2016-05-18,8.500000,8.670000,8.410000,8.660000,8.050886,12625900,0.01882352941176472
2016-05-19,8.590000,8.630000,8.440000,8.480000,7.883547,23751800,-0.012805587892898653
2016-05-20,8.500000,8.530000,8.440000,8.440000,7.846360,9166400,-0.007058823529411823
2016-05-23,8.440000,8.500000,8.410000,8.470000,7.874250,7388300,0.003554502369668381
2016-05-24,8.430000,8.470000,8.310000,8.310000,7.725505,21185900,-0.014234875444839765
2016-05-25,8.330000,8.340000,8.240000,8.300000,7.716208,21775000,-0.0036014405762304154
2016-05-26,8.300000,8.400000,8.280000,8.370000,7.781284,11476500,0.008433734939758856
2016-05-27,8.370000,8.400000,8.180000,8.270000,7.688318,19627900,-0.011947431302269971
2016-05-30,8.280000,8.290000,8.200000,8.230000,7.651131,16609800,-0.006038647342995041
2016-05-31,8.230000,8.310000,8.160000,8.160000,7.586055,167533800,-0.008505467800729074
2016-06-01,8.170000,8.250000,8.150000,8.230000,7.651131,21243700,0.007343941248470073
2016-06-02,8.200000,8.300000,8.180000,8.270000,7.688318,13997800,0.008536585365853694
2016-06-03,8.250000,8.320000,8.220000,8.270000,7.688318,11020700,0.0024242424242423726
2016-06-06,8.270000,8.450000,8.270000,8.420000,7.827768,7771600,0.01813784764207985
2016-06-07,8.420000,8.490000,8.350000,8.390000,7.799878,14878600,-0.0035629453681709456
2016-06-08,8.380000,8.400000,8.250000,8.270000,7.688318,11659300,-0.013126491646778185
2016-06-09,8.280000,8.310000,8.220000,8.250000,7.669724,8230900,-0.0036231884057970243
2016-06-10,8.240000,8.270000,8.200000,8.200000,7.623242,4154500,-0.004854368932038947
2016-06-13,8.180000,8.200000,8.150000,8.160000,7.586055,9214500,-0.0024449877750610726
2016-06-14,8.150000,8.170000,8.000000,8.000000,7.437309,27729300,-0.018404907975460166
2016-06-15,8.000000,8.130000,7.980000,8.130000,7.558166,13111700,0.016250000000000098
2016-06-16,8.090000,8.140000,8.020000,8.030000,7.465199,9312300,-0.0074165636588381335
2016-06-17,8.050000,8.110000,8.040000,8.090000,7.520978,7930800,0.0049689440993787755
2016-06-20,8.130000,8.200000,8.090000,8.200000,7.623242,15558800,0.008610086100860824
2016-06-21,8.200000,8.230000,8.110000,8.220000,7.641835,16376100,0.0024390243902440672
2016-06-23,8.230000,8.240000,8.150000,8.200000,7.623242,10449600,-0.0036452004860268693
2016-06-24,8.190000,8.220000,8.000000,8.200000,7.623242,14177100,0.001221001221001195
2016-06-27,8.110000,8.200000,8.090000,8.180000,7.604649,10246200,0.008631319358816312
2016-06-30,8.150000,8.210000,8.140000,8.140000,7.567462,9909000,-0.0012269938650306487
2016-07-01,8.160000,8.200000,8.150000,8.200000,7.623242,4212000,0.004901960784313621
2016-07-04,8.180000,8.230000,8.180000,8.230000,7.651131,6442000,0.006112469437652899
2016-07-05,8.230000,8.230000,8.180000,8.200000,7.623242,2098700,-0.0036452004860268693
2016-07-06,8.200000,8.200000,8.200000,8.200000,7.623242,0,0.0
2016-07-07,8.200000,8.200000,8.200000,8.200000,7.623242,0,0.0
2016-07-08,8.240000,8.270000,8.160000,8.200000,7.623242,4407700,-0.004854368932038947
2016-07-11,8.200000,8.200000,8.170000,8.190000,7.613945,6443900,-0.0012195121951219254
2016-07-12,8.190000,8.200000,8.170000,8.200000,7.623242,6257800,0.001221001221001195
2016-07-13,8.210000,8.220000,8.100000,8.120000,7.548869,11173500,-0.010962241169305923
2016-07-14,8.100000,8.110000,8.020000,8.020000,7.455903,14249900,-0.009876543209876552
2016-07-15,8.050000,8.180000,8.050000,8.170000,7.595352,5786600,0.014906832298136547
2016-07-18,8.190000,8.190000,8.110000,8.140000,7.567462,4204200,-0.006105006105005975
2016-07-19,8.130000,8.190000,8.110000,8.160000,7.586055,4650500,0.0036900369003689247
2016-07-20,8.160000,8.160000,8.110000,8.120000,7.548869,2956400,-0.004901960784313838
2016-07-21,8.120000,8.130000,8.010000,8.020000,7.455903,8756400,-0.012315270935960548
2016-07-22,8.020000,8.060000,8.010000,8.040000,7.474495,4529700,0.0024937655860348597
2016-07-25,8.040000,8.100000,8.030000,8.100000,7.530275,6764000,0.007462686567164241
2016-07-26,8.080000,8.100000,8.060000,8.090000,7.520978,2419200,0.0012376237623762112
2016-07-27,8.090000,8.100000,8.020000,8.030000,7.465199,8156700,-0.0074165636588381335
2016-07-28,8.030000,8.070000,8.020000,8.020000,7.455903,4565700,-0.0012453300124532737
2016-07-29,8.050000,8.080000,8.020000,8.020000,7.455903,10071500,-0.0037267080745343024
2016-08-01,8.050000,8.060000,8.020000,8.030000,7.465199,8160300,-0.0024844720496896085
2016-08-02,8.030000,8.040000,7.980000,8.010000,7.446606,9897800,-0.0024906600249065473
2016-08-03,7.990000,8.010000,7.860000,7.910000,7.353639,17336700,-0.010012515644555704
2016-08-04,7.880000,7.950000,7.880000,7.930000,7.372232,6283400,0.006345177664974597
2016-08-05,7.940000,8.010000,7.930000,8.000000,7.437309,7557500,0.0075566750629722425
2016-08-08,8.020000,8.040000,7.950000,7.960000,7.400123,6618600,-0.007481296758104689
2016-08-09,8.000000,8.000000,7.980000,7.990000,7.428012,3893500,-0.0012499999999999734
2016-08-10,8.000000,8.000000,7.950000,7.950000,7.390826,3766000,-0.006249999999999978
2016-08-11,7.970000,8.000000,7.960000,8.000000,7.437309,6177200,0.003764115432873306
2016-08-12,8.030000,8.070000,7.980000,8.000000,7.437309,5968700,-0.003735990037359821
2016-08-15,8.010000,8.040000,7.970000,7.970000,7.409419,6324400,-0.004993757802746571
2016-08-16,8.000000,8.050000,7.990000,8.030000,7.465199,9818100,0.00374999999999992
2016-08-17,8.040000,8.050000,8.000000,8.010000,7.446606,7796000,-0.0037313432835820106
2016-08-18,8.030000,8.030000,7.990000,8.000000,7.437309,6213100,-0.003735990037359821
2016-08-19,8.010000,8.010000,7.980000,8.000000,7.437309,3323700,-0.001248439450686615
2016-08-22,8.000000,8.000000,7.970000,7.990000,7.428012,3642800,-0.0012499999999999734
2016-08-23,7.990000,8.000000,7.980000,7.990000,7.428012,3558400,0.0
2016-08-24,8.000000,8.000000,7.980000,7.990000,7.428012,5282000,-0.0012499999999999734
2016-08-25,8.010000,8.010000,7.900000,7.900000,7.344343,8419700,-0.013732833957552988
2016-08-26,7.910000,8.000000,7.910000,8.000000,7.437309,5838200,0.011378002528444987
2016-08-29,7.990000,8.010000,7.900000,7.940000,7.381529,6654900,-0.0062578222778472865
2016-08-30,7.910000,7.960000,7.820000,7.950000,7.390826,11318200,0.00505689001264223
2016-09-01,7.820000,7.850000,7.750000,7.750000,7.204893,12506800,-0.008951406649616404
2016-09-02,7.770000,7.840000,7.750000,7.750000,7.204893,4104600,-0.0025740025740025193
2016-09-05,7.790000,7.890000,7.780000,7.890000,7.335045,4819000,0.012836970474967862
2016-09-06,7.890000,7.900000,7.850000,7.870000,7.316453,5306700,-0.002534854245880808
2016-09-07,7.870000,7.920000,7.860000,7.900000,7.344343,3433600,0.0038119440914866896
2016-09-08,7.910000,7.950000,7.870000,7.950000,7.390826,2710300,0.00505689001264223
2016-09-09,7.950000,7.960000,7.900000,7.950000,7.390826,3712000,0.0
2016-09-13,7.950000,7.980000,7.910000,7.940000,7.381529,5658800,-0.001257861635220099
2016-09-14,7.940000,7.940000,7.830000,7.890000,7.335045,8909100,-0.006297229219143666
2016-09-15,7.900000,7.920000,7.830000,7.840000,7.288563,10308100,-0.0075949367088608225
2016-09-19,7.890000,7.920000,7.830000,7.830000,7.279266,7394900,-0.007604562737642536
2016-09-20,7.810000,7.860000,7.780000,7.800000,7.251376,10852200,-0.0012804097311139293
2016-09-21,7.810000,7.820000,7.750000,7.760000,7.214190,9063800,-0.0064020486555697595
2016-09-22,7.790000,7.820000,7.760000,7.800000,7.251376,17002800,0.0012836970474967633
2016-09-23,7.630000,7.820000,7.570000,7.670000,7.318165,8062200,0.005242463958060293
2016-09-26,7.670000,7.690000,7.640000,7.690000,7.337248,2226800,0.002607561929595888
2016-09-27,7.680000,7.680000,7.590000,7.590000,7.241835,8182800,-0.011718749999999983
2016-09-28,7.600000,7.630000,7.520000,7.520000,7.175046,8990200,-0.010526315789473694
2016-09-29,7.530000,7.630000,7.520000,7.620000,7.270459,10168300,0.011952191235059742
2016-09-30,7.610000,7.640000,7.500000,7.500000,7.155963,8988100,-0.014454664914586112
2016-10-04,7.530000,7.610000,7.530000,7.580000,7.232294,6517600,0.006640106241699843
2016-10-05,7.550000,7.660000,7.520000,7.650000,7.299083,5425000,0.013245033112582853
2016-10-06,7.660000,7.700000,7.650000,7.700000,7.346789,4628200,0.005221932114882511
2016-10-07,7.700000,7.750000,7.630000,7.630000,7.280000,4476600,-0.009090909090909127
2016-10-10,7.640000,7.710000,7.600000,7.700000,7.346789,5685000,0.007853403141361322
2016-10-11,7.680000,7.750000,7.660000,7.700000,7.346789,4770200,0.002604166666666727
2016-10-12,7.680000,7.690000,7.640000,7.660000,7.308623,2657900,-0.0026041666666666114
2016-10-13,7.660000,7.700000,7.600000,7.630000,7.280000,4891700,-0.0039164490861619125
2016-10-14,7.640000,7.660000,7.610000,7.610000,7.260917,3367400,-0.003926701570680545
2016-10-17,7.640000,7.650000,7.590000,7.600000,7.251376,4331200,-0.005235602094240842
2016-10-18,7.630000,7.710000,7.590000,7.710000,7.356330,5679100,0.010484927916120585
2016-10-19,7.700000,7.720000,7.670000,7.700000,7.346789,3736500,0.0
2016-10-20,7.690000,7.710000,7.600000,7.600000,7.251376,3896900,-0.011703511053316091
2016-10-21,7.610000,7.690000,7.590000,7.690000,7.337248,6854600,0.010512483574244424
2016-10-24,7.690000,7.750000,7.690000,7.730000,7.375413,6542400,0.005201560468140447
2016-10-25,7.750000,7.910000,7.730000,7.900000,7.537615,11790000,0.019354838709677465
2016-10-26,7.900000,7.940000,7.900000,7.920000,7.556697,7783400,0.002531645569620199
2016-10-27,7.930000,7.930000,7.790000,7.790000,7.432661,6226400,-0.017654476670870074
2016-10-28,7.800000,7.860000,7.800000,7.830000,7.470826,4932500,0.003846153846153878
2016-10-31,7.860000,7.910000,7.810000,7.900000,7.537615,9141200,0.005089058524173033
2016-11-01,7.890000,7.900000,7.850000,7.860000,7.499450,1704500,-0.003802281368821212
2016-11-02,7.860000,7.860000,7.810000,7.810000,7.451743,2741400,-0.006361323155216375
2016-11-03,7.810000,7.840000,7.780000,7.780000,7.423120,5505400,-0.0038412291933417877
2016-11-04,7.760000,7.790000,7.670000,7.670000,7.318165,8551700,-0.011597938144329878
2016-11-07,7.690000,7.830000,7.680000,7.830000,7.470826,5802000,0.018205461638491505
2016-11-08,7.840000,7.950000,7.810000,7.950000,7.585321,16511000,0.014030612244898
2016-11-09,7.960000,7.960000,7.790000,7.870000,7.508990,7637100,-0.011306532663316566
2016-11-10,7.900000,8.010000,7.890000,7.960000,7.594862,14717700,0.00759493670886071
2016-11-11,7.930000,7.930000,7.790000,7.800000,7.442202,12213900,-0.016393442622950807
2016-11-14,7.800000,7.800000,7.670000,7.670000,7.318165,8175600,-0.016666666666666653
2016-11-15,7.690000,7.840000,7.650000,7.780000,7.423120,3912200,0.011703511053315976
2016-11-16,7.800000,7.820000,7.660000,7.660000,7.308623,6067800,-0.01794871794871791
2016-11-17,7.660000,7.750000,7.660000,7.750000,7.394495,2940400,0.01174934725848562
2016-11-18,7.700000,7.740000,7.670000,7.680000,7.327706,6712300,-0.0025974025974026572
2016-11-21,7.690000,7.780000,7.690000,7.780000,7.423120,1940000,0.011703511053315976
2016-11-22,7.780000,7.790000,7.690000,7.690000,7.337248,4540800,-0.011568123393316176
2016-11-23,7.720000,7.720000,7.630000,7.680000,7.327706,7119500,-0.005181347150259072
2016-11-24,7.700000,7.740000,7.650000,7.700000,7.346789,5948700,0.0
2016-11-25,7.710000,7.810000,7.700000,7.800000,7.442202,7803600,0.011673151750972744
2016-11-28,7.770000,7.810000,7.730000,7.750000,7.394495,4501700,-0.0025740025740025193
2016-11-29,7.750000,7.890000,7.740000,7.890000,7.528073,9348700,0.018064516129032218
2016-11-30,7.890000,7.900000,7.770000,7.770000,7.413578,13022700,-0.015209125475285185
2016-12-01,7.800000,7.880000,7.770000,7.790000,7.432661,3837000,-0.0012820512820512547
2016-12-02,7.830000,7.860000,7.800000,7.850000,7.489908,2154300,0.0025542784163473274
2016-12-05,7.850000,7.890000,7.840000,7.840000,7.480367,2822600,-0.0012738853503184442
2016-12-06,7.820000,7.900000,7.810000,7.880000,7.518532,5145500,0.007672634271099694
2016-12-07,7.880000,7.900000,7.840000,7.890000,7.528073,3715200,0.0012690355329948969
2016-12-08,7.900000,7.910000,7.870000,7.900000,7.537615,5633100,0.0
2016-12-09,7.900000,7.930000,7.880000,7.910000,7.547156,4492400,0.0012658227848100995
2016-12-13,7.950000,7.950000,7.900000,7.940000,7.575780,7726000,-0.001257861635220099
2016-12-14,7.940000,7.950000,7.900000,7.950000,7.585321,7860500,0.0012594458438286884
2016-12-15,7.880000,7.950000,7.810000,7.920000,7.556697,7042600,0.0050761421319797
2016-12-16,7.900000,7.950000,7.900000,7.940000,7.575780,7588700,0.005063291139240511
2016-12-19,7.910000,7.940000,7.910000,7.920000,7.556697,4148300,0.0012642225031605293
2016-12-20,7.930000,7.930000,7.900000,7.910000,7.547156,6390700,-0.002522068095838534
2016-12-21,7.940000,7.940000,7.870000,7.870000,7.508990,8053300,-0.008816120906801042
2016-12-22,7.870000,7.880000,7.760000,7.760000,7.404037,7558100,-0.01397712833545112
2016-12-23,7.770000,7.790000,7.680000,7.740000,7.384954,6262900,-0.003861003861003779
2016-12-27,7.740000,7.800000,7.740000,7.750000,7.394495,3435100,0.0012919896640826599
2016-12-28,7.790000,7.950000,7.750000,7.950000,7.585321,7258000,0.02053915275994867
2016-12-29,7.930000,7.980000,7.880000,7.980000,7.613945,7837500,0.006305170239596559
2016-12-30,7.970000,8.200000,7.880000,8.200000,7.823853,24834100,0.02885821831869505
2017-01-02,8.200000,8.200000,8.200000,8.200000,7.823853,0,0.0
2017-01-03,8.020000,8.040000,7.970000,8.010000,7.642569,4940500,-0.0012468827930174299
2017-01-04,8.010000,8.090000,8.010000,8.080000,7.709357,5682300,0.008739076154806527
2017-01-05,8.080000,8.200000,8.080000,8.190000,7.814312,11952800,0.013613861386138543
2017-01-06,8.180000,8.250000,8.170000,8.250000,7.871560,11385000,0.00855745721271397
2017-01-09,8.260000,8.280000,8.240000,8.260000,7.881101,7699200,0.0
2017-01-10,8.250000,8.280000,8.170000,8.280000,7.900183,5000500,0.0036363636363635587
2017-01-11,8.280000,8.300000,8.280000,8.300000,7.919267,6430000,0.002415458937198231
2017-01-12,8.300000,8.330000,8.210000,8.310000,7.928808,11993000,0.001204819277108408
2017-01-13,8.310000,8.350000,8.300000,8.320000,7.938348,10301100,0.00120336943441634
2017-01-16,8.320000,8.320000,8.050000,8.050000,7.680734,12006200,-0.032451923076923024
2017-01-17,8.070000,8.200000,8.070000,8.170000,7.795229,8139300,0.012391573729863648
2017-01-18,8.190000,8.220000,8.180000,8.210000,7.833395,7955800,0.002442002442002607
2017-01-19,8.210000,8.250000,8.130000,8.250000,7.871560,7950900,0.0048721071863579955
2017-01-20,8.200000,8.280000,8.200000,8.270000,7.890643,5897500,0.008536585365853694
2017-01-23,8.290000,8.290000,8.250000,8.280000,7.900183,7675800,-0.0012062726176115546
2017-01-24,8.280000,8.320000,8.280000,8.320000,7.938348,11618500,0.004830917874396247
2017-01-25,8.330000,8.350000,8.310000,8.330000,7.947889,9100600,0.0
2017-01-26,8.340000,8.350000,8.310000,8.320000,7.938348,5554600,-0.0023980815347721313
2017-01-27,8.320000,8.330000,8.180000,8.250000,7.871560,9801500,-0.008413461538461573
2017-01-31,8.250000,8.320000,8.220000,8.220000,7.842936,10329100,-0.0036363636363635587
2017-02-02,8.120000,8.210000,8.120000,8.130000,7.757064,13436500,0.0012315270935962517
2017-02-03,8.140000,8.210000,8.140000,8.200000,7.823853,9516700,0.007371007371007213
2017-02-06,8.230000,8.240000,8.190000,8.220000,7.842936,8174400,-0.0012150668286755512
2017-02-07,8.200000,8.220000,8.170000,8.170000,7.795229,4262000,-0.003658536585365776
2017-02-08,8.190000,8.220000,8.180000,8.200000,7.823853,10757400,0.001221001221001195
2017-02-10,8.280000,8.330000,8.270000,8.300000,7.919267,12421900,0.002415458937198231
2017-02-13,8.320000,8.390000,8.310000,8.350000,7.966973,9769400,0.0036057692307691538
2017-02-14,8.350000,8.360000,8.310000,8.320000,7.938348,11340700,-0.0035928143712574087
2017-02-15,8.350000,8.390000,8.330000,8.370000,7.986055,9711100,0.0023952095808382726
2017-02-16,8.380000,8.400000,8.370000,8.400000,8.014679,23401000,0.002386634844868684
2017-02-17,8.400000,8.480000,8.390000,8.460000,8.071926,26387800,0.007142857142857202
2017-02-20,8.460000,8.470000,8.380000,8.420000,8.033762,5623400,-0.004728132387706964
2017-02-21,8.470000,8.470000,8.390000,8.400000,8.014679,4110500,-0.008264462809917389
2017-02-22,8.430000,8.450000,8.400000,8.420000,8.033762,7576000,-0.0011862396204032962
2017-02-23,8.420000,8.420000,8.380000,8.400000,8.014679,7368700,-0.0023752969121139636
2017-02-24,8.460000,8.650000,8.450000,8.600000,8.205505,22579200,0.01654846335697385
2017-02-27,8.600000,8.690000,8.600000,8.620000,8.224587,9595200,0.0023255813953487877
2017-02-28,8.620000,8.630000,8.590000,8.600000,8.205505,16869400,-0.002320185614849139
2017-03-01,8.600000,8.660000,8.590000,8.620000,8.224587,12099500,0.0023255813953487877
2017-03-02,8.700000,8.800000,8.700000,8.750000,8.348623,27051200,0.0057471264367816915
2017-03-03,8.770000,8.770000,8.690000,8.730000,8.329541,13582300,-0.0045610034207524686
2017-03-06,8.740000,8.820000,8.730000,8.820000,8.415413,17398000,0.009153318077803212
2017-03-07,8.850000,8.900000,8.800000,8.800000,8.396331,23256000,-0.005649717514124173
2017-03-08,8.800000,8.860000,8.800000,8.830000,8.424954,10100500,0.003409090909090836
2017-03-09,8.800000,8.810000,8.700000,8.730000,8.329541,14323900,-0.007954545454545487
2017-03-10,8.770000,8.840000,8.730000,8.770000,8.367706,14421700,0.0
2017-03-13,8.780000,8.840000,8.780000,8.800000,8.396331,11659500,0.002277904328018377
2017-03-14,8.820000,8.850000,8.820000,8.850000,8.444036,14968300,0.0034013605442176145
2017-03-15,8.850000,8.850000,8.730000,8.750000,8.348623,7228100,-0.011299435028248548
2017-03-16,8.790000,8.850000,8.790000,8.850000,8.444036,34071500,0.006825938566552958
2017-03-17,8.900000,9.000000,8.880000,8.900000,8.491743,34238700,0.0
2017-03-20,8.900000,8.990000,8.890000,8.900000,8.491743,10988900,0.0
2017-03-21,8.970000,9.000000,8.950000,9.000000,8.587156,20293600,0.003344481605351099
2017-03-22,8.950000,9.000000,8.900000,8.940000,8.529908,15162600,-0.0011173184357541662
2017-03-23,8.960000,9.040000,8.950000,9.000000,8.587156,16536500,0.004464285714285619
2017-03-24,9.020000,9.040000,8.980000,8.990000,8.577614,9617200,-0.0033259423503325235
2017-03-27,8.980000,9.000000,8.930000,8.970000,8.558532,7163900,-0.0011135857461024262
2017-03-28,9.000000,9.000000,8.960000,9.000000,8.587156,11540900,0.0
2017-03-29,9.000000,9.020000,8.930000,8.970000,8.558532,9965300,-0.0033333333333332624
2017-04-03,8.910000,9.000000,8.900000,9.000000,8.587156,8296600,0.010101010101010085
2017-04-04,9.010000,9.020000,8.970000,9.000000,8.587156,10481300,-0.0011098779134294991
2017-04-05,8.990000,8.990000,8.930000,8.950000,8.539450,12046500,-0.004449388209121348
2017-04-06,8.950000,8.960000,8.930000,8.940000,8.529908,25418100,-0.0011173184357541662
2017-04-07,8.960000,9.000000,8.930000,9.000000,8.587156,30713500,0.004464285714285619
2017-04-10,8.990000,9.000000,8.970000,8.990000,8.577614,8034300,0.0
2017-04-11,9.000000,9.000000,8.960000,8.980000,8.568072,5560300,-0.002222222222222175
2017-04-12,8.980000,8.990000,8.960000,8.980000,8.568072,7446100,0.0
2017-04-13,8.980000,8.990000,8.920000,8.960000,8.548990,12395900,-0.0022271714922048524
2017-04-14,8.950000,8.970000,8.930000,8.950000,8.539450,7485500,0.0
2017-04-17,8.950000,9.020000,8.920000,9.020000,8.606239,14490800,0.007821229050279361
2017-04-18,9.010000,9.040000,9.010000,9.040000,8.625321,15439200,0.0033296337402884974
2017-04-19,9.040000,9.060000,9.030000,9.050000,8.634863,22362200,0.0011061946902656597
2017-04-20,9.050000,9.090000,9.030000,9.080000,8.663486,24083600,0.003314917127071752
2017-04-21,9.100000,9.430000,9.090000,9.400000,8.968806,41146200,0.032967032967033044
2017-04-24,9.290000,9.290000,9.290000,9.290000,8.863853,0,0.0
2017-04-25,9.400000,9.400000,9.320000,9.370000,8.940184,21733900,-0.0031914893617022485
2017-04-26,9.330000,9.480000,9.320000,9.480000,9.045137,29078200,0.016077170418006468
2017-04-27,9.420000,9.550000,9.420000,9.540000,9.102386,33354600,0.01273885350318463
2017-04-28,9.500000,9.600000,9.500000,9.580000,9.140551,34363200,0.008421052631578954
2017-05-02,9.570000,9.670000,9.540000,9.600000,9.159633,34056400,0.003134796238244447
2017-05-03,9.610000,9.680000,9.560000,9.590000,9.150091,20035900,-0.002081165452653442
2017-05-04,9.280000,9.280000,9.110000,9.200000,8.984081,19416000,-0.008620689655172422
2017-05-05,9.200000,9.350000,9.170000,9.300000,9.081735,18994700,0.01086956521739146
2017-05-08,9.300000,9.400000,9.300000,9.390000,9.169622,13301300,0.009677419354838694
2017-05-09,9.400000,9.410000,9.350000,9.360000,9.140326,14766500,-0.004255319148936268
2017-05-11,9.400000,9.410000,9.310000,9.310000,9.091500,21526200,-0.009574468085106367
2017-05-12,9.360000,9.400000,9.340000,9.380000,9.159857,12707100,0.002136752136752281
2017-05-15,9.360000,9.400000,9.360000,9.380000,9.159857,13071200,0.002136752136752281
2017-05-16,9.360000,9.380000,9.330000,9.350000,9.130562,11150800,-0.0010683760683760457
2017-05-17,9.360000,9.360000,9.320000,9.340000,9.120796,10556000,-0.0021367521367520914
2017-05-18,9.280000,9.350000,9.250000,9.320000,9.101265,14700900,0.004310344827586307
2017-05-19,9.340000,9.400000,9.320000,9.350000,9.130562,28520000,0.0010706638115631465
2017-05-22,9.350000,9.370000,9.250000,9.350000,9.130562,10328900,0.0
2017-05-23,9.350000,9.400000,9.300000,9.350000,9.130562,12392100,0.0
2017-05-24,9.380000,9.400000,9.310000,9.360000,9.140326,16260300,-0.0021321961620470523
2017-05-25,9.360000,9.580000,9.350000,9.390000,9.169622,38056600,0.003205128205128327
2017-05-26,9.360000,9.420000,9.300000,9.400000,9.179387,11621700,0.004273504273504373
2017-05-29,9.400000,9.410000,9.390000,9.400000,9.179387,7813400,0.0
2017-05-31,9.390000,9.440000,9.340000,9.440000,9.218449,18112500,0.005324813631522783
2017-06-01,9.440000,9.440000,9.380000,9.420000,9.198918,15299300,-0.002118644067796565
2017-06-02,9.420000,9.550000,9.420000,9.530000,9.306336,18822800,0.01167728237791926
2017-06-05,9.500000,9.610000,9.470000,9.590000,9.364928,21972900,0.0094736842105263
2017-06-06,9.590000,9.600000,9.520000,9.580000,9.355164,4634400,-0.0010427528675703635
2017-06-07,9.570000,9.600000,9.500000,9.550000,9.325868,8764500,-0.0020898641588296316
2017-06-08,9.530000,9.610000,9.530000,9.570000,9.345398,9289000,0.0041972717733474215
2017-06-09,9.590000,9.610000,9.550000,9.570000,9.345398,10313100,-0.002085505735140727
2017-06-13,9.590000,9.590000,9.570000,9.570000,9.345398,5875800,-0.002085505735140727
2017-06-14,9.600000,9.610000,9.570000,9.610000,9.384459,12781200,0.0010416666666666445
2017-06-15,9.580000,9.650000,9.580000,9.640000,9.413755,10489000,0.006263048016701514
2017-06-16,9.620000,9.640000,9.590000,9.630000,9.403990,13787500,0.001039501039501202
2017-06-19,9.610000,9.650000,9.580000,9.630000,9.403990,9969400,0.0020811654526536267
2017-06-20,9.630000,9.650000,9.620000,9.640000,9.413755,24095000,0.0010384215991692406
2017-06-21,9.620000,9.640000,9.550000,9.590000,9.364928,17090300,-0.0031185031185030523
2017-06-22,9.560000,9.600000,9.510000,9.580000,9.355164,7971500,0.002092050209204976
2017-06-23,9.580000,9.600000,9.580000,9.600000,9.374694,9432400,0.002087682672233776
2017-06-26,9.590000,9.590000,9.590000,9.590000,9.364928,0,0.0
2017-06-27,9.590000,9.590000,9.590000,9.590000,9.364928,0,0.0
2017-06-28,9.600000,9.650000,9.580000,9.630000,9.403990,9917800,0.0031250000000001186
2017-06-29,9.620000,9.640000,9.610000,9.630000,9.403990,5805600,0.001039501039501202
2017-06-30,9.610000,9.670000,9.610000,9.630000,9.403990,25070900,0.0020811654526536267
2017-07-03,9.630000,9.650000,9.620000,9.640000,9.413755,13443600,0.0010384215991692406
2017-07-04,9.630000,9.670000,9.610000,9.650000,9.423520,7894400,0.002076843198338481
2017-07-05,9.660000,9.670000,9.640000,9.660000,9.433286,16507700,0.0
2017-07-06,9.610000,9.670000,9.610000,9.650000,9.423520,10891000,0.004162330905307069
2017-07-07,9.650000,9.660000,9.620000,9.630000,9.403990,11618400,-0.0020725388601035826
2017-07-10,9.610000,9.640000,9.610000,9.620000,9.394224,7954300,0.001040582726326721
2017-07-11,9.630000,9.630000,9.600000,9.630000,9.403990,6102600,0.0
2017-07-12,9.630000,9.630000,9.560000,9.630000,9.403990,8811300,0.0
2017-07-13,9.630000,9.630000,9.600000,9.610000,9.384459,13220600,-0.0020768431983386655
2017-07-14,9.620000,9.630000,9.580000,9.620000,9.394224,13250100,0.0
2017-07-17,9.620000,9.640000,9.570000,9.610000,9.384459,7926400,-0.0010395010395010174
2017-07-18,9.600000,9.620000,9.560000,9.600000,9.374694,14054300,0.0
2017-07-19,9.610000,9.640000,9.600000,9.640000,9.413755,27586200,0.0031217481789803476
2017-07-20,9.650000,9.650000,9.600000,9.620000,9.394224,13245800,-0.0031088082901555582
2017-07-21,9.630000,9.640000,9.620000,9.630000,9.403990,11819400,0.0
2017-07-24,9.630000,9.640000,9.600000,9.630000,9.403990,8825000,0.0
2017-07-25,9.630000,9.640000,9.620000,9.620000,9.394224,7473800,-0.0010384215991694249
2017-07-26,9.630000,9.640000,9.620000,9.630000,9.403990,6944000,0.0
2017-07-27,9.640000,9.660000,9.620000,9.640000,9.413755,7807700,0.0
2017-07-28,9.640000,9.650000,9.630000,9.640000,9.413755,4425500,0.0
2017-07-31,9.660000,9.660000,9.540000,9.540000,9.316102,18749000,-0.012422360248447308
2017-08-01,9.580000,9.660000,9.560000,9.650000,9.423520,21909600,0.007306889352818401
2017-08-02,9.640000,9.650000,9.600000,9.650000,9.423520,8289200,0.0010373443983402268
2017-08-03,9.650000,9.670000,9.630000,9.640000,9.413755,13036800,-0.0010362694300517913
2017-08-04,9.620000,9.650000,9.620000,9.650000,9.423520,11350000,0.003118503118503237
2017-08-07,9.640000,9.770000,9.640000,9.700000,9.472346,11955000,0.006224066390041361
2017-08-08,9.700000,9.840000,9.690000,9.800000,9.570001,23854600,0.010309278350515611
2017-08-09,9.760000,9.830000,9.690000,9.820000,9.589530,12973100,0.0061475409836066084
2017-08-10,9.800000,9.820000,9.730000,9.780000,9.550469,8468600,-0.00204081632653075
2017-08-11,9.730000,9.750000,9.660000,9.690000,9.462582,10810600,-0.004110996916752407
2017-08-14,9.680000,9.710000,9.640000,9.690000,9.462582,12060400,0.0010330578512396473
2017-08-15,9.720000,9.720000,9.670000,9.690000,9.462582,5041800,-0.0030864197530865367
2017-08-16,9.700000,9.710000,9.680000,9.690000,9.462582,9208700,-0.0010309278350515245
2017-08-17,9.700000,9.750000,9.680000,9.700000,9.472346,8141800,0.0
2017-08-18,9.690000,9.700000,9.620000,9.660000,9.433286,13908400,-0.0030959752321980767
2017-08-21,9.620000,9.640000,9.580000,9.600000,9.374694,16226600,-0.002079002079002035
2017-08-22,9.600000,9.630000,9.600000,9.610000,9.384459,16658600,0.0010416666666666445
2017-08-23,9.610000,9.640000,9.570000,9.580000,9.355164,7188000,-0.0031217481789801624
2017-08-24,9.580000,9.610000,9.530000,9.570000,9.345398,8128300,-0.001043841336116888
2017-08-25,9.590000,9.600000,9.500000,9.560000,9.335633,9263800,-0.0031282586027110908
2017-08-28,9.500000,9.600000,9.500000,9.600000,9.374694,5024400,0.010526315789473648
2017-08-29,9.590000,9.600000,9.420000,9.460000,9.237980,9887200,-0.013555787278414912
2017-08-30,9.430000,9.500000,9.430000,9.460000,9.237980,15381800,0.0031813361611878195
2017-08-31,9.460000,9.460000,9.460000,9.460000,9.237980,0,0.0
2017-09-01,9.460000,9.460000,9.460000,9.460000,9.237980,0,0.0
2017-09-05,9.580000,9.580000,9.400000,9.420000,9.198918,13228200,-0.01670146137787058
2017-09-06,9.420000,9.480000,9.420000,9.470000,9.247746,10052400,0.005307855626327039
2017-09-07,9.470000,9.490000,9.450000,9.490000,9.267275,19336500,0.0021119324181625735
2017-09-08,9.500000,9.640000,9.490000,9.600000,9.374694,17531400,0.010526315789473648
2017-09-11,9.600000,9.630000,9.570000,9.620000,9.394224,11747500,0.002083333333333289
2017-09-12,9.650000,9.720000,9.630000,9.700000,9.472346,6166300,0.0051813471502589565
2017-09-13,9.650000,9.710000,9.650000,9.700000,9.472346,8759300,0.0051813471502589565
2017-09-14,9.700000,9.730000,9.680000,9.720000,9.491878,12231000,0.002061855670103232
2017-09-15,9.710000,9.720000,9.650000,9.700000,9.472346,7542200,-0.0010298661174048982
2017-09-18,9.700000,9.820000,9.700000,9.800000,9.570001,13402600,0.010309278350515611
2017-09-19,9.750000,9.820000,9.720000,9.810000,9.579765,12770800,0.006153846153846205
2017-09-20,9.810000,9.850000,9.800000,9.850000,9.618827,10318200,0.004077471967380137
2017-09-21,9.800000,9.860000,9.800000,9.850000,9.618827,6790800,0.005102040816326422
2017-09-22,9.850000,9.850000,9.850000,9.850000,9.618827,0,0.0
2017-09-25,9.790000,9.840000,9.660000,9.780000,9.550469,14356200,-0.0010214504596526852
2017-09-26,9.750000,9.840000,9.730000,9.800000,9.570001,20424900,0.005128205128205201
2017-09-27,9.800000,9.860000,9.750000,9.820000,9.589530,19037100,0.0020408163265305686
2017-09-28,9.800000,9.850000,9.790000,9.800000,9.570001,18444100,0.0
2017-09-29,9.600000,9.600000,9.490000,9.530000,9.530000,8053000,-0.007291666666666696
2017-10-02,9.550000,9.570000,9.540000,9.550000,9.550000,12596000,0.0
2017-10-03,9.570000,9.580000,9.540000,9.560000,9.560000,8476300,-0.0010449320794148158
2017-10-04,9.540000,9.570000,9.530000,9.550000,9.550000,2962300,0.0010482180293502688
2017-10-05,9.540000,9.560000,9.530000,9.540000,9.540000,8160800,0.0
2017-10-06,9.560000,9.560000,9.530000,9.540000,9.540000,9890700,-0.002092050209205162
2017-10-09,9.540000,9.560000,9.530000,9.550000,9.550000,4122500,0.0010482180293502688
2017-10-10,9.550000,9.560000,9.540000,9.540000,9.540000,4543100,-0.0010471204188483311
2017-10-11,9.510000,9.550000,9.510000,9.550000,9.550000,5264400,0.004206098843322915
2017-10-12,9.550000,9.550000,9.520000,9.530000,9.530000,8593800,-0.0020942408376964762
2017-10-13,9.550000,9.550000,9.500000,9.510000,9.510000,6467900,-0.004188481675392767
2017-10-16,9.510000,9.520000,9.460000,9.460000,9.460000,7602500,-0.005257623554153411
2017-10-17,9.420000,9.480000,9.420000,9.420000,9.420000,6745600,0.0
2017-10-18,9.420000,9.420000,9.420000,9.420000,9.420000,0,0.0
2017-10-19,9.400000,9.430000,9.350000,9.350000,9.350000,9314300,-0.005319148936170288
2017-10-20,9.350000,9.360000,9.270000,9.290000,9.290000,6457200,-0.006417112299465294
2017-10-23,9.290000,9.300000,9.230000,9.240000,9.240000,7858200,-0.005382131324004192
2017-10-24,9.290000,9.290000,9.240000,9.250000,9.250000,9719300,-0.004305705059203353
2017-10-25,9.230000,9.260000,9.170000,9.240000,9.240000,7800800,0.0010834236186348632
2017-10-26,9.250000,9.260000,9.230000,9.240000,9.240000,9824100,-0.0010810810810810581
2017-10-27,9.260000,9.330000,9.230000,9.230000,9.230000,8131700,-0.0032397408207342723
2017-10-30,9.210000,9.300000,9.160000,9.240000,9.240000,8848400,0.0032573289902279434
2017-10-31,9.200000,9.280000,9.200000,9.250000,9.250000,11073500,0.00543478260869573
2017-11-01,9.250000,9.260000,9.200000,9.200000,9.200000,4539900,-0.005405405405405482
2017-11-02,9.210000,9.250000,9.190000,9.250000,9.250000,5700500,0.004343105320303925
2017-11-03,9.250000,9.280000,9.200000,9.240000,9.240000,7042900,-0.0010810810810810581
2017-11-06,9.240000,9.260000,9.240000,9.250000,9.250000,8549000,0.001082251082251059
2017-11-07,9.260000,9.270000,9.230000,9.250000,9.250000,5265900,-0.0010799136069114242
2017-11-08,9.220000,9.230000,9.150000,9.150000,9.150000,6484200,-0.007592190889370963
2017-11-09,9.150000,9.200000,9.110000,9.160000,9.160000,10305600,0.0010928961748633646
2017-11-10,9.160000,9.390000,9.100000,9.180000,9.180000,10091200,0.0021834061135370714
2017-11-13,9.180000,9.240000,9.160000,9.160000,9.160000,7456400,-0.0021786492374727207
2017-11-14,9.350000,9.480000,9.180000,9.340000,9.340000,16880700,-0.0010695187165775174
2017-11-15,9.300000,9.380000,9.210000,9.210000,9.210000,11670300,-0.009677419354838694
2017-11-16,9.200000,9.240000,9.110000,9.210000,9.210000,10144400,0.0010869565217393005
2017-11-17,9.200000,9.250000,9.200000,9.220000,9.220000,7981900,0.002173913043478408
2017-11-20,9.200000,9.220000,9.180000,9.210000,9.210000,6930900,0.0010869565217393005
2017-11-21,9.210000,9.240000,9.200000,9.210000,9.210000,8065600,0.0
2017-11-22,9.230000,9.240000,9.200000,9.210000,9.210000,10285400,-0.0021668472372697264
2017-11-23,9.200000,9.240000,9.200000,9.210000,9.210000,2374200,0.0010869565217393005
2017-11-24,9.210000,9.230000,9.150000,9.150000,9.150000,25726500,-0.006514657980456079
2017-11-27,9.190000,9.210000,9.170000,9.200000,9.200000,4668500,0.0010881392818280508
2017-11-28,9.230000,9.230000,9.160000,9.200000,9.200000,8568600,-0.003250270855904782
2017-11-29,9.200000,9.200000,9.180000,9.200000,9.200000,13506000,0.0
2017-11-30,9.190000,9.280000,9.170000,9.250000,9.250000,62218600,0.006528835690968499
2017-12-01,9.250000,9.250000,9.250000,9.250000,9.250000,0,0.0
2017-12-04,9.320000,9.450000,9.240000,9.250000,9.250000,14839700,-0.007510729613733936
2017-12-05,9.240000,9.380000,9.240000,9.380000,9.380000,10423000,0.015151515151515213
2017-12-06,9.350000,9.350000,9.230000,9.260000,9.260000,13206300,-0.009625668449197846
2017-12-07,9.260000,9.330000,9.240000,9.270000,9.270000,13092500,0.0010799136069114242
2017-12-08,9.260000,9.290000,9.240000,9.270000,9.270000,11586700,0.0010799136069114242
2017-12-11,9.270000,9.270000,9.250000,9.250000,9.250000,10041000,-0.0021574973031283254
2017-12-12,9.250000,9.260000,9.210000,9.250000,9.250000,22176700,0.0
2017-12-13,9.240000,9.270000,9.240000,9.250000,9.250000,12695100,0.001082251082251059
2017-12-14,9.260000,9.500000,9.250000,9.490000,9.490000,22069500,0.02483801295896333
2017-12-15,9.450000,9.680000,9.420000,9.540000,9.540000,12612200,0.009523809523809509
2017-12-18,9.500000,9.530000,9.420000,9.500000,9.500000,4864600,0.0
2017-12-19,9.500000,9.500000,9.440000,9.490000,9.490000,14193800,-0.001052631578947346
2017-12-20,9.460000,9.520000,9.450000,9.500000,9.500000,14102800,0.004228329809725068
2017-12-21,9.500000,9.500000,9.410000,9.480000,9.480000,5243400,-0.002105263157894692
2017-12-22,9.480000,9.500000,9.460000,9.480000,9.480000,7146200,0.0
2017-12-25,9.480000,9.480000,9.480000,9.480000,9.480000,0,0.0
2017-12-26,9.490000,9.500000,9.430000,9.470000,9.470000,9149900,-0.0021074815595363092
2017-12-27,9.460000,9.550000,9.460000,9.550000,9.550000,11664300,0.009513742071881591
2017-12-28,9.560000,9.630000,9.510000,9.560000,9.560000,5102600,0.0
2017-12-29,9.560000,9.800000,9.530000,9.800000,9.800000,10722800,0.02510460251046027
2018-01-02,9.650000,9.680000,9.590000,9.660000,9.660000,5284100,0.0010362694300517913
2018-01-03,9.660000,9.780000,9.660000,9.780000,9.780000,13946300,0.012422360248447124
2018-01-04,9.780000,9.820000,9.780000,9.800000,9.800000,18711500,0.002044989775051263
2018-01-05,9.800000,9.820000,9.790000,9.800000,9.800000,17266600,0.0
2018-01-08,9.800000,9.850000,9.790000,9.850000,9.850000,19238800,0.005102040816326422
2018-01-09,9.820000,9.850000,9.800000,9.830000,9.830000,14892600,0.0010183299389001819
2018-01-10,9.810000,9.850000,9.810000,9.840000,9.840000,18220300,0.0030581039755351027
2018-01-11,9.840000,9.850000,9.830000,9.840000,9.840000,11074400,0.0
2018-01-12,9.830000,9.860000,9.830000,9.850000,9.850000,15866800,0.0020345879959307806
2018-01-15,9.830000,9.880000,9.830000,9.850000,9.850000,8175600,0.0020345879959307806
2018-01-16,9.860000,9.870000,9.820000,9.850000,9.850000,9757500,-0.001014198782961439
2018-01-17,9.850000,9.880000,9.830000,9.880000,9.880000,6246100,0.003045685279187933
2018-01-18,9.880000,9.880000,9.850000,9.860000,9.860000,7144300,-0.002024291497975845
2018-01-19,9.860000,9.870000,9.850000,9.870000,9.870000,10349100,0.001014198782961439
2018-01-22,9.830000,9.880000,9.830000,9.870000,9.870000,7857700,0.004069175991861561
2018-01-23,9.850000,9.890000,9.810000,9.890000,9.890000,11027100,0.00406091370558385
2018-01-24,9.890000,9.920000,9.880000,9.910000,9.910000,10791600,0.0020222446916076412
2018-01-26,10.000000,10.080000,9.960000,10.080000,10.080000,12715400,0.008000000000000007
2018-01-29,10.040000,10.240000,10.040000,10.200000,10.200000,11916400,0.0159362549800797
2018-01-30,10.140000,10.180000,10.020000,10.100000,10.100000,13480900,-0.003944773175542498
2018-09-07,9.900000,9.900000,9.820000,9.890000,9.890000,4505300,-0.0010101010101009886
