2014-01-02,31.780001,31.780001,30.620001,30.980000,28.406271,95600,-0.025173095494867927
2014-01-03,30.940001,30.940001,30.379999,30.400000,27.874456,707000,-0.017453166856717304
2014-01-06,30.400000,30.580000,29.799999,30.500000,27.966150,152100,0.0032894736842105734
2014-01-07,30.500000,30.860001,30.100000,30.740000,28.186211,803400,0.007868852459016341
2014-01-08,30.900000,30.900000,30.660000,30.660000,28.112856,60400,-0.007766990291262085
2014-01-09,30.660000,30.660000,30.280001,30.420000,27.892797,555500,-0.007827788649706407
2014-01-10,30.559999,30.559999,30.160000,30.420000,27.892797,417800,-0.0045811192598533635
2014-01-13,30.639999,30.900000,30.200001,30.639999,28.094517,93700,0.0
2014-01-15,30.660000,30.900000,30.400000,30.719999,28.167871,677400,0.001956914546640615
2014-01-16,31.000000,31.000000,30.400000,30.700001,28.149536,426100,-0.009677387096774183
2014-01-20,30.959999,30.959999,30.120001,30.520000,27.984489,199200,-0.014211854464207193
2014-01-21,30.820000,30.820000,30.120001,30.379999,27.856117,74300,-0.014276476314081724
2014-01-22,30.780001,30.820000,30.379999,30.520000,27.984489,1562400,-0.008447075748957871
2014-01-23,30.520000,30.799999,30.360001,30.680000,28.131195,245900,0.005242463958060293
2014-01-24,30.299999,30.780001,30.200001,30.680000,28.131195,509900,0.012541287542616752
2014-01-27,30.680000,30.799999,29.799999,30.040001,27.544363,374800,-0.020860462842242487
2014-01-28,30.299999,30.520000,30.200001,30.500000,27.966150,591100,0.006600693287151604
2014-01-29,30.700001,30.760000,30.219999,30.500000,27.966150,364600,-0.006514690341541041
2014-01-30,30.500000,30.600000,30.000000,30.540001,28.002825,383900,0.0013115081967213173
2014-02-03,30.540001,30.540001,30.540001,30.540001,28.002825,0,0.0
2014-02-04,30.000000,30.200001,29.799999,30.139999,27.636057,335100,0.004666633333333318
2014-02-05,30.400000,31.000000,30.139999,31.000000,28.424608,106700,0.019736842105263205
2014-02-06,30.719999,30.980000,30.420000,30.500000,27.966150,237200,-0.007161426014369381
2014-02-07,30.500000,30.700001,30.200001,30.500000,27.966150,1648700,0.0
2014-02-10,30.400000,30.580000,30.200001,30.240000,27.727751,583500,-0.005263157894736847
2014-02-11,30.200001,30.639999,30.100000,30.100000,27.599380,325500,-0.0033112912810830336
2014-02-12,30.260000,30.459999,30.200001,30.280001,27.764427,338600,0.0006609715796429956
2014-02-13,30.260000,30.299999,29.879999,30.200001,27.691071,113000,-0.0019827825512227773
2014-02-14,29.879999,30.299999,29.879999,30.200001,27.691071,379300,0.010709571978231953
2014-02-17,30.200001,30.559999,30.180000,30.200001,27.691071,201000,0.0
2014-02-18,30.000000,30.420000,30.000000,30.200001,27.691071,240800,0.006666700000000011
2014-02-19,30.280001,30.280001,30.219999,30.240000,27.727751,351900,-0.0013210369444835942
2014-02-20,30.080000,30.180000,30.080000,30.139999,27.796919,287100,0.00199464760638302
2014-02-21,30.299999,30.500000,30.299999,30.500000,28.128929,882700,0.006600693287151604
2014-02-24,30.600000,30.660000,30.440001,30.559999,28.184263,252600,-0.0013072222222222278
2014-02-25,30.600000,30.600000,30.219999,30.299999,27.944479,404800,-0.00980395424836607
2014-02-26,30.580000,30.639999,30.280001,30.639999,28.258049,1509400,0.001962034009156352
2014-02-27,30.200001,30.620001,30.200001,30.580000,28.202711,269600,0.012582747927723511
2014-02-28,30.440001,30.660000,30.360001,30.660000,28.276495,726000,0.007227299368354206
2014-03-03,30.200001,30.660000,30.020000,30.120001,27.778473,253400,-0.0026490065348011693
2014-03-04,30.120001,30.500000,30.120001,30.500000,28.128929,451000,0.012616168239835104
2014-03-05,30.520000,30.700001,30.299999,30.580000,28.202711,751700,0.0019659239842725663
2014-03-06,30.400000,30.420000,30.360001,30.400000,28.036705,194000,0.0
2014-03-07,30.700001,30.700001,30.200001,30.200001,27.852257,23100,-0.016286644420630474
2014-03-10,30.100000,30.120001,29.820000,29.980000,27.649355,315400,-0.003986710963455182
2014-03-11,29.879999,30.299999,29.879999,30.280001,27.926033,634000,0.013386948239188264
2014-03-12,30.000000,30.100000,29.820000,30.020000,27.686247,416800,0.0006666666666666524
2014-03-13,30.000000,30.299999,30.000000,30.299999,27.944479,399900,0.009999966666666657
2014-03-14,30.020000,30.440001,30.000000,30.299999,27.944479,1020700,0.009327081945369757
2014-03-17,30.260000,30.260000,30.000000,30.120001,27.778473,260600,-0.004626536682088667
2014-03-18,30.020000,30.340000,30.000000,30.340000,27.981369,381800,0.010659560293137917
2014-03-19,30.360001,30.360001,29.920000,30.040001,27.704691,226400,-0.010540184106054552
2014-03-20,29.820000,30.260000,29.820000,30.100000,27.760031,213400,0.009389671361502386
2014-03-21,30.000000,30.200001,30.000000,30.020000,27.686247,584400,0.0006666666666666524
2014-03-24,30.260000,30.500000,30.040001,30.200001,27.852257,636000,-0.0019827825512227773
2014-03-25,30.299999,30.299999,30.200001,30.280001,27.926033,191000,-0.0006600000217822143
2014-03-26,30.280001,30.400000,30.120001,30.200001,27.852257,121300,-0.002642007838771151
2014-03-27,30.200001,30.700001,30.080000,30.639999,28.258049,452100,0.014569469716242699
2014-03-28,30.620001,30.760000,30.580000,30.660000,28.276495,325600,0.0013063030272272582
2014-03-31,30.660000,30.700001,30.200001,30.700001,28.313387,491400,0.001304664057403789
2014-04-01,30.700001,30.700001,30.379999,30.600000,28.221159,143200,-0.0032573614574149
2014-04-02,30.500000,30.760000,30.440001,30.760000,28.368721,245400,0.008524590163934477
2014-04-03,30.780001,30.780001,30.440001,30.440001,28.073597,465800,-0.01104613349427766
2014-04-04,30.379999,30.379999,30.180000,30.180000,27.833807,170500,-0.006583245772983791
2014-04-07,30.180000,30.680000,30.180000,30.400000,28.036705,258800,0.0072895957587806115
2014-04-08,30.600000,30.600000,30.100000,30.400000,28.036705,166200,-0.006535947712418394
2014-04-09,30.400000,30.559999,30.400000,30.500000,28.128929,290300,0.0032894736842105734
2014-04-10,30.660000,30.660000,30.180000,30.480000,28.110487,381600,-0.0058708414872798344
2014-04-11,30.660000,30.660000,30.180000,30.260000,27.907591,250500,-0.013046314416177384
2014-04-14,30.379999,30.580000,30.299999,30.379999,28.018257,102800,0.0
2014-04-15,30.500000,30.500000,30.059999,30.500000,28.128929,160900,0.0
2014-04-16,30.660000,30.660000,30.139999,30.139999,27.796919,143200,-0.01696024135681672
2014-04-17,30.299999,30.360001,30.059999,30.299999,27.944479,220600,0.0
2014-04-18,30.299999,30.320000,30.299999,30.299999,27.944479,259000,0.0
2014-04-21,30.299999,30.400000,30.100000,30.200001,27.852257,597400,-0.0033002641353222276
2014-04-22,30.059999,30.559999,30.059999,30.400000,28.036705,128300,0.011310745552586257
2014-04-23,30.440001,30.440001,30.240000,30.280001,27.926033,72400,-0.005256241614446732
2014-04-24,30.040001,30.299999,30.040001,30.219999,27.870697,172800,0.005991943875101775
2014-04-25,30.120001,30.620001,30.120001,30.620001,28.239605,844600,0.016600265053112052
2014-04-28,30.299999,30.299999,30.200001,30.240000,27.889143,808800,-0.0019801650818536743
2014-04-29,30.280001,30.580000,30.280001,30.320000,27.962925,715100,0.0013209708942876744
2014-04-30,30.620001,30.780001,30.299999,30.299999,27.944479,723300,-0.010450750801738995
2014-05-02,30.299999,30.440001,30.299999,30.379999,28.018257,122800,0.0026402641135401307
2014-05-05,30.299999,30.580000,30.200001,30.219999,27.870697,609200,-0.0026402641135400136
2014-05-06,30.580000,30.580000,30.240000,30.240000,27.889143,732100,-0.01111837802485284
2014-05-07,30.100000,30.500000,29.600000,29.900000,27.575577,2750700,-0.006644518272425343
2014-05-08,29.879999,29.879999,26.799999,26.900000,24.808796,6088900,-0.09973223225342152
2014-05-09,27.000000,27.139999,26.600000,26.780001,24.698124,1766900,-0.008148111111111163
2014-05-12,26.820000,27.040001,26.540001,27.020000,24.919470,409700,0.007457121551081256
2014-05-14,27.100000,27.340000,26.820000,26.940001,24.845686,1188700,-0.0059040221402215
2014-05-15,26.740000,26.980000,26.700001,26.900000,24.808796,1036900,0.005983545250560963
2014-05-16,27.040001,27.040001,26.559999,26.879999,24.790350,1659500,-0.005917233508978
2014-05-19,26.860001,26.860001,26.280001,26.299999,24.255438,2294100,-0.020848919551417766
2014-05-20,26.280001,26.280001,24.719999,24.900000,22.964273,2371800,-0.05251145157871189
2014-05-21,24.760000,24.760000,23.120001,23.700001,21.963409,1700000,-0.04281094507269795
2014-05-22,23.980000,24.000000,23.260000,23.500000,21.778069,1322800,-0.0200166805671393
2014-05-23,23.760000,23.760000,23.299999,23.500000,21.778069,1569500,-0.010942760942761007
2014-05-26,23.340000,23.480000,23.299999,23.299999,21.592718,212700,-0.0017138389031705302
2014-05-27,23.299999,23.680000,23.299999,23.680000,21.944880,842100,0.016309056493950924
2014-05-28,23.680000,24.780001,23.660000,24.500000,22.704792,962500,0.03462837837837839
2014-06-17,24.240000,24.240000,24.080000,24.120001,22.352640,618300,-0.004950453795379537
2014-06-18,24.100000,24.100000,23.900000,23.920000,22.167292,519100,-0.00746887966804978
2014-06-19,23.760000,23.959999,23.760000,23.940001,22.185827,1107500,0.007575799663299545
2014-06-20,24.139999,24.180000,23.959999,24.160000,22.389704,333500,0.0008285418735933088
2014-06-23,24.180000,24.180000,24.120001,24.160000,22.389704,774200,-0.0008271298593879062
2014-06-24,24.180000,24.180000,24.139999,24.180000,22.408239,421000,0.0
2014-06-25,24.080000,24.180000,24.080000,24.160000,22.389704,955900,0.0033222591362127014
2014-06-26,24.120001,24.600000,24.080000,24.600000,22.797468,558000,0.019900455228007784
2014-06-27,24.600000,24.600000,24.280001,24.280001,22.500914,455600,-0.013008089430894423
2014-06-30,24.100000,24.280001,24.020000,24.040001,22.278500,675300,-0.0024895850622407155
2014-07-01,24.020000,24.059999,23.900000,23.980000,22.222895,170800,-0.0016652789342214466
2014-07-02,23.920000,24.000000,23.799999,23.820000,22.074619,572500,-0.004180602006689022
2014-07-03,23.799999,23.860001,23.780001,23.799999,22.056082,856700,0.0
2014-07-04,23.799999,23.980000,23.620001,23.680000,21.944880,175700,-0.005041975001763654
2014-07-08,23.900000,23.900000,23.379999,23.400000,21.685394,1490600,-0.020920502092050212
2014-07-09,23.400000,23.459999,23.120001,23.139999,21.444441,572300,-0.011111153846153805
2014-07-16,21.000000,21.020000,20.760000,20.940001,19.405647,766200,-0.0028570952380952974
2014-07-18,20.900000,20.900000,20.600000,20.719999,19.201769,259200,-0.008612488038277378
2014-07-21,20.980000,20.980000,19.920000,19.980000,18.515991,438400,-0.047664442326024785
2014-07-22,20.139999,20.139999,19.559999,19.600000,18.163834,369600,-0.02681226548223752
2014-07-23,19.600000,19.600000,19.320000,19.340000,17.922884,346000,-0.013265306122449059
2014-07-24,19.379999,19.400000,19.180000,19.219999,17.811680,555000,-0.008255934378531192
2014-07-30,18.980000,19.180000,18.799999,18.940001,17.552197,753500,-0.002107428872497454
2014-07-31,19.000000,19.000000,18.260000,18.600000,17.237106,1344600,-0.021052631578947295
2014-08-01,18.500000,19.000000,18.360001,18.959999,17.570732,320800,0.0248648108108108
2014-08-04,19.000000,20.020000,19.000000,19.840000,18.386246,1088700,0.044210526315789464
2014-08-05,19.980000,20.360001,19.980000,20.100000,18.627195,1740000,0.006006006006006055
2014-08-06,20.299999,20.299999,19.920000,20.000000,18.534523,301100,-0.01477827659006287
2014-08-07,20.000000,20.160000,19.959999,20.000000,18.534523,462800,0.0
2014-08-08,19.940001,20.000000,19.639999,19.879999,18.423319,698300,-0.0030091272312372116
2014-08-11,20.000000,20.040001,19.780001,19.840000,18.386246,993600,-0.008000000000000007
2014-08-12,19.860001,19.860001,19.799999,19.799999,18.349176,110200,-0.0030212485890610367
2014-08-13,19.799999,19.940001,19.799999,19.920000,18.460386,910200,0.006060656871750449
2014-08-14,19.980000,20.480000,19.980000,20.459999,18.960821,784100,0.024023973973973944
2014-08-15,20.520000,20.700001,20.500000,20.600000,19.090561,601400,0.003898635477582936
2014-08-18,20.639999,20.700001,20.559999,20.660000,19.146166,360400,0.0009690407446240962
2014-08-19,20.719999,21.660000,20.700001,21.559999,19.980217,623300,0.04054054249713042
2014-08-20,21.360001,21.940001,21.360001,21.900000,20.295301,785100,0.02528085087636457
2014-08-21,21.840000,21.860001,21.660000,21.760000,20.295303,1021100,-0.003663003663003585
2014-08-22,21.760000,21.780001,21.700001,21.700001,20.239346,939300,-0.0027573069852941745
2014-08-25,21.680000,21.680000,21.000000,21.000000,19.586462,897500,-0.031365313653136516
2014-08-26,21.000000,21.000000,20.700001,20.799999,19.399923,213300,-0.009523857142857159
2014-08-27,20.799999,21.080000,20.760000,20.900000,19.493196,462000,0.004807740615756707
2014-08-28,20.840000,20.840000,20.600000,20.719999,19.325310,615400,-0.005758205374280157
2014-08-29,21.200001,21.200001,20.100000,20.100000,18.747042,477100,-0.051886837175149136
2014-09-02,20.100000,20.200001,20.059999,20.100000,18.747042,369700,0.0
2014-09-03,20.500000,20.520000,19.820000,19.980000,18.635120,480100,-0.025365853658536566
2014-09-04,20.200001,20.440001,20.020000,20.400000,19.026846,427600,0.00990094010391377
2014-09-05,20.500000,20.500000,20.420000,20.440001,19.064156,848500,-0.0029267804878049387
2014-09-08,20.440001,20.500000,20.420000,20.459999,19.082809,221200,0.0009783756859895003
2014-09-09,20.459999,20.500000,20.459999,20.459999,19.082809,492200,0.0
2014-09-10,20.459999,20.480000,20.440001,20.480000,19.101463,138500,0.0009775660301840974
2014-09-11,20.639999,20.780001,20.559999,20.559999,19.176079,308600,-0.003875969180037184
2014-09-12,20.559999,20.580000,20.219999,20.219999,18.858963,921500,-0.01653696578487187
2014-09-15,20.299999,20.299999,19.959999,20.020000,18.672424,525800,-0.013793054866652955
2014-09-17,20.020000,20.020000,19.900000,20.000000,18.653772,1032400,-0.0009990009990009777
2014-09-18,20.000000,20.020000,19.980000,20.000000,18.653772,915600,0.0
2014-09-19,20.000000,20.299999,20.000000,20.059999,18.709732,732300,0.0029999500000000624
2014-09-22,20.020000,20.080000,20.020000,20.040001,18.691078,841700,0.000999050949050979
2014-09-23,20.000000,20.040001,19.820000,19.959999,18.616465,897600,-0.002000050000000009
2014-09-24,19.980000,20.040001,19.980000,19.980000,18.635120,805100,0.0
2014-09-25,20.020000,20.020000,19.980000,20.000000,18.653772,71100,-0.0009990009990009777
2014-10-07,19.799999,19.900000,19.520000,19.540001,18.224739,451100,-0.01313121278440466
2014-10-08,19.540001,19.540001,19.100000,19.440001,18.131464,416500,-0.005117707005235128
2014-10-09,19.440001,19.440001,19.400000,19.420000,18.112810,136200,-0.0010288579717664134
2014-10-10,19.420000,19.420000,19.120001,19.299999,18.000891,908100,-0.006179248197734398
2014-10-13,19.000000,19.240000,19.000000,19.180000,17.888968,82400,0.0094736842105263
2014-10-14,19.120001,19.280001,19.100000,19.160000,17.870314,302100,0.0020919977985357674
2014-10-15,19.200001,19.200001,19.100000,19.160000,17.870314,265700,-0.0020833853081570243
2014-10-16,19.000000,19.219999,18.500000,19.160000,17.870314,657600,0.008421052631578954
2014-10-17,19.219999,19.260000,19.160000,19.219999,17.926275,482200,0.0
2014-10-20,19.379999,19.379999,19.219999,19.240000,17.944929,668000,-0.007223890981625081
2014-10-21,19.240000,19.299999,19.200001,19.240000,17.944929,184300,0.0
2014-10-22,19.240000,19.240000,19.240000,19.240000,17.944929,0,0.0
2014-10-24,19.299999,19.420000,19.280001,19.420000,18.112810,386300,0.006217668715941489
2014-10-27,19.500000,19.639999,19.299999,19.559999,18.243389,563100,0.0030768717948718586
2014-10-28,19.580000,20.040001,19.580000,19.940001,18.597815,302200,0.01838615934627173
2014-10-29,19.959999,20.440001,19.940001,20.420000,19.045502,569300,0.023046143439185637
2014-10-30,20.400000,20.500000,20.379999,20.400000,19.026846,637800,0.0
2014-10-31,20.400000,20.480000,20.379999,20.400000,19.026846,408000,0.0
2014-11-03,20.580000,20.580000,20.420000,20.520000,19.138773,398900,-0.0029154518950436697
2014-11-04,20.600000,20.600000,20.480000,20.500000,19.120119,1156900,-0.004854368932038904
2014-11-05,20.100000,20.299999,19.940001,19.940001,18.597815,1006100,-0.007960149253731475
2014-11-06,19.920000,19.940001,19.700001,19.719999,18.392620,812400,-0.010040210843373509
2014-11-07,19.600000,19.700001,19.600000,19.620001,18.299347,583700,0.0010204591836733188
2014-11-10,19.600000,19.660000,19.559999,19.580000,18.262043,644200,-0.0010204081632654656
2014-11-11,19.600000,19.600000,19.559999,19.559999,18.243389,423800,-0.002040867346938784
2014-11-12,19.540001,19.559999,19.500000,19.520000,18.206083,127900,-0.0010235925781170944
2014-11-13,19.459999,19.540001,19.440001,19.500000,18.187428,386600,0.0020555499514671185
2014-11-14,19.480000,19.480000,19.400000,19.420000,18.112810,287000,-0.003080082135523548
2014-11-17,19.299999,19.400000,18.799999,19.000000,17.721083,785800,-0.015543990442693788
2014-11-18,19.020000,19.020000,18.639999,18.700001,17.552134,1026500,-0.01682434279705569
2014-11-19,18.700001,18.980000,18.680000,18.700001,17.552134,1270300,0.0
2014-11-20,18.700001,18.700001,18.320000,18.340000,17.214230,402400,-0.019251389344845514
2014-11-21,18.340000,18.340000,17.379999,17.440001,16.369476,1773800,-0.049073009814612926
2014-11-24,17.440001,17.600000,16.540001,17.440001,16.369476,3758400,0.0
2014-11-25,17.379999,17.420000,16.760000,16.940001,15.900169,5142500,-0.025316342078040552
2014-11-26,17.000000,17.059999,16.840000,16.879999,15.843850,935600,-0.007058882352941087
2014-11-27,16.860001,16.860001,16.580000,16.600000,15.581038,987200,-0.015421173462563794
2014-11-28,16.559999,16.559999,16.000000,16.080000,15.092957,1699900,-0.02898544861023258
2014-12-01,16.080000,16.080000,14.580000,14.640000,13.741350,1951800,-0.08955223880597002
2014-12-02,15.020000,15.100000,14.560000,14.780000,13.872753,885900,-0.0159786950732357
2014-12-03,14.800000,15.180000,14.720000,14.940000,14.022934,712400,0.009459459459459377
2014-12-04,14.940000,16.040001,14.900000,16.000000,15.017867,881200,0.07095046854083002
2014-12-05,16.040001,17.500000,16.000000,16.799999,15.768759,820900,0.04738141849243024
2014-12-08,16.860001,17.660000,16.840000,17.620001,16.538425,870300,0.04507710290171382
2014-12-09,17.580000,17.620001,17.000000,17.620001,16.538425,291400,0.002275369738339032
2014-12-10,17.299999,17.799999,17.299999,17.719999,16.632286,359000,0.024277458050720218
2014-12-11,17.620001,17.620001,16.700001,16.700001,15.674899,1079600,-0.05221339090729894
2014-12-12,16.700001,16.740000,16.600000,16.660000,15.637356,267700,-0.0023952693176485544
2014-12-15,16.480000,16.480000,15.800000,16.000000,15.017867,1796700,-0.029126213592233035
2014-12-16,16.000000,16.020000,15.000000,15.880000,14.905233,1531600,-0.007499999999999951
2014-12-17,15.880000,16.299999,15.860000,16.100000,15.111729,893500,0.013853904282115909
2014-12-18,16.299999,16.799999,16.299999,16.600000,15.581038,231800,0.018404970454292773
2014-12-19,16.799999,16.799999,16.700001,16.740000,15.712442,220000,-0.0035713692602006254
2014-12-22,17.000000,17.280001,16.980000,17.020000,15.975254,912100,0.001176470588235269
2014-12-23,17.200001,17.200001,16.719999,16.980000,15.937711,406600,-0.012790755070304931
2014-12-24,17.020000,17.200001,16.559999,17.080000,16.031572,619900,0.0035252643948295373
2014-12-26,17.240000,17.360001,17.180000,17.360001,16.294388,118500,0.006960614849188053
2014-12-29,17.240000,17.340000,17.100000,17.120001,16.069118,635700,-0.006960498839907191
2014-12-30,17.120001,17.320000,17.100000,17.299999,16.238068,726200,0.010513901255029203
2014-12-31,17.320000,17.320000,17.059999,17.120001,16.069118,287200,-0.011547286374134054
2015-01-02,17.000000,17.200001,16.680000,17.120001,16.069118,74500,0.007058882352941087
2015-01-05,17.200001,17.200001,16.799999,17.040001,15.994029,201200,-0.009302325040562505
2015-01-06,16.980000,17.100000,16.700001,16.940001,15.900169,354200,-0.002355653710247448
2015-01-07,16.940001,17.000000,16.660000,16.660000,15.637356,626100,-0.01652898367597491
2015-01-08,16.680000,16.879999,16.520000,16.740000,15.712442,481600,0.003597122302158197
2015-01-09,16.740000,17.000000,16.700001,16.700001,15.674899,534700,-0.002389426523297379
2015-01-12,16.660000,16.660000,16.540001,16.559999,15.543493,153200,-0.006002460984393691
2015-01-13,16.500000,16.500000,16.400000,16.480000,15.468402,436200,-0.0012121212121211863
2015-01-14,16.320000,16.400000,16.299999,16.379999,15.374540,184900,0.0036764093137255666
2015-01-15,16.400000,16.420000,16.400000,16.400000,15.393314,286700,0.0
2015-01-16,16.420000,16.420000,16.280001,16.360001,15.355771,781000,-0.003654019488428821
2015-01-19,16.400000,16.480000,16.379999,16.379999,15.374540,478800,-0.0012195731707315275
2015-01-20,16.379999,16.379999,16.200001,16.320000,15.318226,599600,-0.0036629428365655727
2015-01-21,16.480000,16.480000,16.320000,16.320000,15.318226,337500,-0.009708737864077678
2015-01-22,16.340000,16.540001,16.340000,16.500000,15.487175,362400,0.009791921664626693
2015-01-23,16.680000,17.320000,16.559999,17.180000,16.125437,572000,0.02997601918465228
2015-01-26,17.180000,17.280001,17.000000,17.200001,16.144209,625900,0.0011642025611176136
2015-01-27,17.020000,17.799999,17.020000,17.620001,16.538425,800900,0.035252702702702636
2015-01-28,17.760000,17.760000,17.540001,17.600000,16.519655,312300,-0.009009009009009016
2015-01-29,17.520000,17.920000,17.520000,17.719999,16.632286,1373400,0.011415468036529784
2015-01-30,17.440001,17.660000,17.440001,17.639999,16.557198,468800,0.011467774571801963
2015-02-04,17.980000,18.219999,17.780001,17.980000,16.876329,1105700,0.0
2015-02-05,17.959999,18.080000,17.879999,18.059999,16.951416,675800,0.005567929040530649
2015-02-06,18.080000,18.900000,18.059999,18.879999,17.721079,1255600,0.04424773230088514
2015-02-09,19.000000,19.000000,18.660000,18.799999,17.645996,515900,-0.010526368421052649
2015-02-10,18.500000,18.820000,18.500000,18.680000,17.533360,879900,0.009729729729729714
2015-02-11,18.500000,18.500000,18.080000,18.100000,16.988960,873700,-0.021621621621621546
2015-02-12,18.080000,18.080000,17.000000,17.000000,15.956486,970000,-0.059734513274336196
2015-02-13,17.000000,17.719999,17.000000,17.719999,16.632286,400900,0.04235288235294126
2015-02-16,17.719999,18.240000,17.719999,18.180000,17.064054,407600,0.025959425844211296
2015-02-17,18.379999,18.620001,18.160000,18.600000,17.458271,552500,0.011969587158301797
2015-02-18,18.620001,18.799999,18.620001,18.799999,17.645996,228500,0.009666916774064687
2015-02-23,18.820000,18.860001,18.700001,18.719999,17.570906,539800,-0.00531354941551535
2015-02-24,18.799999,18.820000,18.700001,18.760000,17.608452,1100900,-0.002127606496149182
2015-02-25,18.719999,18.820000,18.719999,18.799999,17.645996,928600,0.004273504501789679
2015-02-26,18.799999,18.799999,18.639999,18.660000,17.514587,690600,-0.0074467557152529396
2015-02-27,18.719999,19.580000,18.639999,19.580000,18.378113,1311800,0.04594022681304614
2015-03-02,19.580000,19.700001,19.500000,19.540001,18.340572,1109100,-0.002042849846782335
2015-03-03,19.000000,19.420000,18.980000,19.320000,18.134077,1406600,0.016842105263157908
2015-03-04,19.320000,19.540001,19.320000,19.340000,18.152847,776200,0.0010351966873705784
2015-03-05,19.280001,19.459999,19.000000,19.080000,17.908806,517100,-0.01037349531257806
2015-03-06,19.480000,19.480000,18.980000,18.980000,17.814945,824400,-0.02566735112936345
2015-03-09,18.760000,18.760000,18.320000,18.580000,17.439499,408900,-0.009594882729211262
2015-03-10,18.500000,18.600000,18.400000,18.580000,17.439499,485000,0.0043243243243242325
2015-03-11,18.520000,18.600000,18.299999,18.559999,17.420727,282600,0.0021597732181426387
2015-03-12,18.500000,18.980000,18.440001,18.440001,17.308092,1286100,-0.0032431891891892563
2015-03-13,18.459999,18.580000,18.420000,18.459999,17.326862,152600,0.0
2015-03-16,18.320000,18.799999,18.280001,18.780001,17.627222,1025400,0.025109224890829604
2015-03-17,18.620001,18.900000,18.620001,18.879999,17.721079,363400,0.013963371967595655
2015-03-18,18.500000,19.000000,18.480000,18.959999,17.796175,521500,0.0248648108108108
2015-03-19,19.080000,19.160000,19.000000,19.139999,17.965126,282100,0.0031446016771489124
2015-03-20,19.139999,19.240000,18.940001,19.160000,17.983896,856100,0.0010449843806157252
2015-03-23,19.160000,19.420000,18.980000,19.299999,18.115301,696200,0.0073068371607515415
2015-03-24,19.280001,19.360001,19.280001,19.280001,18.096529,364500,0.0
2015-03-25,19.280001,19.420000,19.280001,19.379999,18.190392,743700,0.005186617988246107
2015-03-26,19.580000,19.700001,19.440001,19.600000,18.396887,1233300,0.0010214504596528667
2015-03-27,19.600000,19.760000,19.500000,19.719999,18.509520,416800,0.006122397959183672
2015-03-30,19.500000,20.000000,19.500000,19.920000,18.697245,479800,0.021538461538461624
2015-03-31,20.000000,20.160000,19.900000,20.000000,18.772333,769000,0.0
2015-04-01,20.180000,20.180000,20.000000,20.080000,18.847424,1101100,-0.004955401387512459
2015-04-02,20.080000,20.400000,20.080000,20.120001,18.884970,824500,0.001992081673306782
2015-04-03,20.200001,20.200001,20.100000,20.139999,18.903738,229700,-0.002970395892554697
2015-04-06,20.379999,20.580000,20.200001,20.500000,19.241642,908600,0.00588817496997907
2015-04-07,20.500000,21.580000,20.500000,21.020000,19.729721,956700,0.025365853658536566
2015-04-08,21.000000,21.020000,20.719999,20.879999,19.598318,486200,-0.0057143333333332606
2015-04-09,20.600000,21.000000,20.600000,20.860001,19.579546,457700,0.012621407766990243
2015-04-10,20.540001,21.000000,20.540001,20.940001,19.654634,747900,0.019474195741275697
2015-04-13,20.900000,21.020000,20.900000,20.940001,19.654634,527300,0.0019139234449760852
2015-04-14,20.940001,20.940001,20.879999,20.900000,19.617092,1040100,-0.0019102673395287888
2015-04-15,21.000000,21.200001,20.860001,20.879999,19.598318,779200,-0.0057143333333332606
2015-04-16,20.920000,20.940001,20.820000,20.860001,19.579546,545200,-0.0028680210325048396
2015-04-17,20.520000,20.940001,20.500000,20.900000,19.617092,631400,0.01851851851851847
2015-04-20,20.799999,20.900000,20.520000,20.900000,19.617092,799200,0.004807740615756707
2015-04-21,20.900000,21.200001,20.900000,21.120001,19.823586,584700,0.010526363636363632
2015-04-22,21.100000,21.299999,21.100000,21.240000,19.936222,1298100,0.006635071090047251
2015-04-23,21.240000,21.680000,21.240000,21.600000,20.274122,680100,0.016949152542373024
2015-04-24,21.600000,22.059999,21.600000,22.000000,20.649567,478900,0.01851851851851845
2015-04-27,22.000000,22.360001,22.000000,22.299999,20.931152,821400,0.013636318181818168
2015-04-28,22.320000,22.520000,22.299999,22.400000,21.025011,1025500,0.0035842293906809273
2015-04-29,22.379999,22.480000,21.860001,21.860001,20.518162,907000,-0.023234942950623054
2015-04-30,21.780001,21.780001,21.379999,21.400000,20.086399,1327200,-0.017447244377996128
2015-05-05,21.980000,21.980000,21.299999,21.400000,20.086399,834400,-0.026387625113739845
2015-05-06,21.400000,21.580000,21.219999,21.580000,20.255350,855600,0.008411214953271016
2015-05-07,21.280001,21.879999,21.280001,21.559999,20.236576,381800,0.013157800133562148
2015-05-08,21.360001,21.719999,21.360001,21.680000,20.349211,399400,0.014981225890392011
2015-05-11,21.980000,21.980000,21.639999,21.639999,20.311666,272900,-0.015468653321201132
2015-05-12,21.500000,21.559999,20.959999,20.980000,19.692177,624000,-0.02418604651162789
2015-05-13,21.000000,21.000000,19.940001,19.980000,18.753563,1420100,-0.04857142857142855
2015-05-14,19.980000,19.980000,19.760000,19.780001,18.565838,625200,-0.010009959959960051
2015-05-15,19.799999,19.820000,19.760000,19.799999,18.584608,633200,0.0
2015-05-18,20.280001,20.280001,19.799999,19.959999,18.734787,403100,-0.01577919054343236
2015-05-19,20.160000,20.160000,19.820000,19.860001,18.640928,696900,-0.014880902777777762
2015-05-20,19.860001,20.100000,19.760000,19.920000,18.697245,934700,0.0030210975316668537
2015-05-21,20.059999,20.080000,19.879999,19.879999,18.659702,436400,-0.00897308120503893
2015-05-22,19.879999,20.059999,19.799999,19.860001,18.640928,818000,-0.0010059356642825319
2015-05-25,19.740000,19.740000,19.100000,19.200001,18.130995,44700,-0.02735557244174256
2015-05-26,19.299999,19.680000,18.740000,19.680000,18.584272,595300,0.019689172004620312
2015-05-27,19.680000,20.100000,19.680000,19.840000,18.735359,1599100,0.008130081300813016
2015-05-28,20.160000,20.160000,19.820000,20.000000,18.886452,447200,-0.007936507936507943
2015-06-01,20.219999,20.219999,19.860001,20.020000,18.905338,947400,-0.00989114786800938
2015-06-03,20.200001,20.280001,20.000000,20.200001,19.075315,270400,0.0
2015-06-05,19.900000,20.000000,19.700001,19.719999,18.622040,179400,-0.009045276381909407
2015-06-08,19.139999,20.020000,19.080000,19.799999,18.697586,304500,0.03448276042229679
2015-06-11,20.180000,20.180000,20.000000,20.100000,18.980885,143900,-0.003964321110009827
2015-06-16,20.480000,20.860001,20.480000,20.540001,19.396389,316800,0.0029297363281249877
2015-06-17,20.520000,20.600000,20.440001,20.559999,19.415274,1177000,0.0019492690058480347
2015-06-18,20.540001,20.580000,20.500000,20.540001,19.396389,755300,0.0
2015-06-22,20.600000,20.620001,20.500000,20.520000,19.377501,871200,-0.0038834951456311576
2015-06-24,20.540001,20.660000,20.520000,20.540001,19.396389,299300,0.0
2015-06-29,20.299999,20.520000,20.299999,20.459999,19.320843,419000,0.007881773787279504
2015-07-01,20.680000,20.700001,20.580000,20.580000,19.434158,486900,-0.00483558994197299
2015-07-09,20.100000,20.600000,20.100000,20.500000,19.358614,115700,0.019900497512437738
2015-07-13,20.400000,20.700001,20.379999,20.580000,19.434158,248900,0.008823529411764692
2015-07-15,20.520000,20.540001,20.480000,20.520000,19.377501,323600,0.0
2015-07-21,20.740000,20.740000,20.600000,20.660000,19.509706,412400,-0.003857280617164817
2015-08-04,20.900000,21.400000,20.900000,21.240000,20.057411,362300,0.016267942583732053
2015-08-05,20.840000,21.459999,20.840000,21.360001,20.170731,368500,0.024952063339731316
2015-08-07,21.500000,21.500000,20.799999,21.280001,20.095186,689600,-0.010232511627907042
2015-08-14,20.580000,20.600000,19.900000,20.020000,18.905338,936900,-0.027210884353741437
2015-08-21,19.940001,20.400000,18.860001,20.320000,19.188635,442100,0.019057120408369165
2015-08-26,20.799999,21.120001,20.780001,21.100000,19.925205,849800,0.014423125693419588
2015-08-27,21.400000,21.400000,21.200001,21.219999,20.038525,379400,-0.00841126168224286
2015-08-28,21.320000,21.340000,21.139999,21.160000,19.981865,857400,-0.007504690431519707
2015-09-01,21.379999,22.799999,20.680000,21.000000,19.830776,2487100,-0.017773574264432917
2015-09-02,21.540001,21.540001,20.860001,20.920000,19.755230,607300,-0.028783703399085193
2015-09-03,20.860001,21.080000,20.860001,21.000000,19.830776,726900,0.006711361135601074
2015-09-04,21.340000,21.459999,20.879999,21.459999,20.265163,813700,0.005623195876288658
2015-09-07,20.580000,21.400000,20.580000,21.400000,20.208502,178200,0.039844509232264354
2015-09-08,21.400000,21.480000,21.400000,21.420000,20.227390,251500,0.0009345794392524826
2015-09-09,21.760000,21.799999,21.400000,21.420000,20.227390,858400,-0.015624999999999993
2015-09-10,21.440001,21.540001,21.420000,21.480000,20.284048,822700,0.0018656249129839907
2015-09-11,21.500000,21.500000,21.420000,21.459999,20.265163,990600,-0.001860511627906985
2015-09-14,21.580000,21.820000,21.580000,21.700001,20.491800,640900,0.005560750695088139
2015-09-15,21.799999,22.000000,21.700001,21.719999,20.510685,352200,-0.00366972493897813
2015-09-17,21.820000,22.000000,21.700001,21.719999,20.510685,1469800,-0.004582997250229097
2015-09-18,21.719999,21.799999,21.540001,21.740000,20.529572,661300,0.0009208563959877276
2015-09-21,21.740000,21.740000,21.600000,21.700001,20.491800,820700,-0.0018398804047837223
2015-09-22,21.500000,22.000000,21.500000,21.719999,20.510685,440900,0.010232511627907042
2015-09-23,22.000000,22.000000,21.700001,21.760000,20.548460,897600,-0.010909090909090839
2015-09-28,22.000000,22.000000,21.719999,21.719999,20.510685,197500,-0.01272731818181812
2015-09-29,21.879999,21.879999,21.719999,21.799999,20.586231,459600,-0.003656307296906268
2015-10-01,21.799999,22.000000,21.780001,22.000000,20.775097,224300,0.009174358219007273
2015-10-05,22.180000,22.299999,22.180000,22.180000,20.945076,339200,0.0
2015-10-06,22.379999,22.400000,22.240000,22.360001,21.115053,683700,-0.0008935657235731364
2015-10-08,23.080000,23.400000,23.080000,23.120001,21.832737,1143600,0.0017331455805892624
2015-10-09,23.379999,23.559999,23.379999,23.500000,22.191584,617900,0.0051326349500698636
2015-10-13,23.459999,23.700001,23.459999,23.639999,22.323788,835000,0.007672634598151505
2015-10-15,23.700001,24.000000,23.020000,23.700001,22.380445,917800,0.0
2015-10-19,23.660000,23.660000,23.400000,23.540001,22.229355,204200,-0.005071808960270497
2015-10-20,23.600000,23.600000,23.440001,23.500000,22.191584,452600,-0.00423728813559328
2015-10-27,23.219999,23.639999,23.000000,23.100000,21.813854,506500,-0.0051679158125717385
2015-10-30,22.980000,22.980000,22.500000,22.500000,21.247261,673100,-0.020887728459530044
2015-11-03,22.500000,22.600000,22.480000,22.559999,21.303919,609900,0.0026666222222222775
2015-11-05,22.520000,22.600000,22.480000,22.559999,21.303919,757000,0.0017761545293073567
2015-11-06,23.180000,23.340000,22.600000,23.160000,21.870510,446600,-0.0008628127696289721
2015-11-09,23.379999,23.400000,22.860001,23.139999,21.851622,204300,-0.010265184356936968
2015-11-11,23.139999,24.299999,22.900000,24.080000,22.739288,789900,0.040622344019980244
2015-11-12,23.799999,23.799999,23.219999,23.420000,22.116035,803600,-0.015966345208669883
2015-11-13,23.700001,23.959999,23.219999,23.420000,22.116035,460900,-0.011814387687156579
2015-11-16,23.240000,23.799999,23.240000,23.440001,22.134924,169000,0.008605895008605867
2015-11-17,23.540001,23.540001,22.900000,23.340000,22.172920,277500,-0.008496218840432519
2015-11-18,23.340000,23.480000,23.059999,23.340000,22.172920,742100,0.0
2015-11-19,23.700001,24.200001,23.180000,24.000000,22.799919,740600,0.012658185119907787
2015-11-20,24.100000,24.340000,23.760000,24.200001,22.989920,839000,0.004149419087136883
2015-11-23,24.400000,25.059999,24.400000,25.000000,23.749916,1259000,0.024590163934426288
2015-11-24,25.000000,25.200001,24.740000,25.040001,23.787914,293700,0.001600040000000007
2015-11-25,24.480000,25.600000,24.480000,25.040001,23.787914,452000,0.022875857843137243
2015-11-26,24.660000,25.100000,24.660000,24.940001,23.692915,588000,0.011354460665044551
2015-11-27,24.740000,25.100000,24.740000,25.000000,23.749916,333900,0.01050929668552957
2015-11-30,24.600000,25.400000,24.600000,25.000000,23.749916,1372200,0.01626016260162596
2015-12-01,25.400000,25.420000,24.860001,25.000000,23.749916,554600,-0.015748031496062936
2015-12-02,25.379999,25.400000,24.900000,24.900000,23.654915,619900,-0.018912490894897313
2015-12-03,24.799999,25.400000,24.799999,25.000000,23.749916,308000,0.008064556776796657
2015-12-04,25.360001,25.379999,24.719999,25.040001,23.787914,107800,-0.012618296032401588
2015-12-07,25.379999,25.379999,24.620001,24.780001,23.540918,106500,-0.023640584067793024
2015-12-08,24.780001,24.840000,24.540001,24.740000,23.502914,423600,-0.0016142452940175497
2015-12-09,24.740000,25.100000,24.139999,24.780001,23.540918,978400,0.0016168552950687218
2015-12-10,24.740000,24.780001,24.680000,24.700001,23.464916,449300,-0.001616774454324904
2015-12-11,24.700001,24.700001,24.520000,24.580000,23.350918,312700,-0.004858339884277819
2015-12-14,25.000000,25.000000,24.000000,24.200001,22.989920,358700,-0.03199995999999999
2015-12-15,24.559999,24.559999,24.120001,24.200001,22.989920,323800,-0.014657899619621356
2015-12-16,24.240000,24.440001,23.980000,24.200001,22.989920,234100,-0.0016501237623761601
2015-12-17,24.200001,24.219999,23.799999,24.080000,22.875919,583800,-0.004958718803358811
2015-12-18,24.180000,24.180000,23.959999,24.000000,22.799919,712600,-0.007444168734491304
2015-12-21,23.820000,24.500000,23.700001,23.900000,22.704918,206600,0.003358522250209836
2015-12-22,24.280001,24.280001,23.719999,23.900000,22.704918,187800,-0.01565078189247192
2015-12-23,24.200001,24.219999,23.980000,24.000000,22.799919,120400,-0.008264503790722997
2015-12-28,24.100000,25.200001,24.100000,25.000000,23.749916,234900,0.0373443983402489
2015-12-29,25.020000,25.379999,24.719999,25.040001,23.787914,258600,0.000799400479616331
2015-12-30,25.040001,25.059999,24.719999,24.860001,23.616917,317500,-0.0071884981154753036
2015-12-31,24.860001,25.100000,24.559999,24.860001,23.616917,195900,0.0
2016-01-04,24.660000,24.660000,23.400000,23.639999,22.457920,441200,-0.04136257096512573
2016-01-05,24.000000,24.700001,23.459999,24.500000,23.274916,560400,0.020833333333333332
2016-01-06,24.480000,24.540001,23.940001,24.500000,23.274916,395800,0.0008169934640522702
2016-01-07,24.500000,24.500000,23.600000,23.719999,22.533918,448400,-0.03183677551020402
2016-01-08,23.940001,24.260000,23.780001,24.000000,22.799919,570100,0.00250622378837834
2016-01-11,24.480000,24.480000,23.740000,23.900000,22.704918,198000,-0.023692810457516415
2016-01-12,24.020000,24.020000,23.740000,23.940001,22.742918,345700,-0.003330516236469643
2016-01-13,23.900000,24.260000,23.900000,24.000000,22.799919,218800,0.004184100418410101
2016-01-14,23.980000,24.000000,23.600000,24.000000,22.799919,187200,0.000834028356964119
2016-01-15,24.200001,24.200001,23.900000,23.900000,22.704918,483800,-0.012396735024928376
2016-01-18,23.980000,23.980000,23.080000,23.559999,22.381918,169200,-0.017514637197664686
2016-01-19,23.520000,24.000000,23.520000,23.719999,22.533918,192400,0.008503358843537492
2016-01-20,23.940001,23.940001,23.620001,23.799999,22.609919,607000,-0.005848036514284151
2016-01-21,23.400000,24.000000,23.400000,23.799999,22.609919,814900,0.017093974358974407
2016-01-22,23.600000,24.400000,23.600000,24.240000,23.027920,633500,0.02711864406779648
2016-01-26,24.240000,24.459999,24.240000,24.379999,23.160919,420900,0.005775536303630491
2016-01-27,24.500000,24.500000,23.840000,24.420000,23.198921,707800,-0.00326530612244891
2016-01-28,24.480000,24.840000,24.260000,24.740000,23.502914,1303100,0.010620915032679657
2016-01-29,24.760000,25.540001,24.760000,25.540001,24.262915,2068600,0.03150246365105002
2016-02-02,25.540001,26.299999,25.459999,25.879999,24.585911,864400,0.013312372227393466
2016-02-03,25.520000,25.860001,25.219999,25.240000,23.977915,1041200,-0.010971786833855844
2016-02-04,25.219999,26.040001,25.219999,25.600000,24.319914,321700,0.015067447068495126
2016-02-05,25.600000,25.600000,25.100000,25.100000,23.844915,621000,-0.01953125
2016-02-08,25.100000,25.100000,25.100000,25.100000,23.844915,0,0.0
2016-02-09,25.100000,25.100000,25.100000,25.100000,23.844915,0,0.0
2016-02-10,25.840000,25.840000,24.840000,24.900000,23.654915,166900,-0.036377708978328226
2016-02-11,24.900000,25.480000,24.900000,25.000000,23.749916,432700,0.004016064257028169
2016-02-12,25.400000,25.400000,24.860001,25.000000,23.749916,912500,-0.015748031496062936
2016-02-15,25.000000,25.600000,24.920000,25.080000,23.825916,432800,0.0031999999999999316
2016-02-16,25.080000,25.299999,24.940001,25.040001,23.787914,275600,-0.0015948564593300687
2016-02-17,24.860001,25.400000,24.860001,25.400000,24.129915,500400,0.021721600091649158
2016-02-18,25.600000,25.780001,25.260000,25.400000,24.129915,950700,-0.007812500000000111
2016-02-19,25.420000,25.700001,25.080000,25.400000,24.129915,1161500,-0.0007867820613691237
2016-02-22,25.160000,25.540001,25.139999,25.340000,24.072914,577600,0.007154213036565967
2016-02-23,25.219999,25.340000,24.900000,25.200001,23.939917,1173700,-0.000792942140878002
2016-02-24,25.100000,25.299999,24.980000,25.100000,23.844915,282200,0.0
2016-02-25,25.379999,25.400000,24.840000,24.940001,23.692915,327500,-0.017336407302459025
2016-02-26,24.959999,25.320000,24.959999,25.139999,23.882914,1695100,0.007211538750462278
2016-02-29,25.420000,25.420000,24.420000,24.700001,23.464916,1177000,-0.02832411487018101
2016-03-01,24.700001,25.000000,24.600000,24.980000,23.730917,953600,0.01133599144388699
2016-03-02,25.200001,25.400000,24.900000,25.000000,23.749916,789600,-0.007936547304105278
2016-03-03,24.740000,25.120001,24.719999,24.980000,23.730917,846000,0.009700889248181164
2016-03-04,25.180000,25.180000,24.420000,24.440001,23.405310,711700,-0.029388363780778436
2016-03-07,24.459999,25.120001,24.459999,24.740000,23.692606,918500,0.011447302185089976
2016-03-08,24.440001,25.160000,24.440001,24.760000,23.711763,995600,0.01309324823677392
2016-03-09,24.500000,24.780001,24.500000,24.639999,23.596842,936100,0.005714244897959165
2016-03-10,24.500000,24.719999,24.500000,24.580000,23.539383,1134400,0.00326530612244891
2016-03-11,24.600000,24.600000,24.440001,24.500000,23.462769,1279400,-0.004065040650406562
2016-03-14,24.879999,25.000000,23.900000,24.100000,23.079704,487600,-0.03135044338225255
2016-03-15,24.100000,24.379999,24.059999,24.200001,23.175472,1352100,0.004149419087136883
2016-03-16,24.459999,24.459999,23.900000,24.160000,23.137159,205500,-0.012264881940510288
2016-03-17,24.379999,24.400000,24.139999,24.240000,23.213778,864800,-0.005742371031270472
2016-03-18,24.400000,24.400000,24.200001,24.299999,23.271236,620900,-0.004098401639344217
2016-03-21,24.299999,24.379999,24.260000,24.299999,23.271236,400700,0.0
2016-03-22,24.020000,24.299999,24.000000,24.200001,23.175472,1124100,0.007493796835970056
2016-03-23,24.020000,24.280001,23.959999,24.120001,23.098858,1023900,0.004163238967527015
2016-03-25,24.200001,24.299999,24.180000,24.200001,23.175472,327900,0.0
2016-03-28,23.200001,24.219999,23.200001,24.200001,23.175472,95700,0.043103446417954897
2016-03-29,23.820000,24.379999,23.780001,24.000000,22.983938,316800,0.00755667506297228
2016-03-30,24.080000,24.120001,23.760000,24.100000,23.079704,375700,0.000830564784053286
2016-03-31,23.920000,24.100000,23.799999,24.100000,23.079704,775200,0.007525083612040121
2016-04-01,23.900000,24.260000,23.760000,24.100000,23.079704,883300,0.008368200836820203
2016-04-04,23.820000,24.059999,23.740000,23.940001,22.926477,386000,0.005037825356842925
2016-04-05,23.780001,23.920000,23.740000,23.900000,22.888170,240400,0.005046215094776488
2016-04-06,22.959999,23.900000,22.959999,23.860001,22.849867,893100,0.039198695087051205
2016-04-07,23.639999,23.959999,23.639999,23.860001,22.849867,681800,0.009306345571334454
2016-04-08,23.660000,23.900000,23.660000,23.860001,22.849867,883100,0.008453127641589193
2016-04-11,23.719999,23.860001,23.719999,23.840000,22.830713,687200,0.005059064294226929
2016-04-12,23.860001,23.860001,23.760000,23.840000,22.830713,986600,-0.0008382648433250527
2016-04-13,23.860001,23.980000,23.840000,23.860001,22.849867,1463100,0.0
2016-04-14,23.860001,24.000000,23.780001,23.860001,22.849867,710500,0.0
2016-04-15,23.620001,23.879999,23.620001,23.959999,22.945629,774400,0.014394495580250034
2016-04-18,23.639999,23.920000,23.639999,23.860001,22.849867,252000,0.009306345571334454
2016-04-19,23.700001,24.080000,23.700001,23.760000,22.754097,442300,0.002531603268708775
2016-04-20,23.700001,23.799999,23.700001,23.760000,22.754097,351000,0.002531603268708775
2016-04-21,23.639999,24.040001,23.639999,23.820000,22.811558,164700,0.007614255821246048
2016-04-22,23.820000,23.860001,23.780001,23.799999,22.792402,258200,-0.0008396725440806298
2016-04-25,23.799999,24.080000,23.799999,24.080000,23.060551,403400,0.011764748393476765
2016-04-26,23.799999,23.980000,23.740000,23.840000,22.830713,507200,0.0016807143563325434
2016-04-27,23.700001,23.900000,23.700001,23.799999,22.792402,163500,0.004219324716484162
2016-04-28,23.700001,23.900000,23.700001,23.840000,22.830713,1756200,0.0059071305524417295
2016-04-29,23.900000,23.900000,23.740000,23.840000,22.830713,547600,-0.0025104602510459717
2016-05-03,23.799999,23.860001,23.799999,23.840000,22.830713,245800,0.0016807143563325434
2016-05-04,23.559999,23.879999,23.559999,23.740000,22.734943,318600,0.007640110680819519
2016-05-05,23.620001,23.700001,23.320000,23.559999,22.562563,918400,-0.002540304718869285
2016-05-06,23.500000,23.500000,23.299999,23.400000,22.409340,603200,-0.004255319148936231
2016-05-09,23.420000,23.500000,22.320000,23.000000,22.026274,1962300,-0.01793339026473107
2016-05-10,22.500000,23.040001,22.160000,22.860001,21.892199,1393800,0.016000044444444465
2016-05-11,22.639999,22.840000,22.639999,22.700001,21.738974,1721000,0.0026502651347290597
2016-05-12,22.680000,22.820000,22.500000,22.719999,21.758127,782700,0.0017636243386244125
2016-05-13,22.719999,22.740000,22.540001,22.700001,21.738974,977200,-0.0008801937007127979
2016-05-16,22.840000,22.840000,22.600000,22.719999,21.758127,752700,-0.005253984238178567
2016-05-17,22.840000,23.299999,22.680000,23.280001,22.294418,591600,0.019264492119089264
2016-05-18,23.200001,23.700001,22.780001,23.320000,22.332726,714400,0.005172370466708168
2016-05-19,23.660000,23.660000,22.860001,23.320000,22.332726,678500,-0.014370245139475903
2016-05-20,23.320000,23.600000,23.320000,23.400000,22.409340,352000,0.0034305317324184515
2016-05-23,22.840000,23.660000,22.820000,23.639999,22.639179,466900,0.03502622591943957
2016-05-24,23.660000,23.660000,23.280001,23.520000,22.639177,1058800,-0.005917159763313634
2016-05-25,23.219999,23.580000,23.219999,23.520000,22.639177,580100,0.01291994026356324
2016-05-26,23.540001,23.700001,23.540001,23.639999,22.754686,470800,0.004248003218011731
2016-05-27,23.520000,23.760000,23.520000,23.700001,22.812437,443400,0.00765310374149663
2016-05-30,23.400000,23.700001,23.400000,23.639999,22.754686,542300,0.010256367521367563
2016-05-31,23.200001,23.700001,23.200001,23.440001,22.562178,4967300,0.010344827140309107
2016-06-01,22.940001,23.639999,22.940001,23.540001,22.658430,392400,0.026155186305353757
2016-06-02,23.459999,23.600000,23.459999,23.580000,22.696932,220600,0.005115132357848714
2016-06-03,23.799999,23.799999,23.320000,23.600000,22.716185,1625700,-0.008403319680811679
2016-06-06,23.719999,23.799999,23.139999,23.760000,22.870190,216700,0.0016863828704208703
2016-06-07,23.799999,23.820000,23.620001,23.799999,22.908691,1291300,0.0
2016-06-08,23.500000,23.879999,23.500000,23.879999,22.985697,191400,0.01617017021276602
2016-06-09,23.799999,23.879999,23.660000,23.680000,22.793190,621700,-0.005041975001763654
2016-06-10,23.680000,23.780001,23.379999,23.620001,22.735434,1964100,-0.002533741554054107
2016-06-13,23.420000,23.580000,23.080000,23.260000,22.388918,434100,-0.0068317677198975295
2016-06-14,23.459999,23.559999,23.100000,23.420000,22.542923,504400,-0.0017049872849524896
2016-06-15,23.120001,23.480000,23.100000,23.400000,22.523674,502800,0.012110682867185002
2016-06-16,23.799999,23.799999,23.299999,23.440001,22.562178,465300,-0.015125967022099495
2016-06-17,23.219999,23.440001,23.219999,23.320000,22.446669,1512200,0.004306675465403719
2016-06-20,23.080000,23.500000,23.080000,23.379999,22.504419,687700,0.012998223570190783
2016-06-21,23.219999,23.660000,23.219999,23.500000,22.619928,434400,0.012058613783747302
2016-06-23,23.379999,23.540001,23.379999,23.400000,22.523674,261400,0.0008554748013461013
2016-06-24,23.360001,23.600000,23.340000,23.440001,22.562178,463200,0.003424657387643018
2016-06-27,22.940001,23.360001,22.940001,23.219999,22.350414,457400,0.01220566642521082
2016-06-29,23.139999,23.600000,23.139999,23.360001,22.485170,458300,0.009507433427287569
2016-06-30,23.219999,23.559999,23.219999,23.400000,22.523674,1238400,0.007751981384667466
2016-07-01,23.420000,23.600000,23.420000,23.480000,22.600676,719400,0.0025619128949615163
2016-07-04,23.500000,23.600000,23.400000,23.459999,22.581427,693000,-0.0017021702127659648
2016-07-05,23.480000,23.639999,23.400000,23.540001,22.658430,157300,0.0025554088586030557
2016-07-06,23.540001,23.540001,23.540001,23.540001,22.658430,0,0.0
2016-07-07,23.540001,23.540001,23.540001,23.540001,22.658430,0,0.0
2016-07-08,23.559999,23.680000,23.139999,23.440001,22.562178,238800,-0.005093293934350442
2016-07-11,23.400000,23.740000,23.400000,23.600000,22.716185,234300,0.00854700854700867
2016-07-12,23.620001,23.680000,23.440001,23.559999,22.677679,219900,-0.002540304718869285
2016-07-13,23.360001,23.540001,23.320000,23.500000,22.619928,1420400,0.005993107620158045
2016-07-14,23.500000,23.500000,23.400000,23.500000,22.619928,268700,0.0
2016-07-15,23.500000,23.740000,23.459999,23.580000,22.696932,231700,0.0034042553191488637
2016-07-18,23.660000,23.680000,23.540001,23.600000,22.716185,171100,-0.0025359256128486356
2016-07-19,23.600000,23.600000,23.459999,23.600000,22.716185,168100,0.0
2016-07-20,23.600000,23.600000,23.500000,23.520000,22.639177,724900,-0.0033898305084746542
2016-07-21,23.340000,23.559999,23.340000,23.520000,22.639177,539100,0.007712082262210785
2016-07-22,23.480000,23.500000,23.400000,23.459999,22.581427,166900,-0.0008518313458262607
2016-07-25,23.700001,23.700001,23.440001,23.459999,22.581427,328900,-0.010126666239381191
2016-07-26,23.420000,23.459999,22.920000,22.920000,22.061649,844500,-0.02134927412467976
2016-07-27,23.200001,23.379999,23.059999,23.360001,22.485170,204000,0.00689655142687279
2016-07-28,23.360001,23.379999,23.180000,23.299999,22.427418,208500,-0.0025685786571670428
2016-07-29,23.500000,23.500000,23.219999,23.260000,22.388918,161400,-0.010212765957446742
2016-08-01,23.400000,23.400000,23.160000,23.299999,22.427418,189200,-0.004273547008546962
2016-08-02,23.299999,23.299999,23.219999,23.280001,22.408167,148600,-0.0008582832986388141
2016-08-03,23.059999,23.340000,23.059999,23.340000,22.465919,171600,0.012142281532622728
2016-08-04,23.000000,23.299999,23.000000,23.280001,22.408167,566000,0.01217395652173907
2016-08-05,23.280001,23.280001,23.000000,23.180000,22.311911,181100,-0.004295575416856679
2016-08-08,23.360001,23.440001,23.120001,23.340000,22.465919,360300,-0.000856207155128144
2016-08-09,23.260000,23.440001,23.260000,23.360001,22.485170,168000,0.0042992691315562725
2016-08-10,23.400000,23.400000,23.340000,23.379999,22.504419,602000,-0.0008547435897434636
2016-08-11,23.200001,23.400000,23.200001,23.400000,22.523674,206300,0.008620646180144485
2016-08-12,23.559999,23.580000,23.360001,23.440001,22.562178,154100,-0.005093293934350442
2016-08-15,23.660000,23.660000,23.379999,23.480000,22.600676,115500,-0.007607776838546057
2016-08-16,23.299999,23.580000,23.120001,23.500000,22.619928,425300,0.008583734273980025
2016-08-17,23.120001,23.540001,23.120001,23.340000,22.465919,323300,0.009515527270089712
2016-08-18,23.219999,23.520000,23.219999,23.500000,22.619928,685100,0.012058613783747302
2016-08-19,23.120001,23.540001,23.120001,23.500000,22.619928,429600,0.016435942195677306
2016-08-22,23.320000,23.520000,23.320000,23.400000,22.523674,279500,0.0034305317324184515
2016-08-23,23.299999,23.440001,23.299999,23.340000,22.465919,302700,0.001716781189561432
2016-08-24,23.260000,23.520000,23.260000,23.400000,22.523674,164300,0.006018916595012769
2016-08-25,23.160000,23.400000,23.160000,23.360001,22.485170,785600,0.008635621761658045
2016-08-26,22.959999,23.280001,22.959999,23.219999,22.485170,153500,0.011324042305054176
2016-08-29,23.020000,23.200001,23.020000,23.160000,22.427069,288300,0.006081668114682909
2016-08-30,23.620001,23.620001,23.299999,23.400000,22.659475,603000,-0.009314182501516402
2016-09-01,23.360001,23.500000,23.360001,23.360001,22.620739,598500,0.0
2016-09-02,23.360001,23.459999,23.240000,23.400000,22.659475,527800,0.0017122858856041196
2016-09-05,23.100000,23.420000,23.100000,23.340000,22.601372,132700,0.010389610389610322
2016-09-06,23.180000,23.379999,23.180000,23.360001,22.620739,445700,0.007765358067299428
2016-09-07,23.139999,23.400000,23.120001,23.360001,22.620739,223900,0.009507433427287569
2016-09-08,23.440001,23.440001,23.260000,23.299999,22.562639,1374000,-0.005972781315154342
2016-09-09,23.299999,23.379999,23.240000,23.280001,22.543274,1025000,-0.0008582832986388141
2016-09-13,23.240000,23.420000,23.240000,23.379999,22.640104,507400,0.006024053356282405
2016-09-14,23.379999,23.379999,23.280001,23.360001,22.620739,691400,-0.0008553464865418116
2016-09-15,23.379999,23.379999,23.240000,23.340000,22.601372,918500,-0.001710821287888065
2016-09-19,23.299999,23.379999,23.299999,23.340000,22.601372,281400,0.001716781189561432
2016-09-20,23.360001,23.459999,23.299999,23.440001,22.698210,343400,0.003424657387643018
2016-09-21,23.139999,23.400000,23.139999,23.340000,22.601372,374200,0.008643085939632077
2016-09-22,23.379999,23.700001,23.340000,23.340000,22.601372,375700,-0.001710821287888065
2016-09-23,23.379999,23.700001,23.340000,23.459999,22.717575,411200,0.003421728118978888
2016-09-26,23.459999,23.459999,23.240000,23.400000,22.659475,386600,-0.0025575022403027912
2016-09-27,23.400000,23.700001,23.400000,23.480000,22.736942,304600,0.003418803418803498
2016-09-28,23.480000,23.500000,23.420000,23.459999,22.717575,503300,-0.0008518313458262607
2016-09-29,23.840000,23.840000,23.440001,23.459999,22.717575,206700,-0.015939639261744968
2016-09-30,23.500000,23.620001,23.280001,23.500000,22.756310,231400,0.0
2016-10-04,23.500000,23.620001,23.420000,23.500000,22.756310,310400,0.0
2016-10-05,23.719999,23.719999,23.420000,23.480000,22.736942,376800,-0.010118002112900634
2016-10-06,23.480000,23.719999,23.480000,23.719999,22.969345,151100,0.010221422487223209
2016-10-07,23.559999,23.620001,23.500000,23.540001,22.795044,545700,-0.0008488115810192127
2016-10-10,23.280001,23.600000,23.280001,23.500000,22.756310,660700,0.009450128460046088
2016-10-11,23.440001,23.799999,23.360001,23.360001,22.620739,607300,-0.0034129691376718926
2016-10-12,23.340000,23.600000,23.340000,23.459999,22.717575,113400,0.00514134532990574
2016-10-13,23.400000,23.420000,23.280001,23.280001,22.543274,421700,-0.005128162393162392
2016-10-14,23.280001,23.480000,23.260000,23.360001,22.620739,312900,0.003436425969225768
2016-10-17,23.219999,23.420000,23.180000,23.400000,22.659475,284100,0.007751981384667466
2016-10-18,23.379999,23.440001,23.120001,23.379999,22.640104,349600,0.0
2016-10-19,23.400000,23.500000,23.400000,23.400000,22.659475,448700,0.0
2016-10-20,23.400000,23.440001,23.400000,23.400000,22.659475,66000,0.0
2016-10-21,23.379999,23.440001,23.340000,23.379999,22.640104,247000,0.0
2016-10-24,23.440001,23.440001,23.260000,23.299999,22.562639,102800,-0.005972781315154342
2016-10-25,23.299999,23.340000,23.200001,23.299999,22.562639,661200,0.0
2016-10-26,23.240000,23.340000,23.180000,23.260000,22.523905,715500,0.0008605851979347301
2016-10-27,23.440001,23.440001,23.200001,23.299999,22.562639,474100,-0.005972781315154342
2016-10-28,23.260000,23.320000,23.260000,23.299999,22.562639,254200,0.0017196474634564969
2016-10-31,23.559999,23.559999,23.139999,23.360001,22.620739,400000,-0.008488879817015306
2016-11-01,23.360001,23.360001,23.340000,23.340000,22.601372,137300,-0.000856207155128144
2016-11-02,23.299999,23.320000,23.260000,23.299999,22.562639,309200,0.0
2016-11-03,23.120001,23.559999,23.120001,23.299999,22.562639,287900,0.007785380286099521
2016-11-04,23.180000,23.480000,23.180000,23.299999,22.562639,326500,0.00517683347713546
2016-11-07,23.120001,23.360001,23.120001,23.340000,22.601372,148900,0.009515527270089712
2016-11-08,23.500000,23.500000,23.299999,23.360001,22.620739,228400,-0.005957404255319129
2016-11-09,23.500000,23.740000,23.219999,23.400000,22.659475,787400,-0.004255319148936231
2016-11-10,23.420000,23.860001,23.360001,23.459999,22.717575,962300,0.001707899231426051
2016-11-11,23.100000,23.580000,23.059999,23.500000,22.756310,1113000,0.017316017316017254
2016-11-14,23.260000,23.580000,23.180000,23.500000,22.756310,364600,0.010318142734307756
2016-11-15,23.219999,23.700001,23.219999,23.500000,22.756310,539300,0.012058613783747302
2016-11-16,23.480000,23.600000,23.360001,23.400000,22.659475,330900,-0.0034071550255537412
2016-11-17,23.200001,23.700001,23.200001,23.440001,22.698210,565600,0.010344827140309107
2016-11-18,23.660000,23.840000,23.459999,23.780001,23.027449,1162200,0.005071893491124196
2016-11-21,23.440001,23.680000,23.320000,23.400000,22.793669,947100,-0.001706527230950211
2016-11-22,23.320000,23.660000,23.320000,23.459999,22.852114,512500,0.006003387650085744
2016-11-23,23.660000,23.680000,23.459999,23.580000,22.969004,719600,-0.0033812341504649976
2016-11-24,23.760000,23.780001,23.480000,23.600000,22.988485,378600,-0.00673400673400674
2016-11-25,23.760000,23.760000,23.520000,23.580000,22.969004,153500,-0.007575757575757713
2016-11-28,23.780001,23.799999,23.420000,23.459999,22.852114,183200,-0.013456769829404079
2016-11-29,23.580000,23.580000,23.440001,23.520000,22.910559,615400,-0.00254452926208646
2016-11-30,23.320000,23.660000,23.000000,23.000000,22.404034,2732000,-0.013722126929674111
2016-12-01,23.000000,23.180000,23.000000,23.020000,22.423513,145300,0.0008695652173912858
2016-12-02,23.139999,23.200001,23.059999,23.160000,22.559887,184900,0.0008643474876554922
2016-12-05,23.160000,23.219999,23.040001,23.160000,22.559887,747200,0.0
2016-12-06,23.020000,23.280001,23.020000,23.160000,22.559887,1287600,0.006081668114682909
2016-12-07,23.260000,23.280001,23.100000,23.200001,22.598850,733600,-0.002579492691315617
2016-12-08,23.379999,23.500000,23.260000,23.459999,22.852114,323700,0.003421728118978888
2016-12-09,23.600000,23.639999,23.400000,23.400000,22.793669,162400,-0.00847457627118656
2016-12-13,23.760000,23.760000,23.420000,23.639999,23.027449,685800,-0.005050547138047223
2016-12-14,23.740000,23.740000,23.540001,23.639999,23.027449,750300,-0.004212342038753113
2016-12-15,23.500000,23.799999,23.459999,23.760000,23.144339,86600,0.011063829787234108
2016-12-16,23.540001,23.820000,23.540001,23.700001,23.085896,549500,0.006796941087640572
2016-12-19,23.700001,23.700001,23.500000,23.500000,22.891077,147600,-0.008438860403423626
2016-12-20,23.500000,23.740000,23.500000,23.740000,23.124857,601800,0.010212765957446742
2016-12-21,23.780001,23.780001,23.500000,23.520000,22.910559,798600,-0.010933599203801507
2016-12-22,23.660000,23.660000,23.520000,23.559999,22.949520,501200,-0.004226584953507984
2016-12-23,23.440001,23.540001,23.420000,23.500000,22.891077,338600,0.0025596841911398062
2016-12-27,23.639999,23.639999,23.500000,23.500000,22.891077,235900,-0.005922123769971375
2016-12-28,23.500000,23.540001,23.480000,23.500000,22.891077,521000,0.0
2016-12-29,23.500000,23.620001,23.440001,23.500000,22.891077,719100,0.0
2016-12-30,23.580000,23.879999,23.580000,23.799999,23.183300,264900,0.009329898218829576
2017-01-02,23.799999,23.799999,23.799999,23.799999,23.183300,0,0.0
2017-01-03,23.799999,23.820000,23.780001,23.799999,23.183300,554100,0.0
2017-01-04,23.920000,23.920000,23.700001,23.780001,23.163822,868500,-0.0058528010033446105
2017-01-05,23.820000,23.920000,23.760000,23.760000,23.144339,899700,-0.002518891687657377
2017-01-06,23.760000,23.879999,23.760000,23.820000,23.202785,357600,0.0025252525252524713
2017-01-09,23.760000,23.840000,23.760000,23.799999,23.183300,433700,0.0016834595959595168
2017-01-10,23.959999,23.959999,23.799999,23.820000,23.202785,429200,-0.005843030293949492
2017-01-11,23.820000,23.820000,23.740000,23.780001,23.163822,411100,-0.0016792191435768963
2017-01-12,23.879999,23.920000,23.700001,23.799999,23.183300,266900,-0.0033500838923821497
2017-01-13,23.799999,23.799999,23.740000,23.780001,23.163822,519400,-0.0008402521361450927
2017-01-16,23.799999,23.840000,23.680000,23.760000,23.144339,489300,-0.0016806303227154809
2017-01-17,23.799999,23.799999,23.420000,23.459999,22.852114,222500,-0.014285714885954402
2017-01-18,23.500000,23.500000,23.200001,23.400000,22.793669,411400,-0.004255319148936231
2017-01-19,23.400000,23.760000,23.160000,23.400000,22.793669,220400,0.0
2017-01-20,23.500000,23.500000,23.379999,23.400000,22.793669,113800,-0.004255319148936231
2017-01-23,23.600000,23.680000,23.360001,23.379999,22.774185,183900,-0.009322076271186435
2017-01-24,23.420000,23.420000,23.379999,23.400000,22.793669,343800,-0.0008539709649873239
2017-01-25,23.420000,23.480000,23.379999,23.400000,22.793669,354300,-0.0008539709649873239
2017-01-26,23.500000,23.760000,23.480000,23.500000,22.891077,262800,0.0
2017-01-27,23.500000,23.500000,23.000000,23.379999,22.774185,76100,-0.0051064255319148285
2017-01-31,23.379999,23.680000,23.340000,23.540001,22.930042,218000,0.006843541781160839
2017-02-02,23.559999,23.860001,23.420000,23.480000,22.871593,370900,-0.0033955434378414367
2017-02-03,23.540001,23.540001,23.420000,23.480000,22.871593,776400,-0.0025488953887469992
2017-02-06,23.480000,23.860001,23.420000,23.480000,22.871593,97100,0.0
2017-02-07,23.480000,23.660000,23.440001,23.480000,22.871593,250600,0.0
2017-02-08,23.400000,24.059999,23.400000,24.059999,23.436565,440700,0.028205085470085586
2017-02-10,24.040001,24.080000,23.920000,24.040001,23.417086,287700,0.0
2017-02-13,24.219999,24.480000,24.100000,24.280001,23.650866,259100,0.0024773741733018742
2017-02-14,23.700001,24.340000,23.700001,24.040001,23.417086,486300,0.014345990955865355
2017-02-15,24.299999,24.500000,23.920000,23.920000,23.300194,521900,-0.01563781957357274
2017-02-16,24.299999,24.299999,23.700001,23.940001,23.319675,355200,-0.014814733119947904
2017-02-17,23.920000,24.000000,23.920000,23.959999,23.339155,139000,0.0016721989966554396
2017-02-20,24.340000,24.340000,24.180000,24.240000,23.611902,351900,-0.00410846343467549
2017-02-21,24.400000,24.400000,24.240000,24.240000,23.611902,506800,-0.006557377049180334
2017-02-22,24.299999,24.299999,24.200001,24.219999,23.592421,1453700,-0.0032921812054394857
2017-02-23,24.400000,24.400000,24.180000,24.299999,23.670345,532000,-0.004098401639344217
2017-02-24,24.020000,24.400000,24.020000,24.320000,23.689829,115800,0.012489592006661146
2017-02-27,24.400000,24.600000,24.400000,24.480000,23.845682,329600,0.00327868852459024
2017-02-28,24.559999,24.600000,24.459999,24.500000,23.865166,1193800,-0.00244295612552758
2017-03-01,24.700001,25.700001,24.500000,24.980000,24.332729,372900,0.01133599144388699
2017-03-02,25.200001,25.700001,25.139999,25.139999,24.488583,747000,-0.0023810316515463937
2017-03-03,24.860001,25.379999,24.820000,25.100000,24.449617,675100,0.009654022137810895
2017-03-06,24.600000,24.780001,24.260000,24.400000,24.055269,216100,-0.008130081300813123
2017-03-07,24.400000,24.980000,24.260000,24.340000,23.996117,343500,-0.0024590163934425707
2017-03-08,24.280001,24.700001,24.280001,24.400000,24.055269,245200,0.004942297984254613
2017-03-09,24.299999,24.400000,24.280001,24.299999,23.956680,770800,0.0
2017-03-10,24.219999,24.400000,24.219999,24.299999,23.956680,227700,0.0033030554625538295
2017-03-13,24.299999,24.400000,24.280001,24.299999,23.956680,105600,0.0
2017-03-14,24.280001,24.299999,23.719999,23.920000,23.582050,485200,-0.014827058697402728
2017-03-15,23.799999,23.879999,23.320000,23.500000,23.167984,513500,-0.012605000529621858
2017-03-16,23.660000,23.660000,23.580000,23.620001,23.286289,939700,-0.0016905748098056496
2017-03-17,23.520000,23.900000,23.520000,23.840000,23.503181,1301400,0.01360544217687076
2017-03-20,23.799999,23.799999,23.559999,23.700001,23.365160,585300,-0.004201596815193117
2017-03-21,23.620001,23.799999,23.620001,23.700001,23.365160,183900,0.003386960059823954
2017-03-22,23.980000,23.980000,23.360001,23.600000,23.266571,1007700,-0.015846538782318557
2017-03-23,23.900000,23.959999,23.600000,23.840000,23.503181,1268500,-0.0025104602510459717
2017-03-24,23.980000,23.980000,23.799999,23.799999,23.463743,670100,-0.00750629691409511
2017-03-27,23.820000,24.000000,23.760000,23.780001,23.444029,941600,-0.0016792191435768963
2017-03-28,24.080000,24.840000,23.820000,24.840000,24.489052,767100,0.03156146179402
2017-03-29,24.900000,24.900000,23.879999,23.900000,23.562332,718000,-0.040160642570281124
2017-03-31,23.740000,24.260000,23.740000,24.000000,23.660921,980300,0.01095197978096047
2017-04-03,23.879999,23.959999,23.780001,23.900000,23.562332,227700,0.0008375628491440493
2017-04-04,24.400000,24.400000,23.940001,24.020000,23.680639,460500,-0.01557377049180324
2017-04-05,24.219999,24.219999,24.040001,24.100000,23.759508,431800,-0.0049545419056375665
2017-04-06,24.340000,24.340000,24.080000,24.080000,23.739790,291800,-0.010682004930156187
2017-04-07,24.080000,24.180000,24.080000,24.100000,23.759508,518800,0.000830564784053286
2017-04-10,24.000000,24.100000,23.799999,24.000000,23.660921,32100,0.0
2017-04-11,24.020000,24.100000,24.000000,24.040001,23.700356,397400,0.0008326810990841216
2017-04-12,24.100000,24.120001,23.980000,24.080000,23.739790,169200,-0.0008298755186723288
2017-04-13,24.360001,24.379999,23.799999,24.160000,23.818659,629500,-0.008210221337839859
2017-04-14,24.000000,24.000000,23.980000,24.000000,23.660921,33300,0.0
2017-04-17,24.000000,24.120001,23.959999,24.000000,23.660921,654400,0.0
2017-04-18,23.820000,24.360001,23.820000,24.080000,23.739790,741500,0.010915197313182115
2017-04-19,24.280001,24.280001,24.059999,24.080000,23.739790,594100,-0.008237273136850378
2017-04-20,24.059999,24.100000,24.000000,24.000000,23.660921,310700,-0.002493724126921254
2017-04-21,24.000000,24.200001,23.980000,24.000000,23.660921,418900,0.0
2017-04-24,24.000000,24.000000,24.000000,24.000000,23.660921,0,0.0
2017-04-25,24.200001,24.480000,23.879999,24.059999,23.720072,560500,-0.005785206372512095
2017-04-26,24.059999,24.299999,24.000000,24.059999,23.720072,1150300,0.0
2017-04-27,23.900000,24.500000,23.900000,24.059999,23.720072,579700,0.0066945188284519945
2017-04-28,24.020000,24.299999,24.020000,24.059999,23.720072,946700,0.0016652373022481963
2017-05-02,24.280001,24.299999,24.080000,24.260000,23.917248,376100,-0.0008237643812286931
2017-05-03,24.400000,24.400000,23.959999,23.959999,23.621483,203000,-0.018032827868852408
2017-05-04,23.879999,24.260000,23.879999,24.120001,23.779224,115100,0.010050335429243398
2017-05-05,24.120001,24.120001,23.980000,24.020000,23.680639,62700,-0.004145978269238003
2017-05-08,24.020000,24.020000,24.000000,24.000000,23.660921,17000,-0.0008326394671107233
2017-05-09,23.959999,24.000000,23.940001,24.000000,23.660921,385200,0.0016694908877083082
2017-05-11,24.320000,24.320000,23.980000,24.280001,23.936964,632600,-0.0016446957236842792
2017-05-12,24.280001,24.320000,23.959999,24.000000,23.660921,451000,-0.011532165917126554
2017-05-15,24.000000,24.080000,24.000000,24.059999,23.720072,210400,0.0024999583333333852
2017-05-16,24.340000,24.799999,24.260000,24.400000,24.055269,1452800,0.0024650780608052062
2017-05-17,24.760000,24.760000,24.200001,24.400000,24.055269,324000,-0.014539579967689942
2017-05-18,24.459999,24.459999,24.059999,24.080000,23.739790,184300,-0.015535528026800064
2017-05-19,24.400000,24.920000,24.379999,24.760000,24.410183,1543400,0.014754098360655861
2017-05-22,24.980000,25.100000,24.980000,25.040001,24.686228,153300,0.0024019615692553943
2017-05-23,25.000000,25.299999,24.680000,24.680000,24.331312,287000,-0.012800000000000011
2017-05-24,24.680000,24.959999,24.379999,24.379999,24.035551,232900,-0.012155632090761677
2017-05-25,24.340000,24.680000,24.100000,24.260000,23.917248,720600,-0.003286770747740275
2017-05-26,24.100000,24.500000,24.080000,24.160000,23.818659,599100,0.0024896265560165444
2017-05-29,24.320000,24.680000,24.080000,24.160000,23.818659,383100,-0.006578947368421058
2017-05-31,24.040001,24.980000,23.920000,24.600000,24.393799,4427600,0.023294466585088797
2017-06-01,24.520000,24.600000,24.120001,24.219999,24.016983,509900,-0.012234951060358818
2017-06-02,24.559999,24.559999,24.180000,24.200001,23.997152,339100,-0.014657899619621356
2017-06-05,24.160000,24.379999,24.160000,24.219999,24.016983,285900,0.0024834023178808462
2017-06-06,24.240000,24.299999,24.020000,24.240000,24.036816,374000,0.0
2017-06-07,24.400000,24.400000,24.040001,24.100000,23.897989,445900,-0.012295081967212998
2017-06-08,24.219999,24.299999,24.000000,24.139999,23.937653,434800,-0.003303055462553976
2017-06-09,24.240000,24.320000,24.139999,24.320000,24.116144,133100,0.0033003300330033767
2017-06-13,24.100000,24.299999,24.080000,24.180000,23.977318,434200,0.003319502074688726
2017-06-14,24.340000,24.340000,24.100000,24.240000,24.036816,1081300,-0.00410846343467549
2017-06-15,24.020000,24.340000,24.020000,24.200001,23.997152,445600,0.007493796835970056
2017-06-16,24.080000,24.379999,24.059999,24.299999,24.096312,715400,0.009136171096345572
2017-06-19,24.400000,24.480000,24.139999,24.280001,24.076481,345000,-0.0049179918032786875
2017-06-20,24.080000,24.320000,24.080000,24.219999,24.016983,447200,0.005813911960133019
2017-06-21,24.080000,24.780001,24.080000,24.780001,24.572290,474000,0.029069808970099684
2017-06-22,24.280001,24.280001,24.120001,24.180000,23.977318,638600,-0.004118657161505014
2017-06-23,24.180000,24.219999,24.139999,24.219999,24.016983,451000,0.0016542183622829476
2017-06-26,24.160000,24.160000,24.160000,24.160000,23.957485,0,0.0
2017-06-27,24.160000,24.160000,24.160000,24.160000,23.957485,0,0.0
2017-06-28,24.639999,24.680000,23.940001,24.160000,23.957485,871900,-0.019480479686707755
2017-06-29,24.320000,24.320000,24.139999,24.139999,23.937653,672600,-0.007401356907894768
2017-06-30,24.100000,24.180000,24.080000,24.100000,23.897989,739400,0.0
2017-07-03,24.200001,24.320000,24.020000,24.320000,24.116144,327300,0.004958636158734041
2017-07-04,24.139999,24.219999,24.100000,24.160000,23.957485,401200,0.0008285418735933088
2017-07-05,24.100000,24.160000,23.980000,24.100000,23.897989,435900,0.0
2017-07-06,24.200001,24.200001,24.040001,24.059999,23.858324,258200,-0.005785206372512095
2017-07-07,24.000000,24.020000,23.820000,23.920000,23.719498,256700,-0.0033333333333332624
2017-07-10,23.900000,23.900000,23.780001,23.879999,23.679832,118200,-0.0008368619246860691
2017-07-11,23.799999,23.900000,23.799999,23.879999,23.679832,174900,0.003361344679048173
2017-07-12,23.780001,23.799999,23.540001,23.600000,23.402180,199100,-0.0075694277725218435
2017-07-13,23.740000,23.760000,23.639999,23.680000,23.481510,414700,-0.002527379949452347
2017-07-14,23.760000,24.000000,23.600000,23.660000,23.461678,346600,-0.0042087542087542685
2017-07-17,23.799999,23.860001,23.600000,23.680000,23.481510,371700,-0.005041975001763654
2017-07-18,23.879999,23.879999,23.680000,23.700001,23.501343,439700,-0.007537605005762404
2017-07-19,23.719999,23.719999,23.680000,23.700001,23.501343,155300,-0.0008430860389159827
2017-07-20,23.700001,23.780001,23.639999,23.639999,23.441845,409100,-0.0025317298509818956
2017-07-21,23.600000,23.879999,23.600000,23.719999,23.521173,306100,0.005084703389830507
2017-07-24,23.620001,23.719999,23.620001,23.700001,23.501343,126600,0.003386960059823954
2017-07-25,23.820000,24.299999,23.700001,23.840000,23.640169,210200,0.000839630562552459
2017-07-26,23.879999,23.920000,23.760000,23.860001,23.660002,414000,-0.0008374372209982533
2017-07-27,23.860001,23.879999,23.840000,23.860001,23.660002,483000,0.0
2017-07-28,23.700001,23.860001,23.700001,23.860001,23.660002,274900,0.006751054567466058
2017-07-31,23.860001,23.860001,23.740000,23.780001,23.580671,438600,-0.003352891728713752
2017-08-01,23.740000,24.000000,23.719999,23.780001,23.580671,375300,0.0016849620893007657
2017-08-02,23.900000,23.920000,23.700001,23.740000,23.541006,214700,-0.0066945606694560735
2017-08-03,23.959999,24.020000,23.719999,24.020000,23.818661,363700,0.0025042154634480475
2017-08-04,24.020000,24.020000,23.780001,23.799999,23.600502,382300,-0.009159075770191503
2017-08-07,23.900000,23.900000,23.719999,23.799999,23.600502,60800,-0.00418414225941418
2017-08-08,23.820000,23.860001,23.740000,23.740000,23.541006,72100,-0.003358522250209985
2017-08-09,23.719999,23.799999,23.719999,23.799999,23.600502,90600,0.0033726814238060586
2017-08-10,23.760000,23.980000,23.620001,23.980000,23.778994,511200,0.00925925925925921
2017-08-11,24.400000,24.480000,23.840000,23.900000,23.699665,404000,-0.020491803278688527
2017-08-14,23.820000,23.980000,23.639999,23.959999,23.759161,598100,0.005877371956339191
2017-08-15,24.299999,24.299999,23.820000,23.959999,23.759161,404600,-0.013991770123118107
2017-08-16,23.959999,24.200001,23.900000,23.959999,23.759161,526300,0.0
2017-08-17,23.840000,24.000000,23.840000,23.959999,23.759161,564400,0.0050335151006711395
2017-08-18,23.980000,24.100000,23.959999,24.000000,23.798828,470200,0.000834028356964119
2017-08-21,23.820000,24.160000,23.820000,24.000000,23.798828,420100,0.00755667506297228
2017-08-22,24.020000,24.100000,23.879999,24.000000,23.798828,210200,-0.0008326394671107233
2017-08-23,23.920000,24.100000,23.700001,24.100000,23.897989,575500,0.007525083612040121
2017-08-24,24.180000,24.180000,23.879999,24.100000,23.897989,233800,-0.003308519437551625
2017-08-25,24.059999,24.180000,24.059999,24.139999,23.937653,509100,0.0033250209195768584
2017-08-28,24.180000,24.280001,23.980000,24.100000,23.897989,288000,-0.003308519437551625
2017-08-29,23.920000,24.260000,23.920000,24.100000,23.897989,157900,0.007525083612040121
2017-08-31,24.400000,24.400000,24.400000,24.400000,24.195475,0,0.0
2017-09-01,24.400000,24.400000,24.400000,24.400000,24.195475,0,0.0
2017-09-05,24.360001,24.700001,24.080000,24.700001,24.492960,316100,0.013957306487795295
2017-09-06,24.680000,24.700001,24.219999,24.600000,24.393799,127200,-0.0032414910858994447
2017-09-07,24.680000,24.680000,24.100000,24.480000,24.274803,195700,-0.008103727714748757
2017-09-08,24.200001,24.459999,24.200001,24.219999,24.016983,110600,0.0008263636022164243
2017-09-11,24.180000,24.360001,24.180000,24.200001,23.997152,88000,0.0008271712158809182
2017-09-12,24.299999,24.360001,24.200001,24.219999,24.016983,203800,-0.0032921812054394857
2017-09-13,24.280001,24.299999,24.180000,24.219999,24.016983,151300,-0.002471251957526576
2017-09-14,24.299999,24.299999,24.200001,24.299999,24.096312,76400,0.0
2017-09-15,24.200001,24.299999,24.180000,24.219999,24.016983,1100100,0.0008263636022164243
2017-09-18,24.540001,24.540001,24.240000,24.260000,24.056648,36200,-0.011409983235126951
2017-09-19,24.260000,24.260000,24.219999,24.240000,24.036816,155300,-0.0008244023083265921
2017-09-20,24.480000,24.480000,24.219999,24.240000,24.036816,124500,-0.009803921568627532
2017-09-21,24.320000,24.360001,24.180000,24.219999,24.016983,162000,-0.004111883223684165
2017-09-22,24.219999,24.219999,24.219999,24.219999,24.016983,0,0.0
2017-09-25,24.219999,24.379999,24.200001,24.260000,24.056648,113300,0.001651569019470239
2017-09-26,24.260000,24.660000,24.100000,24.459999,24.254971,107500,0.008243981863149145
2017-09-27,24.680000,24.680000,24.320000,24.500000,24.294636,199500,-0.007293354943273895
2017-09-28,24.639999,24.639999,24.299999,24.340000,24.135977,87900,-0.012175284585035888
2017-09-29,24.559999,24.559999,24.280001,24.320000,24.116144,317500,-0.009771946651952263
2017-10-02,24.340000,24.340000,24.139999,24.219999,24.016983,294900,-0.0049301972062448015
2017-10-03,24.139999,24.500000,24.139999,24.260000,24.056648,229600,0.004971044116447645
2017-10-04,24.440001,24.440001,24.240000,24.260000,24.056648,1175600,-0.007365016065261094
2017-10-05,24.459999,24.459999,24.260000,24.260000,24.056648,69200,-0.008176574332648102
2017-10-06,24.400000,24.480000,24.260000,24.379999,24.175642,131200,-0.0008197131147539775
2017-10-09,24.459999,24.459999,24.280001,24.299999,24.096312,78400,-0.006541292172579408
2017-10-10,24.240000,24.299999,24.240000,24.280001,24.076481,58600,0.00165020627062707
2017-10-11,24.280001,24.299999,24.260000,24.299999,24.096312,155200,0.0008236408227495984
2017-10-12,24.299999,24.340000,24.240000,24.280001,24.076481,133800,-0.000822962996829797
2017-10-13,24.299999,24.299999,24.240000,24.280001,24.076481,100000,-0.000822962996829797
2017-10-16,24.420000,25.000000,24.240000,25.000000,24.790445,95900,0.02375102375102368
2017-10-17,24.400000,24.400000,24.260000,24.280001,24.076481,173900,-0.0049179918032786875
2017-10-18,24.280001,24.280001,24.280001,24.280001,24.076481,0,0.0
2017-10-19,24.240000,24.260000,24.139999,24.200001,23.997152,464200,-0.0016501237623761601
2017-10-20,24.160000,24.379999,24.160000,24.180000,23.977318,328500,0.0008278145695364062
2017-10-23,24.160000,24.180000,23.980000,23.980000,23.778994,23100,-0.007450331125827803
2017-10-24,24.379999,24.379999,24.020000,24.200001,23.997152,198100,-0.007383019170755552
2017-10-25,24.100000,24.120001,24.059999,24.100000,23.897989,1302400,0.0
2017-10-26,24.080000,24.100000,24.059999,24.100000,23.897989,217800,0.000830564784053286
2017-10-27,24.100000,24.340000,24.059999,24.080000,23.878157,723700,-0.0008298755186723288
2017-10-30,24.280001,24.280001,24.040001,24.100000,23.897989,246700,-0.007413549941781189
2017-10-31,24.200001,24.260000,23.959999,23.959999,23.759161,326100,-0.009917437606717474
2017-11-01,24.020000,24.219999,24.000000,24.100000,23.897989,193000,0.003330557868443041
2017-11-02,24.200001,24.200001,23.820000,23.900000,23.699665,304500,-0.012396735024928376
2017-11-03,24.000000,24.000000,23.440001,23.440001,23.243523,111500,-0.023333291666666717
2017-11-06,23.459999,23.559999,22.420000,22.580000,22.390730,374700,-0.03751061540965971
2017-11-07,22.600000,22.719999,22.440001,22.459999,22.271734,226400,-0.006194734513274407
2017-11-08,22.900000,22.900000,21.500000,21.740000,21.557770,123200,-0.05065502183406115
2017-11-09,21.799999,22.059999,21.000000,21.440001,21.260286,462100,-0.016513670482278506
2017-11-10,21.120001,21.719999,21.120001,21.600000,21.418945,789300,0.022727224302688386
2017-11-13,22.500000,24.260000,22.500000,23.700001,23.501343,788700,0.053333377777777795
2017-11-14,24.160000,24.160000,23.719999,23.719999,23.521173,744600,-0.01821196192052975
2017-11-15,23.600000,23.879999,23.080000,23.080000,22.886539,294300,-0.022033898305084877
2017-11-16,23.500000,23.500000,23.059999,23.360001,23.164192,513500,-0.005957404255319129
2017-11-20,23.100000,23.400000,23.100000,23.280001,23.084864,364600,0.00779225108225096
2017-11-21,23.299999,23.459999,23.160000,23.299999,23.104694,415800,0.0
2017-11-22,23.660000,24.000000,23.379999,23.860001,23.660002,211800,0.008453127641589193
2017-11-23,23.500000,23.700001,23.480000,23.500000,23.500000,413200,0.0
2017-11-24,23.600000,23.700001,23.520000,23.600000,23.600000,359900,0.0
2017-11-27,23.700001,23.860001,23.520000,23.660000,23.660000,380200,-0.001687805835957567
2017-11-28,23.700001,23.980000,23.700001,23.840000,23.840000,394300,0.0059071305524417295
2017-11-29,23.959999,24.000000,23.799999,23.879999,23.879999,1085300,-0.0033388983029589564
2017-11-30,23.920000,24.200001,23.840000,24.200001,24.200001,2124800,0.011705727424749105
2017-12-01,24.200001,24.200001,24.200001,24.200001,24.200001,0,0.0
2017-12-04,24.260000,24.680000,24.180000,24.400000,24.400000,345500,0.00577081615828512
2017-12-05,24.400000,24.680000,24.400000,24.559999,24.559999,1179800,0.00655733606557388
2017-12-06,24.600000,24.680000,24.379999,24.500000,24.500000,1383200,-0.004065040650406562
2017-12-07,24.660000,24.680000,24.480000,24.500000,24.500000,1041700,-0.006488240064882406
2017-12-08,24.639999,24.660000,24.480000,24.500000,24.500000,868800,-0.005681777827994211
2017-12-11,23.500000,24.620001,23.500000,24.500000,24.500000,1060100,0.0425531914893617
2017-12-12,24.139999,24.540001,24.139999,24.540001,24.540001,2062300,0.01657009182146199
2017-12-13,24.680000,24.700001,24.480000,24.500000,24.500000,1344100,-0.007293354943273895
2017-12-14,24.520000,24.600000,24.480000,24.500000,24.500000,2022500,-0.0008156606851549581
2017-12-15,24.680000,24.680000,24.299999,24.299999,24.299999,2175600,-0.015397123176661266
2017-12-18,24.680000,24.680000,24.400000,24.420000,24.420000,704200,-0.01053484602917334
2017-12-19,24.580000,24.799999,24.280001,24.379999,24.379999,1456800,-0.00813673718470288
2017-12-20,24.620001,24.620001,24.360001,24.379999,24.379999,877700,-0.009748253056528997
2017-12-21,24.420000,24.420000,24.260000,24.260000,24.260000,980400,-0.006552006552006558
2017-12-22,24.299999,24.360001,24.219999,24.240000,24.240000,730600,-0.0024690947518146503
2017-12-25,24.240000,24.240000,24.240000,24.240000,24.240000,0,0.0
2017-12-26,24.320000,24.480000,24.260000,24.260000,24.260000,85900,-0.002467105263157842
2017-12-27,24.400000,24.400000,24.240000,24.280001,24.280001,1340300,-0.0049179918032786875
2017-12-28,24.299999,24.580000,24.280001,24.299999,24.299999,682300,0.0
2017-12-29,24.200001,24.379999,24.200001,24.260000,24.260000,115100,0.0024792974182109018
2018-01-03,24.379999,24.700001,24.299999,24.500000,24.500000,1229200,0.004922108487371081
2018-01-04,24.780001,24.799999,24.559999,24.580000,24.580000,432300,-0.008071065049593837
2018-01-05,24.799999,24.860001,24.680000,24.700001,24.700001,910300,-0.004032177581942619
2018-01-08,24.700001,25.440001,24.680000,25.160000,25.160000,3000600,0.018623440541561103
2018-01-09,25.459999,25.500000,25.120001,25.139999,25.139999,1436800,-0.012568735764679342
2018-01-10,25.240000,25.480000,24.799999,25.040001,25.040001,2398500,-0.007923890649762214
2018-01-11,25.160000,25.200001,24.959999,24.980000,24.980000,774200,-0.007154213036565967
2018-01-12,25.200001,25.200001,24.920000,24.940001,24.940001,2206300,-0.010317459908037367
2018-01-15,25.160000,25.160000,24.879999,24.900000,24.900000,1592100,-0.010333863275039807
2018-01-16,24.920000,24.920000,24.660000,24.719999,24.719999,475300,-0.00802572231139648
2018-01-17,24.719999,24.719999,24.639999,24.700001,24.700001,797200,-0.0008089806152500682
2018-01-18,25.059999,25.059999,24.639999,24.660000,24.660000,1055100,-0.015961652672053222
2018-01-19,24.600000,24.980000,24.580000,24.600000,24.600000,601200,0.0
2018-01-22,25.100000,25.100000,24.700001,24.799999,24.799999,1667100,-0.011952231075697279
2018-01-23,24.980000,24.980000,24.700001,24.799999,24.799999,1605300,-0.007205804643715002
2018-01-24,25.139999,25.139999,24.780001,24.799999,24.799999,312100,-0.013524264658880849
2018-01-26,24.799999,24.799999,24.740000,24.760000,24.760000,1166200,-0.0016128629682605278
2018-01-29,24.840000,24.840000,24.700001,24.719999,24.719999,526500,-0.004830958132045027
2018-01-30,24.719999,24.740000,24.559999,24.620001,24.620001,466700,-0.004045226700858803
2018-09-07,26.400000,26.620001,26.400000,26.520000,26.520000,518400,0.004545454545454583
