2013-12-31,2.850000,2.850000,2.850000,2.850000,2.850000,0,0.0
2014-01-02,2.850000,2.850000,2.850000,2.850000,2.850000,0,0.0
2014-01-03,2.850000,2.850000,2.850000,2.850000,2.850000,0,0.0
2014-01-06,2.850000,2.850000,2.850000,2.850000,2.850000,0,0.0
2014-01-07,2.610000,2.610000,2.610000,2.610000,2.610000,200,0.0
2014-01-08,2.610000,2.610000,2.610000,2.610000,2.610000,0,0.0
2014-01-09,2.600000,2.600000,2.600000,2.600000,2.600000,12400,0.0
2014-01-10,2.600000,2.600000,2.600000,2.600000,2.600000,0,0.0
2014-01-13,2.500000,2.500000,2.500000,2.500000,2.500000,1400,0.0
2014-01-14,2.600000,2.600000,2.600000,2.600000,2.600000,500,0.0
2014-01-15,2.600000,2.600000,2.600000,2.600000,2.600000,2200,0.0
2014-01-16,2.600000,2.600000,2.600000,2.600000,2.600000,0,0.0
2014-01-17,2.600000,2.600000,2.600000,2.600000,2.600000,0,0.0
2014-01-21,2.600000,2.600000,2.600000,2.600000,2.600000,0,0.0
2014-01-22,2.600000,2.600000,2.600000,2.600000,2.600000,1500,0.0
2014-01-23,2.600000,2.600000,2.600000,2.600000,2.600000,700,0.0
2014-01-24,2.600000,2.600000,2.600000,2.600000,2.600000,0,0.0
2014-01-27,2.600000,2.810000,2.600000,2.600000,2.600000,1800,0.0
2014-01-28,2.600000,2.600000,2.600000,2.600000,2.600000,0,0.0
2014-01-29,2.600000,2.600000,2.600000,2.600000,2.600000,0,0.0
2014-01-30,2.760000,2.800000,2.760000,2.800000,2.800000,3900,0.01449275362318842
2014-01-31,2.800000,2.800000,2.800000,2.800000,2.800000,0,0.0
2014-02-03,2.600000,2.600000,2.600000,2.600000,2.600000,2000,0.0
2014-02-04,2.500000,2.500000,2.500000,2.500000,2.500000,2500,0.0
2014-02-05,2.500000,2.500000,2.500000,2.500000,2.500000,0,0.0
2014-02-06,2.500000,2.500000,2.500000,2.500000,2.500000,0,0.0
2014-02-07,2.500000,2.500000,2.500000,2.500000,2.500000,1300,0.0
2014-02-10,2.500000,2.500000,2.500000,2.500000,2.500000,0,0.0
2014-02-11,2.500000,2.500000,2.500000,2.500000,2.500000,0,0.0
2014-02-12,2.500000,2.500000,2.500000,2.500000,2.500000,0,0.0
2014-02-13,2.500000,2.500000,2.500000,2.500000,2.500000,3500,0.0
2014-02-14,2.450000,2.450000,2.450000,2.450000,2.450000,400,0.0
2014-02-18,2.600000,2.600000,2.600000,2.600000,2.600000,600,0.0
2014-02-19,2.600000,2.600000,2.600000,2.600000,2.600000,0,0.0
2014-02-20,2.600000,2.600000,2.600000,2.600000,2.600000,0,0.0
2014-02-21,2.600000,2.600000,2.600000,2.600000,2.600000,0,0.0
2014-02-24,2.750000,2.750000,2.600000,2.600000,2.600000,3500,-0.054545454545454515
2014-02-25,2.500000,2.780000,2.500000,2.780000,2.780000,5700,0.11199999999999992
2014-02-26,2.780000,2.780000,2.780000,2.780000,2.780000,0,0.0
2014-02-27,2.780000,2.780000,2.780000,2.780000,2.780000,0,0.0
2014-02-28,2.780000,2.780000,2.780000,2.780000,2.780000,0,0.0
2014-03-03,2.780000,2.780000,2.780000,2.780000,2.780000,0,0.0
2014-03-04,2.600000,2.800000,2.600000,2.800000,2.800000,2600,0.07692307692307682
2014-03-05,2.800000,2.800000,2.800000,2.800000,2.800000,0,0.0
2014-03-06,2.820000,2.820000,2.820000,2.820000,2.820000,100,0.0
2014-03-07,2.820000,2.820000,2.820000,2.820000,2.820000,0,0.0
2014-03-10,2.820000,2.820000,2.820000,2.820000,2.820000,0,0.0
2014-03-11,2.820000,2.820000,2.820000,2.820000,2.820000,0,0.0
2014-03-12,2.820000,2.820000,2.820000,2.820000,2.820000,0,0.0
2014-03-13,2.820000,2.820000,2.820000,2.820000,2.820000,0,0.0
2014-03-14,2.600000,2.600000,2.600000,2.600000,2.600000,400,0.0
2014-03-17,2.600000,2.600000,2.600000,2.600000,2.600000,0,0.0
2014-03-18,2.600000,2.600000,2.600000,2.600000,2.600000,6200,0.0
2014-03-19,2.750000,2.750000,2.750000,2.750000,2.750000,1100,0.0
2014-03-20,2.750000,2.750000,2.750000,2.750000,2.750000,0,0.0
2014-03-21,2.750000,2.750000,2.750000,2.750000,2.750000,0,0.0
2014-03-24,2.750000,2.750000,2.750000,2.750000,2.750000,0,0.0
2014-03-25,2.750000,2.750000,2.750000,2.750000,2.750000,0,0.0
2014-03-26,2.750000,2.750000,2.750000,2.750000,2.750000,0,0.0
2014-03-27,2.750000,2.750000,2.750000,2.750000,2.750000,0,0.0
2014-03-28,2.600000,2.600000,2.600000,2.600000,2.600000,400,0.0
2014-03-31,2.600000,2.780000,2.600000,2.780000,2.780000,6200,0.06923076923076912
2014-04-01,2.780000,2.780000,2.780000,2.780000,2.780000,500,0.0
2014-04-02,2.780000,2.780000,2.780000,2.780000,2.780000,0,0.0
2014-04-03,2.920000,2.920000,2.920000,2.920000,2.920000,1400,0.0
2014-04-04,2.920000,2.920000,2.920000,2.920000,2.920000,0,0.0
2014-04-07,2.920000,2.920000,2.920000,2.920000,2.920000,0,0.0
2014-04-08,2.700000,2.700000,2.700000,2.700000,2.700000,12700,0.0
2014-04-09,2.700000,2.700000,2.700000,2.700000,2.700000,1000,0.0
2014-04-10,2.700000,2.700000,2.700000,2.700000,2.700000,2500,0.0
2014-04-11,2.700000,2.700000,2.700000,2.700000,2.700000,2400,0.0
2014-04-14,2.700000,2.700000,2.700000,2.700000,2.700000,0,0.0
2014-04-15,2.700000,2.700000,2.700000,2.700000,2.700000,100,0.0
2014-04-16,2.700000,2.700000,2.700000,2.700000,2.700000,0,0.0
2014-04-17,2.700000,2.700000,2.700000,2.700000,2.700000,0,0.0
2014-04-21,2.700000,2.700000,2.700000,2.700000,2.700000,0,0.0
2014-04-22,2.700000,2.700000,2.700000,2.700000,2.700000,0,0.0
2014-04-23,2.700000,2.700000,2.700000,2.700000,2.700000,0,0.0
2014-04-24,2.700000,2.700000,2.700000,2.700000,2.700000,0,0.0
2014-04-25,2.700000,2.700000,2.700000,2.700000,2.700000,0,0.0
2014-04-28,2.700000,2.700000,2.700000,2.700000,2.700000,1000,0.0
2014-04-29,2.950000,2.950000,2.950000,2.950000,2.950000,1000,0.0
2014-04-30,2.950000,2.950000,2.950000,2.950000,2.950000,0,0.0
2014-05-01,2.950000,2.950000,2.950000,2.950000,2.950000,0,0.0
2014-05-02,2.950000,2.950000,2.950000,2.950000,2.950000,0,0.0
2014-05-05,2.630000,2.730000,2.610000,2.620000,2.620000,500,-0.003802281368821212
2014-05-06,2.620000,2.620000,2.620000,2.620000,2.620000,0,0.0
2014-05-07,2.620000,2.620000,2.620000,2.620000,2.620000,0,0.0
2014-05-08,2.620000,2.620000,2.620000,2.620000,2.620000,0,0.0
2014-05-09,2.620000,2.620000,2.620000,2.620000,2.620000,0,0.0
2014-05-12,2.620000,2.620000,2.620000,2.620000,2.620000,0,0.0
2014-05-13,2.620000,2.620000,2.620000,2.620000,2.620000,0,0.0
2014-05-14,2.620000,2.620000,2.620000,2.620000,2.620000,0,0.0
2014-05-15,2.620000,2.620000,2.620000,2.620000,2.620000,0,0.0
2014-05-16,2.620000,2.620000,2.620000,2.620000,2.620000,0,0.0
2014-05-19,2.620000,2.950000,2.620000,2.950000,2.950000,5500,0.12595419847328246
2014-05-20,2.950000,2.950000,2.950000,2.950000,2.950000,500,0.0
2014-05-21,2.950000,2.950000,2.950000,2.950000,2.950000,0,0.0
2014-05-22,2.950000,2.950000,2.950000,2.950000,2.950000,0,0.0
2014-05-23,2.950000,2.950000,2.950000,2.950000,2.950000,0,0.0
2014-05-27,2.950000,2.950000,2.950000,2.950000,2.950000,0,0.0
2014-05-28,2.950000,2.950000,2.950000,2.950000,2.950000,0,0.0
2014-05-29,2.950000,2.950000,2.950000,2.950000,2.950000,0,0.0
2014-05-30,2.950000,2.950000,2.950000,2.950000,2.950000,0,0.0
2014-06-02,2.950000,2.950000,2.950000,2.950000,2.950000,0,0.0
2014-06-03,2.950000,2.950000,2.950000,2.950000,2.950000,0,0.0
2014-06-04,2.950000,2.950000,2.950000,2.950000,2.950000,0,0.0
2014-06-05,2.700000,2.700000,2.700000,2.700000,2.700000,1000,0.0
2014-06-06,2.700000,2.920000,2.700000,2.920000,2.920000,1000,0.08148148148148139
2014-06-09,2.920000,2.920000,2.920000,2.920000,2.920000,0,0.0
2014-06-10,2.920000,2.920000,2.920000,2.920000,2.920000,0,0.0
2014-06-11,2.920000,2.920000,2.920000,2.920000,2.920000,0,0.0
2014-06-12,3.000000,3.000000,3.000000,3.000000,3.000000,2500,0.0
2014-06-13,3.000000,3.000000,3.000000,3.000000,3.000000,0,0.0
2014-06-16,3.000000,3.000000,3.000000,3.000000,3.000000,0,0.0
2014-06-17,3.000000,3.000000,3.000000,3.000000,3.000000,0,0.0
2014-06-18,3.000000,3.000000,3.000000,3.000000,3.000000,0,0.0
2014-06-19,3.000000,3.000000,3.000000,3.000000,3.000000,0,0.0
2014-06-20,3.000000,3.000000,3.000000,3.000000,3.000000,0,0.0
2014-06-23,2.890000,2.890000,2.890000,2.890000,2.890000,1000,0.0
2014-06-24,2.890000,2.890000,2.890000,2.890000,2.890000,0,0.0
2014-06-25,2.890000,2.890000,2.890000,2.890000,2.890000,0,0.0
2014-06-26,2.890000,2.890000,2.890000,2.890000,2.890000,0,0.0
2014-06-27,2.890000,2.890000,2.890000,2.890000,2.890000,0,0.0
2014-06-30,2.890000,2.890000,2.890000,2.890000,2.890000,0,0.0
2014-07-01,2.890000,2.890000,2.890000,2.890000,2.890000,0,0.0
2014-07-02,2.890000,2.890000,2.890000,2.890000,2.890000,1000,0.0
2014-07-03,2.890000,2.890000,2.890000,2.890000,2.890000,0,0.0
2014-07-07,3.000000,3.000000,3.000000,3.000000,3.000000,1000,0.0
2014-07-08,3.000000,3.000000,3.000000,3.000000,3.000000,0,0.0
2014-07-09,3.000000,3.290000,2.790000,2.790000,2.790000,3100,-0.06999999999999999
2014-07-10,2.790000,2.790000,2.790000,2.790000,2.790000,0,0.0
2014-07-11,2.790000,2.790000,2.790000,2.790000,2.790000,0,0.0
2014-07-14,2.790000,2.790000,2.790000,2.790000,2.790000,0,0.0
2014-07-15,2.790000,2.790000,2.790000,2.790000,2.790000,0,0.0
2014-07-16,2.790000,2.790000,2.790000,2.790000,2.790000,0,0.0
2014-07-17,2.790000,2.790000,2.790000,2.790000,2.790000,0,0.0
2014-07-18,2.790000,2.790000,2.790000,2.790000,2.790000,0,0.0
2014-07-21,2.790000,2.790000,2.790000,2.790000,2.790000,0,0.0
2014-07-22,2.790000,2.790000,2.790000,2.790000,2.790000,0,0.0
2014-07-23,2.790000,2.790000,2.790000,2.790000,2.790000,0,0.0
2014-07-24,2.790000,2.790000,2.790000,2.790000,2.790000,0,0.0
2014-07-25,2.790000,2.790000,2.790000,2.790000,2.790000,0,0.0
2014-07-28,3.000000,3.000000,3.000000,3.000000,3.000000,6000,0.0
2014-07-29,3.000000,3.000000,3.000000,3.000000,3.000000,0,0.0
2014-07-30,2.920000,2.950000,2.920000,2.950000,2.950000,2200,0.010273972602739812
2014-07-31,2.860000,2.860000,2.860000,2.860000,2.860000,300,0.0
2014-08-01,2.860000,2.860000,2.860000,2.860000,2.860000,0,0.0
2014-08-04,2.860000,2.860000,2.860000,2.860000,2.860000,0,0.0
2014-08-05,2.860000,2.860000,2.860000,2.860000,2.860000,2000,0.0
2014-08-06,2.860000,2.860000,2.860000,2.860000,2.860000,0,0.0
2014-08-07,2.700000,2.700000,2.700000,2.700000,2.700000,1000,0.0
2014-08-08,2.700000,2.700000,2.700000,2.700000,2.700000,1000,0.0
2014-08-11,2.700000,2.700000,2.700000,2.700000,2.700000,0,0.0
2014-08-12,2.580000,2.580000,2.580000,2.580000,2.580000,200,0.0
2014-08-13,2.580000,2.580000,2.580000,2.580000,2.580000,0,0.0
2014-08-14,2.580000,2.580000,2.580000,2.580000,2.580000,0,0.0
2014-08-15,3.000000,3.000000,2.960000,2.960000,2.960000,1300,-0.013333333333333345
2014-08-18,2.960000,2.960000,2.960000,2.960000,2.960000,0,0.0
2014-08-19,2.770000,2.780000,2.770000,2.780000,2.780000,1200,0.0036101083032490204
2014-08-20,2.780000,2.780000,2.780000,2.780000,2.780000,0,0.0
2014-08-21,2.750000,2.750000,2.750000,2.750000,2.750000,3000,0.0
2014-08-22,2.750000,2.750000,2.750000,2.750000,2.750000,0,0.0
2014-08-25,2.750000,2.750000,2.750000,2.750000,2.750000,0,0.0
2014-08-26,2.750000,2.750000,2.750000,2.750000,2.750000,0,0.0
2014-08-27,2.750000,2.750000,2.750000,2.750000,2.750000,0,0.0
2014-08-28,2.750000,2.750000,2.750000,2.750000,2.750000,0,0.0
2014-08-29,2.750000,2.750000,2.750000,2.750000,2.750000,0,0.0
2014-09-02,2.750000,2.750000,2.750000,2.750000,2.750000,0,0.0
2014-09-03,2.750000,2.750000,2.750000,2.750000,2.750000,0,0.0
2014-09-04,2.750000,2.750000,2.750000,2.750000,2.750000,0,0.0
2014-09-05,2.750000,2.750000,2.750000,2.750000,2.750000,0,0.0
2014-09-08,2.750000,2.750000,2.750000,2.750000,2.750000,0,0.0
2014-09-09,2.750000,2.750000,2.750000,2.750000,2.750000,0,0.0
2014-09-10,2.750000,2.750000,2.750000,2.750000,2.750000,0,0.0
2014-09-11,2.750000,2.750000,2.750000,2.750000,2.750000,0,0.0
2014-09-12,2.750000,2.750000,2.750000,2.750000,2.750000,0,0.0
2014-09-15,2.750000,2.750000,2.750000,2.750000,2.750000,0,0.0
2014-09-16,2.750000,2.750000,2.750000,2.750000,2.750000,0,0.0
2014-09-17,2.750000,2.750000,2.750000,2.750000,2.750000,0,0.0
2014-09-18,2.750000,2.750000,2.750000,2.750000,2.750000,0,0.0
2014-09-19,2.750000,2.750000,2.750000,2.750000,2.750000,0,0.0
2014-09-22,2.790000,2.790000,2.790000,2.790000,2.790000,500,0.0
2014-09-23,2.790000,2.790000,2.790000,2.790000,2.790000,2000,0.0
2014-09-24,2.790000,2.790000,2.790000,2.790000,2.790000,0,0.0
2014-09-25,2.790000,2.790000,2.790000,2.790000,2.790000,0,0.0
2014-09-26,2.790000,2.790000,2.790000,2.790000,2.790000,0,0.0
2014-09-29,2.790000,2.790000,2.790000,2.790000,2.790000,0,0.0
2014-09-30,2.790000,2.790000,2.790000,2.790000,2.790000,0,0.0
2014-10-01,2.790000,2.790000,2.790000,2.790000,2.790000,0,0.0
2014-10-02,2.790000,2.790000,2.790000,2.790000,2.790000,0,0.0
2014-10-03,2.790000,2.790000,2.790000,2.790000,2.790000,400,0.0
2014-10-06,2.790000,2.790000,2.790000,2.790000,2.790000,0,0.0
2014-10-07,2.790000,2.790000,2.790000,2.790000,2.790000,0,0.0
2014-10-08,2.790000,2.790000,2.790000,2.790000,2.790000,0,0.0
2014-10-09,2.790000,2.790000,2.790000,2.790000,2.790000,800,0.0
2014-10-10,2.790000,2.790000,2.790000,2.790000,2.790000,0,0.0
2014-10-13,2.790000,2.790000,2.790000,2.790000,2.790000,0,0.0
2014-10-14,2.790000,2.790000,2.790000,2.790000,2.790000,0,0.0
2014-10-15,2.790000,2.790000,2.790000,2.790000,2.790000,0,0.0
2014-10-16,2.790000,2.790000,2.790000,2.790000,2.790000,0,0.0
2014-10-17,2.790000,2.790000,2.790000,2.790000,2.790000,0,0.0
2014-10-20,2.780000,2.780000,2.780000,2.780000,2.780000,2200,0.0
2014-10-21,2.780000,2.780000,2.780000,2.780000,2.780000,0,0.0
2014-10-22,2.780000,2.780000,2.780000,2.780000,2.780000,0,0.0
2014-10-23,2.780000,2.780000,2.780000,2.780000,2.780000,17800,0.0
2014-10-24,2.780000,2.780000,2.780000,2.780000,2.780000,0,0.0
2014-10-27,2.780000,2.780000,2.780000,2.780000,2.780000,0,0.0
2014-10-28,2.780000,2.780000,2.780000,2.780000,2.780000,0,0.0
2014-10-29,2.780000,2.780000,2.780000,2.780000,2.780000,0,0.0
2014-10-30,2.780000,2.780000,2.780000,2.780000,2.780000,0,0.0
2014-10-31,2.780000,2.780000,2.780000,2.780000,2.780000,0,0.0
2014-11-03,2.780000,2.780000,2.780000,2.780000,2.780000,0,0.0
2014-11-04,2.780000,2.780000,2.780000,2.780000,2.780000,0,0.0
2014-11-05,2.780000,2.780000,2.780000,2.780000,2.780000,0,0.0
2014-11-06,2.780000,2.780000,2.780000,2.780000,2.780000,0,0.0
2014-11-07,2.780000,2.780000,2.780000,2.780000,2.780000,0,0.0
2014-11-10,2.780000,2.780000,2.780000,2.780000,2.780000,0,0.0
2014-11-11,2.780000,2.780000,2.780000,2.780000,2.780000,0,0.0
2014-11-12,2.780000,2.780000,2.780000,2.780000,2.780000,0,0.0
2014-11-13,2.780000,2.780000,2.780000,2.780000,2.780000,0,0.0
2014-11-14,2.780000,2.780000,2.780000,2.780000,2.780000,0,0.0
2014-11-17,2.780000,2.780000,2.780000,2.780000,2.780000,0,0.0
2014-11-18,2.780000,2.780000,2.780000,2.780000,2.780000,0,0.0
2014-11-19,2.780000,2.780000,2.780000,2.780000,2.780000,0,0.0
2014-11-20,2.780000,2.780000,2.780000,2.780000,2.780000,0,0.0
2014-11-21,2.780000,2.780000,2.780000,2.780000,2.780000,0,0.0
2014-11-24,2.780000,2.780000,2.780000,2.780000,2.780000,0,0.0
2014-11-25,2.780000,2.780000,2.780000,2.780000,2.780000,0,0.0
2014-11-26,2.780000,2.780000,2.780000,2.780000,2.780000,0,0.0
2014-11-28,2.780000,2.780000,2.780000,2.780000,2.780000,0,0.0
2014-12-01,2.780000,2.780000,2.780000,2.780000,2.780000,0,0.0
2014-12-02,2.780000,2.780000,2.780000,2.780000,2.780000,0,0.0
2014-12-03,2.780000,2.780000,2.780000,2.780000,2.780000,0,0.0
2014-12-04,2.780000,2.780000,2.780000,2.780000,2.780000,0,0.0
2014-12-05,2.780000,2.780000,2.780000,2.780000,2.780000,0,0.0
2014-12-08,2.780000,2.780000,2.780000,2.780000,2.780000,0,0.0
2014-12-09,2.350000,2.350000,2.350000,2.350000,2.350000,1000,0.0
2014-12-10,2.450000,2.450000,2.450000,2.450000,2.450000,1000,0.0
2014-12-11,2.560000,2.560000,2.560000,2.560000,2.560000,600,0.0
2014-12-12,2.560000,2.560000,2.560000,2.560000,2.560000,0,0.0
2014-12-15,2.600000,2.600000,2.600000,2.600000,2.600000,300,0.0
2014-12-16,2.600000,2.600000,2.600000,2.600000,2.600000,0,0.0
2014-12-17,2.600000,2.600000,2.600000,2.600000,2.600000,0,0.0
2014-12-18,2.600000,2.600000,2.600000,2.600000,2.600000,0,0.0
2014-12-19,2.600000,2.600000,2.600000,2.600000,2.600000,0,0.0
2014-12-22,2.600000,2.600000,2.600000,2.600000,2.600000,0,0.0
2014-12-23,2.600000,2.600000,2.600000,2.600000,2.600000,1000,0.0
2014-12-24,2.600000,2.600000,2.600000,2.600000,2.600000,0,0.0
2014-12-26,2.600000,2.600000,2.600000,2.600000,2.600000,0,0.0
2014-12-29,2.590000,2.590000,2.590000,2.590000,2.590000,4000,0.0
2014-12-30,2.590000,2.590000,2.590000,2.590000,2.590000,0,0.0
2014-12-31,2.590000,2.590000,2.590000,2.590000,2.590000,0,0.0
2015-01-02,2.590000,2.590000,2.590000,2.590000,2.590000,0,0.0
2015-01-05,2.590000,2.590000,2.590000,2.590000,2.590000,0,0.0
2015-01-06,2.800000,2.800000,2.800000,2.800000,2.800000,200,0.0
2015-01-07,2.800000,2.800000,2.800000,2.800000,2.800000,0,0.0
2015-01-08,2.800000,2.800000,2.800000,2.800000,2.800000,0,0.0
2015-01-09,2.710000,2.710000,2.710000,2.710000,2.710000,500,0.0
2015-01-12,2.710000,2.710000,2.710000,2.710000,2.710000,200,0.0
2015-01-13,2.710000,2.710000,2.710000,2.710000,2.710000,0,0.0
2015-01-14,2.710000,2.710000,2.710000,2.710000,2.710000,0,0.0
2015-01-15,2.710000,2.710000,2.710000,2.710000,2.710000,0,0.0
2015-01-16,2.710000,2.710000,2.710000,2.710000,2.710000,0,0.0
2015-01-20,2.710000,2.710000,2.710000,2.710000,2.710000,0,0.0
2015-01-21,2.710000,2.710000,2.710000,2.710000,2.710000,0,0.0
2015-01-22,2.710000,2.710000,2.710000,2.710000,2.710000,0,0.0
2015-01-23,2.710000,2.710000,2.710000,2.710000,2.710000,0,0.0
2015-01-26,2.710000,2.710000,2.710000,2.710000,2.710000,0,0.0
2015-01-27,2.710000,2.710000,2.710000,2.710000,2.710000,0,0.0
2015-01-28,2.710000,2.710000,2.710000,2.710000,2.710000,0,0.0
2015-01-29,2.710000,2.710000,2.710000,2.710000,2.710000,0,0.0
2015-01-30,2.710000,2.710000,2.710000,2.710000,2.710000,0,0.0
2015-02-02,2.710000,2.710000,2.710000,2.710000,2.710000,0,0.0
2015-02-03,2.710000,2.710000,2.710000,2.710000,2.710000,0,0.0
2015-02-04,2.710000,2.710000,2.710000,2.710000,2.710000,0,0.0
2015-02-05,2.710000,2.710000,2.710000,2.710000,2.710000,0,0.0
2015-02-06,2.710000,2.710000,2.710000,2.710000,2.710000,0,0.0
2015-02-09,2.710000,2.710000,2.710000,2.710000,2.710000,0,0.0
2015-02-10,2.710000,2.710000,2.710000,2.710000,2.710000,0,0.0
2015-02-11,2.710000,2.710000,2.710000,2.710000,2.710000,0,0.0
2015-02-12,2.710000,2.710000,2.710000,2.710000,2.710000,0,0.0
2015-02-13,2.710000,2.710000,2.710000,2.710000,2.710000,0,0.0
2015-02-17,2.390000,2.390000,2.390000,2.390000,2.390000,1000,0.0
2015-02-18,2.390000,2.390000,2.390000,2.390000,2.390000,0,0.0
2015-02-19,2.390000,2.390000,2.390000,2.390000,2.390000,0,0.0
2015-02-20,2.390000,2.390000,2.390000,2.390000,2.390000,0,0.0
2015-02-23,2.390000,2.390000,2.390000,2.390000,2.390000,0,0.0
2015-02-24,2.390000,2.390000,2.390000,2.390000,2.390000,0,0.0
2015-02-25,2.390000,2.390000,2.390000,2.390000,2.390000,0,0.0
2015-02-26,2.390000,2.390000,2.390000,2.390000,2.390000,0,0.0
2015-02-27,2.390000,2.390000,2.390000,2.390000,2.390000,0,0.0
2015-03-02,2.390000,2.390000,2.390000,2.390000,2.390000,0,0.0
2015-03-03,2.390000,2.390000,2.390000,2.390000,2.390000,0,0.0
2015-03-04,2.390000,2.390000,2.390000,2.390000,2.390000,0,0.0
2015-03-05,2.390000,2.390000,2.390000,2.390000,2.390000,0,0.0
2015-03-06,2.390000,2.390000,2.390000,2.390000,2.390000,0,0.0
2015-03-09,2.410000,2.410000,2.410000,2.410000,2.410000,2000,0.0
2015-03-10,2.400000,2.400000,2.400000,2.400000,2.400000,1700,0.0
2015-03-11,2.400000,2.400000,2.400000,2.400000,2.400000,0,0.0
2015-03-12,2.260000,2.260000,2.260000,2.260000,2.260000,1600,0.0
2015-03-13,2.240000,2.240000,2.240000,2.240000,2.240000,6600,0.0
2015-03-16,2.240000,2.240000,2.240000,2.240000,2.240000,0,0.0
2015-03-17,2.240000,2.240000,2.240000,2.240000,2.240000,0,0.0
2015-03-18,2.240000,2.240000,2.240000,2.240000,2.240000,0,0.0
2015-03-19,2.240000,2.240000,2.240000,2.240000,2.240000,0,0.0
2015-03-20,2.240000,2.240000,2.240000,2.240000,2.240000,0,0.0
2015-03-23,2.240000,2.240000,2.240000,2.240000,2.240000,0,0.0
2015-03-24,2.240000,2.240000,2.240000,2.240000,2.240000,0,0.0
2015-03-25,2.240000,2.240000,2.240000,2.240000,2.240000,0,0.0
2015-03-26,2.240000,2.240000,2.240000,2.240000,2.240000,0,0.0
2015-03-27,2.240000,2.240000,2.240000,2.240000,2.240000,0,0.0
2015-03-30,2.240000,2.240000,2.240000,2.240000,2.240000,0,0.0
2015-03-31,2.240000,2.240000,2.240000,2.240000,2.240000,0,0.0
2015-04-01,2.240000,2.240000,2.240000,2.240000,2.240000,0,0.0
2015-04-02,2.240000,2.240000,2.240000,2.240000,2.240000,0,0.0
2015-04-06,2.400000,2.400000,2.400000,2.400000,2.400000,1000,0.0
2015-04-07,2.400000,2.400000,2.400000,2.400000,2.400000,0,0.0
2015-04-08,2.400000,2.400000,2.400000,2.400000,2.400000,0,0.0
2015-04-09,2.400000,2.400000,2.400000,2.400000,2.400000,0,0.0
2015-04-10,2.400000,2.400000,2.400000,2.400000,2.400000,0,0.0
2015-04-13,2.620000,2.620000,2.620000,2.620000,2.620000,1200,0.0
2015-04-14,2.620000,2.620000,2.620000,2.620000,2.620000,0,0.0
2015-04-15,2.620000,2.620000,2.620000,2.620000,2.620000,0,0.0
2015-04-16,2.620000,2.620000,2.620000,2.620000,2.620000,0,0.0
2015-04-17,2.620000,2.620000,2.620000,2.620000,2.620000,0,0.0
2015-04-20,2.620000,2.620000,2.620000,2.620000,2.620000,0,0.0
2015-04-21,2.620000,2.620000,2.620000,2.620000,2.620000,0,0.0
2015-04-22,2.310000,2.310000,2.310000,2.310000,2.310000,1300,0.0
2015-04-23,2.310000,2.310000,2.310000,2.310000,2.310000,0,0.0
2015-04-24,2.310000,2.310000,2.310000,2.310000,2.310000,0,0.0
2015-04-27,2.310000,2.310000,2.310000,2.310000,2.310000,0,0.0
2015-04-28,2.310000,2.310000,2.310000,2.310000,2.310000,0,0.0
2015-04-29,2.310000,2.310000,2.310000,2.310000,2.310000,0,0.0
2015-04-30,2.310000,2.310000,2.310000,2.310000,2.310000,0,0.0
2015-05-01,2.310000,2.310000,2.310000,2.310000,2.310000,0,0.0
2015-05-04,2.310000,2.310000,2.310000,2.310000,2.310000,0,0.0
2015-05-05,2.310000,2.310000,2.310000,2.310000,2.310000,0,0.0
2015-05-06,2.310000,2.310000,2.310000,2.310000,2.310000,0,0.0
2015-05-07,2.440000,2.440000,2.440000,2.440000,2.440000,1000,0.0
2015-05-08,2.790000,2.790000,2.790000,2.790000,2.790000,5900,0.0
2015-05-11,2.550000,2.550000,2.240000,2.240000,2.240000,1100,-0.12156862745098025
2015-05-12,2.240000,2.240000,2.240000,2.240000,2.240000,0,0.0
2015-05-13,2.240000,2.240000,2.240000,2.240000,2.240000,0,0.0
2015-05-14,2.240000,2.240000,2.240000,2.240000,2.240000,0,0.0
2015-05-15,2.240000,2.240000,2.240000,2.240000,2.240000,0,0.0
2015-05-18,2.240000,2.240000,2.240000,2.240000,2.240000,0,0.0
2015-05-19,2.240000,2.240000,2.240000,2.240000,2.240000,0,0.0
2015-05-20,2.240000,2.240000,2.240000,2.240000,2.240000,0,0.0
2015-05-21,2.240000,2.240000,2.240000,2.240000,2.240000,0,0.0
2015-05-22,2.240000,2.240000,2.240000,2.240000,2.240000,0,0.0
2015-05-26,2.240000,2.240000,2.240000,2.240000,2.240000,0,0.0
2015-05-27,2.240000,2.240000,2.240000,2.240000,2.240000,2000,0.0
2015-05-28,2.240000,2.240000,2.240000,2.240000,2.240000,0,0.0
2015-05-29,2.240000,2.240000,2.240000,2.240000,2.240000,0,0.0
2015-06-01,2.240000,2.240000,2.240000,2.240000,2.240000,0,0.0
2015-06-02,2.240000,2.240000,2.240000,2.240000,2.240000,0,0.0
2015-06-03,2.240000,2.240000,2.240000,2.240000,2.240000,0,0.0
2015-06-04,2.240000,2.240000,2.240000,2.240000,2.240000,0,0.0
2015-06-05,2.240000,2.240000,2.240000,2.240000,2.240000,0,0.0
2015-06-08,2.240000,2.240000,2.240000,2.240000,2.240000,0,0.0
2015-06-09,2.240000,2.240000,2.240000,2.240000,2.240000,0,0.0
2015-06-10,2.240000,2.240000,2.240000,2.240000,2.240000,0,0.0
2015-06-11,2.240000,2.240000,2.240000,2.240000,2.240000,0,0.0
2015-06-12,2.240000,2.240000,2.240000,2.240000,2.240000,0,0.0
2015-06-15,2.240000,2.240000,2.240000,2.240000,2.240000,0,0.0
2015-06-16,2.240000,2.240000,2.240000,2.240000,2.240000,0,0.0
2015-06-17,2.240000,2.240000,2.240000,2.240000,2.240000,0,0.0
2015-06-18,2.240000,2.240000,2.240000,2.240000,2.240000,0,0.0
2015-06-19,2.240000,2.240000,2.240000,2.240000,2.240000,0,0.0
2015-06-22,2.240000,2.240000,2.240000,2.240000,2.240000,0,0.0
2015-06-23,2.240000,2.240000,2.240000,2.240000,2.240000,0,0.0
2015-06-24,2.550000,2.550000,2.550000,2.550000,2.550000,1000,0.0
2015-06-25,2.550000,2.550000,2.550000,2.550000,2.550000,0,0.0
2015-06-26,2.550000,2.550000,2.550000,2.550000,2.550000,0,0.0
2015-06-29,2.550000,2.550000,2.550000,2.550000,2.550000,0,0.0
2015-06-30,2.550000,2.550000,2.550000,2.550000,2.550000,0,0.0
2015-07-01,2.550000,2.550000,2.550000,2.550000,2.550000,0,0.0
2015-07-02,2.550000,2.550000,2.550000,2.550000,2.550000,0,0.0
2015-07-06,2.550000,2.550000,2.550000,2.550000,2.550000,0,0.0
2015-07-07,2.550000,2.550000,2.550000,2.550000,2.550000,0,0.0
2015-07-08,2.550000,2.550000,2.550000,2.550000,2.550000,0,0.0
2015-07-09,2.550000,2.550000,2.550000,2.550000,2.550000,0,0.0
2015-07-10,2.300000,2.300000,2.300000,2.300000,2.300000,2000,0.0
2015-07-13,2.300000,2.300000,2.300000,2.300000,2.300000,0,0.0
2015-07-14,2.300000,2.300000,2.300000,2.300000,2.300000,0,0.0
2015-07-15,2.300000,2.300000,2.300000,2.300000,2.300000,0,0.0
2015-07-16,2.300000,2.300000,2.300000,2.300000,2.300000,0,0.0
2015-07-17,2.300000,2.300000,2.300000,2.300000,2.300000,0,0.0
2015-07-20,2.300000,2.300000,2.300000,2.300000,2.300000,0,0.0
2015-07-21,2.300000,2.300000,2.300000,2.300000,2.300000,0,0.0
2015-07-22,2.300000,2.300000,2.300000,2.300000,2.300000,0,0.0
2015-07-23,2.230000,2.230000,2.230000,2.230000,2.230000,100,0.0
2015-07-24,2.230000,2.230000,2.230000,2.230000,2.230000,0,0.0
2015-07-27,2.230000,2.230000,2.230000,2.230000,2.230000,0,0.0
2015-07-28,2.230000,2.230000,2.230000,2.230000,2.230000,0,0.0
2015-07-29,2.230000,2.230000,2.230000,2.230000,2.230000,0,0.0
2015-07-30,2.230000,2.230000,2.230000,2.230000,2.230000,0,0.0
2015-07-31,2.230000,2.230000,2.230000,2.230000,2.230000,0,0.0
2015-08-03,2.230000,2.230000,2.230000,2.230000,2.230000,0,0.0
2015-08-04,2.000000,2.000000,2.000000,2.000000,2.000000,1400,0.0
2015-08-05,2.000000,2.000000,2.000000,2.000000,2.000000,0,0.0
2015-08-06,2.000000,2.000000,2.000000,2.000000,2.000000,0,0.0
2015-08-07,2.000000,2.000000,2.000000,2.000000,2.000000,0,0.0
2015-08-10,2.000000,2.000000,2.000000,2.000000,2.000000,0,0.0
2015-08-11,2.000000,2.000000,2.000000,2.000000,2.000000,0,0.0
2015-08-12,1.950000,1.950000,1.950000,1.950000,1.950000,1000,0.0
2015-08-13,1.950000,1.950000,1.950000,1.950000,1.950000,0,0.0
2015-08-14,1.950000,1.950000,1.950000,1.950000,1.950000,0,0.0
2015-08-17,1.950000,1.950000,1.950000,1.950000,1.950000,0,0.0
2015-08-18,1.950000,1.950000,1.950000,1.950000,1.950000,0,0.0
2015-08-19,1.950000,1.950000,1.950000,1.950000,1.950000,500,0.0
2015-08-20,1.950000,1.950000,1.950000,1.950000,1.950000,0,0.0
2015-08-21,1.950000,1.950000,1.950000,1.950000,1.950000,0,0.0
2015-08-24,1.950000,1.950000,1.950000,1.950000,1.950000,0,0.0
2015-08-25,1.950000,1.950000,1.950000,1.950000,1.950000,0,0.0
2015-08-26,1.950000,1.950000,1.950000,1.950000,1.950000,0,0.0
2015-08-27,1.800000,1.800000,1.800000,1.800000,1.800000,1000,0.0
2015-08-28,1.800000,1.800000,1.800000,1.800000,1.800000,0,0.0
2015-08-31,1.800000,1.800000,1.800000,1.800000,1.800000,0,0.0
2015-09-01,1.800000,1.800000,1.800000,1.800000,1.800000,0,0.0
2015-09-02,1.800000,1.800000,1.800000,1.800000,1.800000,0,0.0
2015-09-03,1.800000,1.800000,1.800000,1.800000,1.800000,0,0.0
2015-09-04,1.800000,1.800000,1.800000,1.800000,1.800000,0,0.0
2015-09-08,1.800000,1.800000,1.800000,1.800000,1.800000,0,0.0
2015-09-09,1.800000,1.800000,1.800000,1.800000,1.800000,0,0.0
2015-09-10,1.800000,1.800000,1.800000,1.800000,1.800000,0,0.0
2015-09-11,1.800000,1.800000,1.800000,1.800000,1.800000,0,0.0
2015-09-14,1.800000,1.800000,1.800000,1.800000,1.800000,0,0.0
2015-09-15,1.760000,1.760000,1.760000,1.760000,1.760000,500,0.0
2015-09-16,1.760000,1.760000,1.760000,1.760000,1.760000,0,0.0
2015-09-17,1.760000,1.760000,1.760000,1.760000,1.760000,0,0.0
2015-09-18,1.760000,1.760000,1.760000,1.760000,1.760000,0,0.0
2015-09-21,1.760000,1.760000,1.760000,1.760000,1.760000,0,0.0
2015-09-22,1.760000,1.760000,1.760000,1.760000,1.760000,0,0.0
2015-09-23,1.760000,1.760000,1.760000,1.760000,1.760000,0,0.0
2015-09-24,1.760000,1.760000,1.760000,1.760000,1.760000,0,0.0
2015-09-25,1.670000,1.670000,1.670000,1.670000,1.670000,2500,0.0
2015-09-28,1.670000,1.670000,1.670000,1.670000,1.670000,0,0.0
2015-09-29,1.670000,1.670000,1.670000,1.670000,1.670000,0,0.0
2015-09-30,1.670000,1.670000,1.670000,1.670000,1.670000,0,0.0
2015-10-01,1.700000,1.700000,1.700000,1.700000,1.700000,1000,0.0
2015-10-02,1.700000,1.700000,1.700000,1.700000,1.700000,0,0.0
2015-10-05,1.980000,1.980000,1.980000,1.980000,1.980000,5100,0.0
2015-10-06,1.980000,1.980000,1.980000,1.980000,1.980000,0,0.0
2015-10-07,1.980000,1.980000,1.980000,1.980000,1.980000,0,0.0
2015-10-08,1.980000,1.980000,1.980000,1.980000,1.980000,0,0.0
2015-10-09,1.980000,1.980000,1.980000,1.980000,1.980000,0,0.0
2015-10-12,1.980000,1.980000,1.980000,1.980000,1.980000,0,0.0
2015-10-13,2.020000,2.020000,2.020000,2.020000,2.020000,500,0.0
2015-10-14,2.020000,2.020000,2.020000,2.020000,2.020000,0,0.0
2015-10-15,2.020000,2.020000,2.020000,2.020000,2.020000,0,0.0
2015-10-16,2.020000,2.020000,2.020000,2.020000,2.020000,0,0.0
2015-10-19,2.020000,2.020000,2.020000,2.020000,2.020000,0,0.0
2015-10-20,2.020000,2.020000,2.020000,2.020000,2.020000,0,0.0
2015-10-21,2.020000,2.020000,2.020000,2.020000,2.020000,0,0.0
2015-10-22,2.020000,2.020000,2.020000,2.020000,2.020000,0,0.0
2015-10-23,2.020000,2.020000,2.020000,2.020000,2.020000,0,0.0
2015-10-26,2.020000,2.020000,2.020000,2.020000,2.020000,0,0.0
2015-10-27,2.020000,2.020000,2.020000,2.020000,2.020000,0,0.0
2015-10-28,2.020000,2.020000,2.020000,2.020000,2.020000,0,0.0
2015-10-29,2.020000,2.020000,2.020000,2.020000,2.020000,0,0.0
2015-10-30,1.870000,1.870000,1.870000,1.870000,1.870000,100,0.0
2015-11-02,1.870000,1.870000,1.870000,1.870000,1.870000,0,0.0
2015-11-03,1.870000,1.870000,1.870000,1.870000,1.870000,0,0.0
2015-11-04,1.870000,1.870000,1.870000,1.870000,1.870000,0,0.0
2015-11-05,1.870000,1.870000,1.870000,1.870000,1.870000,0,0.0
2015-11-06,1.870000,1.870000,1.870000,1.870000,1.870000,0,0.0
2015-11-09,1.870000,1.870000,1.870000,1.870000,1.870000,0,0.0
2015-11-10,1.870000,1.870000,1.870000,1.870000,1.870000,0,0.0
2015-11-11,1.580000,1.580000,1.580000,1.580000,1.580000,200,0.0
2015-11-12,1.800000,1.800000,1.800000,1.800000,1.800000,1000,0.0
2015-11-13,1.800000,1.800000,1.800000,1.800000,1.800000,0,0.0
2015-11-16,1.800000,1.800000,1.800000,1.800000,1.800000,0,0.0
2015-11-17,1.800000,1.800000,1.800000,1.800000,1.800000,0,0.0
2015-11-18,1.800000,1.800000,1.800000,1.800000,1.800000,0,0.0
2015-11-19,1.800000,1.800000,1.800000,1.800000,1.800000,0,0.0
2015-11-20,1.800000,1.800000,1.800000,1.800000,1.800000,0,0.0
2015-11-23,1.800000,1.800000,1.800000,1.800000,1.800000,0,0.0
2015-11-24,1.800000,1.800000,1.800000,1.800000,1.800000,0,0.0
2015-11-25,1.800000,1.800000,1.800000,1.800000,1.800000,0,0.0
2015-11-27,1.800000,1.800000,1.800000,1.800000,1.800000,0,0.0
2015-11-30,1.800000,1.800000,1.800000,1.800000,1.800000,0,0.0
2015-12-01,1.700000,1.700000,1.700000,1.700000,1.700000,300,0.0
2015-12-02,1.700000,1.700000,1.700000,1.700000,1.700000,0,0.0
2015-12-03,1.700000,1.700000,1.700000,1.700000,1.700000,0,0.0
2015-12-04,1.700000,1.700000,1.700000,1.700000,1.700000,0,0.0
2015-12-07,1.700000,1.700000,1.700000,1.700000,1.700000,0,0.0
2015-12-08,1.700000,1.700000,1.700000,1.700000,1.700000,0,0.0
2015-12-09,1.700000,1.700000,1.700000,1.700000,1.700000,0,0.0
2015-12-10,1.700000,1.700000,1.700000,1.700000,1.700000,0,0.0
2015-12-11,1.700000,1.700000,1.700000,1.700000,1.700000,0,0.0
2015-12-14,1.700000,1.700000,1.700000,1.700000,1.700000,0,0.0
2015-12-15,1.540000,1.540000,1.540000,1.540000,1.540000,5100,0.0
2015-12-16,1.540000,1.540000,1.540000,1.540000,1.540000,0,0.0
2015-12-17,1.540000,1.540000,1.540000,1.540000,1.540000,0,0.0
2015-12-18,1.540000,1.540000,1.540000,1.540000,1.540000,0,0.0
2015-12-21,1.690000,1.690000,1.690000,1.690000,1.690000,1500,0.0
2015-12-22,1.690000,1.690000,1.690000,1.690000,1.690000,0,0.0
2015-12-23,1.690000,1.690000,1.690000,1.690000,1.690000,0,0.0
2015-12-24,1.690000,1.690000,1.690000,1.690000,1.690000,0,0.0
2015-12-28,1.550000,1.550000,1.550000,1.550000,1.550000,1200,0.0
2015-12-29,1.750000,1.750000,1.750000,1.750000,1.750000,6200,0.0
2015-12-30,1.750000,1.750000,1.750000,1.750000,1.750000,0,0.0
2015-12-31,1.750000,1.750000,1.750000,1.750000,1.750000,0,0.0
2016-01-04,1.750000,1.750000,1.750000,1.750000,1.750000,0,0.0
2016-01-05,1.750000,1.750000,1.750000,1.750000,1.750000,0,0.0
2016-01-06,1.750000,1.750000,1.750000,1.750000,1.750000,0,0.0
2016-01-07,1.950000,1.950000,1.950000,1.950000,1.950000,200,0.0
2016-01-08,1.950000,1.950000,1.950000,1.950000,1.950000,0,0.0
2016-01-11,1.950000,1.950000,1.950000,1.950000,1.950000,0,0.0
2016-01-12,1.640000,1.640000,1.640000,1.640000,1.640000,1000,0.0
2016-01-13,1.640000,1.640000,1.640000,1.640000,1.640000,0,0.0
2016-01-14,1.640000,1.640000,1.640000,1.640000,1.640000,0,0.0
2016-01-15,1.560000,1.560000,1.560000,1.560000,1.560000,200,0.0
2016-01-19,1.560000,1.560000,1.560000,1.560000,1.560000,0,0.0
2016-01-20,1.560000,1.560000,1.560000,1.560000,1.560000,0,0.0
2016-01-21,1.560000,1.560000,1.560000,1.560000,1.560000,0,0.0
2016-01-22,1.560000,1.560000,1.560000,1.560000,1.560000,0,0.0
2016-01-25,1.560000,1.560000,1.560000,1.560000,1.560000,0,0.0
2016-01-26,1.560000,1.560000,1.560000,1.560000,1.560000,0,0.0
2016-01-27,1.560000,1.560000,1.560000,1.560000,1.560000,0,0.0
2016-01-28,1.560000,1.560000,1.560000,1.560000,1.560000,0,0.0
2016-01-29,1.560000,1.560000,1.560000,1.560000,1.560000,0,0.0
2016-02-01,1.560000,1.560000,1.560000,1.560000,1.560000,0,0.0
2016-02-02,1.560000,1.560000,1.560000,1.560000,1.560000,0,0.0
2016-02-03,1.560000,1.560000,1.560000,1.560000,1.560000,0,0.0
2016-02-04,1.560000,1.560000,1.560000,1.560000,1.560000,0,0.0
2016-02-05,1.560000,1.560000,1.560000,1.560000,1.560000,0,0.0
2016-02-08,1.560000,1.560000,1.560000,1.560000,1.560000,0,0.0
2016-02-09,1.560000,1.560000,1.560000,1.560000,1.560000,0,0.0
2016-02-10,1.560000,1.560000,1.560000,1.560000,1.560000,0,0.0
2016-02-11,1.560000,1.560000,1.560000,1.560000,1.560000,0,0.0
2016-02-12,1.820000,1.820000,1.820000,1.820000,1.820000,1500,0.0
2016-02-16,1.820000,1.820000,1.820000,1.820000,1.820000,0,0.0
2016-02-17,1.820000,1.820000,1.820000,1.820000,1.820000,0,0.0
2016-02-18,1.820000,1.820000,1.820000,1.820000,1.820000,0,0.0
2016-02-19,1.820000,1.820000,1.820000,1.820000,1.820000,0,0.0
2016-02-22,1.820000,1.820000,1.820000,1.820000,1.820000,0,0.0
2016-02-23,1.820000,1.820000,1.820000,1.820000,1.820000,0,0.0
2016-02-24,1.820000,1.820000,1.820000,1.820000,1.820000,0,0.0
2016-02-25,1.820000,1.820000,1.820000,1.820000,1.820000,0,0.0
2016-02-26,1.820000,1.820000,1.820000,1.820000,1.820000,0,0.0
2016-02-29,1.820000,1.820000,1.820000,1.820000,1.820000,0,0.0
2016-03-01,1.820000,1.820000,1.820000,1.820000,1.820000,0,0.0
2016-03-02,1.820000,1.820000,1.820000,1.820000,1.820000,0,0.0
2016-03-03,1.820000,1.820000,1.820000,1.820000,1.820000,0,0.0
2016-03-04,1.820000,1.820000,1.820000,1.820000,1.820000,0,0.0
2016-03-07,1.820000,1.820000,1.820000,1.820000,1.820000,0,0.0
2016-03-08,1.820000,1.820000,1.820000,1.820000,1.820000,0,0.0
2016-03-09,1.820000,1.820000,1.820000,1.820000,1.820000,0,0.0
2016-03-10,1.820000,1.820000,1.820000,1.820000,1.820000,0,0.0
2016-03-11,1.820000,1.820000,1.820000,1.820000,1.820000,0,0.0
2016-03-14,1.820000,1.820000,1.820000,1.820000,1.820000,0,0.0
2016-03-15,1.820000,1.820000,1.820000,1.820000,1.820000,0,0.0
2016-03-16,1.860000,1.860000,1.860000,1.860000,1.860000,2400,0.0
2016-03-17,1.860000,1.860000,1.860000,1.860000,1.860000,0,0.0
2016-03-18,1.860000,1.860000,1.860000,1.860000,1.860000,0,0.0
2016-03-21,1.860000,1.860000,1.860000,1.860000,1.860000,0,0.0
2016-03-22,1.860000,1.860000,1.860000,1.860000,1.860000,0,0.0
2016-03-23,1.860000,1.860000,1.860000,1.860000,1.860000,0,0.0
2016-03-24,1.860000,1.860000,1.860000,1.860000,1.860000,0,0.0
2016-03-28,1.860000,1.860000,1.860000,1.860000,1.860000,0,0.0
2016-03-29,1.860000,1.860000,1.860000,1.860000,1.860000,0,0.0
2016-03-30,1.860000,1.860000,1.860000,1.860000,1.860000,0,0.0
2016-03-31,1.860000,1.860000,1.860000,1.860000,1.860000,0,0.0
2016-04-01,1.860000,1.860000,1.860000,1.860000,1.860000,0,0.0
2016-04-04,1.860000,1.860000,1.860000,1.860000,1.860000,0,0.0
2016-04-05,1.860000,1.860000,1.860000,1.860000,1.860000,0,0.0
2016-04-06,1.860000,1.860000,1.860000,1.860000,1.860000,0,0.0
2016-04-07,1.860000,1.860000,1.860000,1.860000,1.860000,0,0.0
2016-04-08,1.860000,1.860000,1.860000,1.860000,1.860000,0,0.0
2016-04-11,1.860000,1.860000,1.860000,1.860000,1.860000,0,0.0
2016-04-12,1.770000,1.770000,1.770000,1.770000,1.770000,600,0.0
2016-04-13,1.770000,1.770000,1.770000,1.770000,1.770000,0,0.0
2016-04-14,1.770000,1.770000,1.770000,1.770000,1.770000,0,0.0
2016-04-15,1.770000,1.770000,1.770000,1.770000,1.770000,0,0.0
2016-04-18,1.900000,1.900000,1.900000,1.900000,1.900000,200,0.0
2016-04-19,1.900000,1.900000,1.900000,1.900000,1.900000,0,0.0
2016-04-20,1.900000,1.900000,1.900000,1.900000,1.900000,0,0.0
2016-04-21,1.920000,2.130000,1.920000,2.130000,2.130000,2000,0.10937499999999999
2016-04-22,2.130000,2.130000,2.130000,2.130000,2.130000,0,0.0
2016-04-25,2.130000,2.130000,2.130000,2.130000,2.130000,0,0.0
2016-04-26,2.130000,2.130000,2.130000,2.130000,2.130000,0,0.0
2016-04-27,2.130000,2.130000,2.130000,2.130000,2.130000,0,0.0
2016-04-28,2.130000,2.130000,2.130000,2.130000,2.130000,0,0.0
2016-04-29,2.010000,2.010000,2.010000,2.010000,2.010000,100,0.0
2016-05-02,2.010000,2.010000,2.010000,2.010000,2.010000,0,0.0
2016-05-03,2.010000,2.010000,2.010000,2.010000,2.010000,0,0.0
2016-05-04,2.010000,2.010000,2.010000,2.010000,2.010000,0,0.0
2016-05-05,2.010000,2.010000,2.010000,2.010000,2.010000,0,0.0
2016-05-06,2.010000,2.010000,2.010000,2.010000,2.010000,0,0.0
2016-05-09,2.010000,2.010000,2.010000,2.010000,2.010000,0,0.0
2016-05-10,2.010000,2.010000,2.010000,2.010000,2.010000,0,0.0
2016-05-11,2.010000,2.010000,2.010000,2.010000,2.010000,8500,0.0
2016-05-12,2.010000,2.010000,2.010000,2.010000,2.010000,0,0.0
2016-05-13,2.010000,2.010000,2.010000,2.010000,2.010000,0,0.0
2016-05-16,2.010000,2.010000,2.010000,2.010000,2.010000,0,0.0
2016-05-17,2.010000,2.010000,2.010000,2.010000,2.010000,0,0.0
2016-05-18,2.010000,2.010000,2.010000,2.010000,2.010000,0,0.0
2016-05-19,2.010000,2.010000,2.010000,2.010000,2.010000,0,0.0
2016-05-20,2.010000,2.010000,2.010000,2.010000,2.010000,0,0.0
2016-05-23,2.010000,2.010000,2.010000,2.010000,2.010000,0,0.0
2016-05-24,2.010000,2.010000,2.010000,2.010000,2.010000,0,0.0
2016-05-25,2.010000,2.010000,2.010000,2.010000,2.010000,0,0.0
2016-05-26,2.010000,2.010000,2.010000,2.010000,2.010000,0,0.0
2016-05-27,2.010000,2.010000,2.010000,2.010000,2.010000,0,0.0
2016-05-31,2.010000,2.010000,2.010000,2.010000,2.010000,0,0.0
2016-06-01,2.010000,2.010000,2.010000,2.010000,2.010000,0,0.0
2016-06-02,2.010000,2.010000,2.010000,2.010000,2.010000,0,0.0
2016-06-03,2.010000,2.010000,2.010000,2.010000,2.010000,0,0.0
2016-06-06,1.650000,1.650000,1.650000,1.650000,1.650000,100,0.0
2016-06-07,1.650000,1.650000,1.650000,1.650000,1.650000,0,0.0
2016-06-08,1.650000,1.650000,1.650000,1.650000,1.650000,0,0.0
2016-06-09,1.650000,1.650000,1.650000,1.650000,1.650000,0,0.0
2016-06-10,1.650000,1.650000,1.650000,1.650000,1.650000,0,0.0
2016-06-13,1.650000,1.650000,1.650000,1.650000,1.650000,0,0.0
2016-06-14,1.650000,1.650000,1.650000,1.650000,1.650000,0,0.0
2016-06-15,1.650000,1.650000,1.650000,1.650000,1.650000,0,0.0
2016-06-16,1.650000,1.650000,1.650000,1.650000,1.650000,0,0.0
2016-06-17,1.650000,1.650000,1.650000,1.650000,1.650000,0,0.0
2016-06-20,1.650000,1.650000,1.650000,1.650000,1.650000,0,0.0
2016-06-21,1.650000,1.650000,1.650000,1.650000,1.650000,0,0.0
2016-06-22,1.650000,1.650000,1.650000,1.650000,1.650000,0,0.0
2016-06-23,1.650000,1.650000,1.650000,1.650000,1.650000,0,0.0
2016-06-24,1.650000,1.650000,1.650000,1.650000,1.650000,0,0.0
2016-06-27,1.650000,1.650000,1.650000,1.650000,1.650000,0,0.0
2016-06-28,1.650000,1.650000,1.650000,1.650000,1.650000,0,0.0
2016-06-29,1.650000,1.650000,1.650000,1.650000,1.650000,0,0.0
2016-06-30,1.650000,1.650000,1.650000,1.650000,1.650000,0,0.0
2016-07-01,1.650000,1.650000,1.650000,1.650000,1.650000,0,0.0
2016-07-05,1.650000,1.650000,1.650000,1.650000,1.650000,200,0.0
2016-07-06,1.650000,1.650000,1.650000,1.650000,1.650000,0,0.0
2016-07-07,1.650000,1.650000,1.650000,1.650000,1.650000,0,0.0
2016-07-08,1.650000,1.650000,1.650000,1.650000,1.650000,0,0.0
2016-07-11,1.650000,1.650000,1.650000,1.650000,1.650000,0,0.0
2016-07-12,1.650000,1.650000,1.650000,1.650000,1.650000,0,0.0
2016-07-13,1.650000,1.650000,1.650000,1.650000,1.650000,0,0.0
2016-07-14,1.650000,1.650000,1.650000,1.650000,1.650000,0,0.0
2016-07-15,1.650000,1.650000,1.650000,1.650000,1.650000,0,0.0
2016-07-18,1.650000,1.650000,1.650000,1.650000,1.650000,0,0.0
2016-07-19,1.650000,1.650000,1.650000,1.650000,1.650000,0,0.0
2016-07-20,1.650000,1.650000,1.650000,1.650000,1.650000,0,0.0
2016-07-21,1.650000,1.650000,1.650000,1.650000,1.650000,0,0.0
2016-07-22,1.650000,1.650000,1.650000,1.650000,1.650000,0,0.0
2016-07-25,1.650000,1.650000,1.650000,1.650000,1.650000,0,0.0
2016-07-26,1.650000,1.650000,1.650000,1.650000,1.650000,0,0.0
2016-07-27,1.650000,1.650000,1.650000,1.650000,1.650000,0,0.0
2016-07-28,1.650000,1.650000,1.650000,1.650000,1.650000,0,0.0
2016-07-29,1.650000,1.650000,1.650000,1.650000,1.650000,0,0.0
2016-08-01,1.650000,1.650000,1.650000,1.650000,1.650000,0,0.0
2016-08-02,1.650000,1.650000,1.650000,1.650000,1.650000,0,0.0
2016-08-03,1.650000,1.650000,1.650000,1.650000,1.650000,0,0.0
2016-08-04,1.650000,1.650000,1.650000,1.650000,1.650000,0,0.0
2016-08-05,1.650000,1.650000,1.650000,1.650000,1.650000,0,0.0
2016-08-08,1.650000,1.650000,1.650000,1.650000,1.650000,0,0.0
2016-08-09,1.650000,1.650000,1.650000,1.650000,1.650000,0,0.0
2016-08-10,1.650000,1.650000,1.650000,1.650000,1.650000,0,0.0
2016-08-11,1.650000,1.650000,1.650000,1.650000,1.650000,0,0.0
2016-08-12,1.650000,1.650000,1.650000,1.650000,1.650000,0,0.0
2016-08-15,1.650000,1.650000,1.650000,1.650000,1.650000,0,0.0
2016-08-16,1.650000,1.650000,1.650000,1.650000,1.650000,0,0.0
2016-08-17,1.650000,1.650000,1.650000,1.650000,1.650000,0,0.0
2016-08-18,1.650000,1.650000,1.650000,1.650000,1.650000,0,0.0
2016-08-19,1.750000,1.750000,1.750000,1.750000,1.750000,5600,0.0
2016-08-22,1.750000,1.750000,1.750000,1.750000,1.750000,0,0.0
2016-08-23,1.850000,1.850000,1.850000,1.850000,1.850000,500,0.0
2016-08-24,1.850000,1.850000,1.850000,1.850000,1.850000,0,0.0
2016-08-25,1.850000,1.850000,1.850000,1.850000,1.850000,0,0.0
2016-08-26,1.850000,1.850000,1.850000,1.850000,1.850000,0,0.0
2016-08-29,1.850000,1.850000,1.850000,1.850000,1.850000,0,0.0
2016-08-30,1.850000,1.850000,1.850000,1.850000,1.850000,0,0.0
2016-08-31,1.850000,1.850000,1.850000,1.850000,1.850000,0,0.0
2016-09-01,1.850000,1.850000,1.850000,1.850000,1.850000,0,0.0
2016-09-02,1.850000,1.850000,1.850000,1.850000,1.850000,0,0.0
2016-09-06,1.850000,1.850000,1.850000,1.850000,1.850000,0,0.0
2016-09-07,1.850000,1.850000,1.850000,1.850000,1.850000,0,0.0
2016-09-08,1.850000,1.850000,1.850000,1.850000,1.850000,0,0.0
2016-09-09,1.850000,1.850000,1.850000,1.850000,1.850000,0,0.0
2016-09-12,1.850000,1.850000,1.850000,1.850000,1.850000,0,0.0
2016-09-13,1.850000,1.850000,1.850000,1.850000,1.850000,0,0.0
2016-09-14,1.850000,1.850000,1.850000,1.850000,1.850000,500,0.0
2016-09-15,1.850000,1.850000,1.850000,1.850000,1.850000,0,0.0
2016-09-16,1.850000,1.850000,1.850000,1.850000,1.850000,0,0.0
2016-09-19,1.850000,1.850000,1.850000,1.850000,1.850000,0,0.0
2016-09-20,1.850000,1.850000,1.850000,1.850000,1.850000,0,0.0
2016-09-21,1.850000,1.850000,1.850000,1.850000,1.850000,0,0.0
2016-09-22,1.850000,1.850000,1.850000,1.850000,1.850000,0,0.0
2016-09-23,1.850000,1.850000,1.850000,1.850000,1.850000,0,0.0
2016-09-26,1.850000,1.850000,1.850000,1.850000,1.850000,0,0.0
2016-09-27,1.850000,1.850000,1.850000,1.850000,1.850000,0,0.0
2016-09-28,1.850000,1.850000,1.850000,1.850000,1.850000,0,0.0
2016-09-29,1.850000,1.850000,1.850000,1.850000,1.850000,0,0.0
2016-09-30,1.850000,1.850000,1.850000,1.850000,1.850000,0,0.0
2016-10-03,1.850000,1.850000,1.850000,1.850000,1.850000,0,0.0
2016-10-04,1.630000,1.630000,1.630000,1.630000,1.630000,700,0.0
2016-10-05,1.650000,1.650000,1.650000,1.650000,1.650000,100,0.0
2016-10-06,1.650000,1.650000,1.650000,1.650000,1.650000,0,0.0
2016-10-07,1.650000,1.650000,1.650000,1.650000,1.650000,0,0.0
2016-10-10,1.650000,1.650000,1.650000,1.650000,1.650000,0,0.0
2016-10-11,1.650000,1.650000,1.650000,1.650000,1.650000,0,0.0
2016-10-12,1.830000,1.830000,1.830000,1.830000,1.830000,17900,0.0
2016-10-13,1.830000,1.830000,1.830000,1.830000,1.830000,0,0.0
2016-10-14,1.830000,1.830000,1.830000,1.830000,1.830000,0,0.0
2016-10-17,1.830000,1.830000,1.830000,1.830000,1.830000,0,0.0
2016-10-18,1.830000,1.830000,1.830000,1.830000,1.830000,0,0.0
2016-10-19,1.830000,1.830000,1.830000,1.830000,1.830000,0,0.0
2016-10-20,1.830000,1.830000,1.830000,1.830000,1.830000,0,0.0
2016-10-21,1.830000,1.830000,1.830000,1.830000,1.830000,0,0.0
2016-10-24,1.830000,1.830000,1.830000,1.830000,1.830000,0,0.0
2016-10-25,1.830000,1.830000,1.830000,1.830000,1.830000,0,0.0
2016-10-26,1.830000,1.830000,1.830000,1.830000,1.830000,0,0.0
2016-10-27,1.830000,1.830000,1.830000,1.830000,1.830000,0,0.0
2016-10-28,1.830000,1.830000,1.830000,1.830000,1.830000,0,0.0
2016-10-31,1.900000,1.900000,1.900000,1.900000,1.900000,500,0.0
2016-11-01,1.900000,1.900000,1.900000,1.900000,1.900000,0,0.0
2016-11-02,1.900000,1.900000,1.900000,1.900000,1.900000,0,0.0
2016-11-03,1.900000,1.900000,1.900000,1.900000,1.900000,0,0.0
2016-11-04,1.900000,1.900000,1.900000,1.900000,1.900000,0,0.0
2016-11-07,1.900000,1.900000,1.900000,1.900000,1.900000,0,0.0
2016-11-08,1.900000,1.900000,1.900000,1.900000,1.900000,0,0.0
2016-11-09,1.900000,1.900000,1.900000,1.900000,1.900000,0,0.0
2016-11-10,1.900000,1.900000,1.900000,1.900000,1.900000,0,0.0
2016-11-11,1.900000,1.900000,1.900000,1.900000,1.900000,0,0.0
2016-11-14,1.770000,1.770000,1.770000,1.770000,1.770000,25000,0.0
2016-11-15,1.770000,1.770000,1.770000,1.770000,1.770000,0,0.0
2016-11-16,1.770000,1.770000,1.770000,1.770000,1.770000,0,0.0
2016-11-17,1.770000,1.770000,1.770000,1.770000,1.770000,0,0.0
2016-11-18,1.770000,1.770000,1.770000,1.770000,1.770000,0,0.0
2016-11-21,1.770000,1.770000,1.770000,1.770000,1.770000,0,0.0
2016-11-22,1.770000,1.770000,1.770000,1.770000,1.770000,0,0.0
2016-11-23,1.770000,1.770000,1.770000,1.770000,1.770000,0,0.0
2016-11-25,1.770000,1.770000,1.770000,1.770000,1.770000,0,0.0
2016-11-28,1.770000,1.770000,1.770000,1.770000,1.770000,0,0.0
2016-11-29,1.770000,1.770000,1.770000,1.770000,1.770000,0,0.0
2016-11-30,1.650000,1.650000,1.650000,1.650000,1.650000,200,0.0
2016-12-01,1.650000,1.650000,1.650000,1.650000,1.650000,0,0.0
2016-12-02,1.650000,1.650000,1.650000,1.650000,1.650000,0,0.0
2016-12-05,1.650000,1.650000,1.650000,1.650000,1.650000,0,0.0
2016-12-06,1.650000,1.650000,1.650000,1.650000,1.650000,0,0.0
2016-12-07,1.650000,1.650000,1.650000,1.650000,1.650000,0,0.0
2016-12-08,1.650000,1.650000,1.650000,1.650000,1.650000,0,0.0
2016-12-09,1.650000,1.650000,1.650000,1.650000,1.650000,0,0.0
2016-12-12,1.650000,1.650000,1.650000,1.650000,1.650000,0,0.0
2016-12-13,1.650000,1.650000,1.650000,1.650000,1.650000,0,0.0
2016-12-14,1.650000,1.650000,1.650000,1.650000,1.650000,0,0.0
2016-12-15,1.650000,1.650000,1.650000,1.650000,1.650000,0,0.0
2016-12-16,1.650000,1.650000,1.650000,1.650000,1.650000,0,0.0
2016-12-19,1.650000,1.650000,1.650000,1.650000,1.650000,0,0.0
2016-12-20,1.650000,1.650000,1.650000,1.650000,1.650000,0,0.0
2016-12-21,1.650000,1.650000,1.650000,1.650000,1.650000,0,0.0
2016-12-22,1.650000,1.650000,1.650000,1.650000,1.650000,0,0.0
2016-12-23,1.650000,1.650000,1.650000,1.650000,1.650000,0,0.0
2016-12-27,1.650000,1.650000,1.650000,1.650000,1.650000,0,0.0
2016-12-28,1.650000,1.650000,1.650000,1.650000,1.650000,0,0.0
2016-12-29,1.650000,1.650000,1.650000,1.650000,1.650000,0,0.0
2016-12-30,1.650000,1.650000,1.650000,1.650000,1.650000,0,0.0
2017-01-03,1.650000,1.650000,1.650000,1.650000,1.650000,0,0.0
2017-01-04,1.650000,1.650000,1.650000,1.650000,1.650000,0,0.0
2017-01-05,1.650000,1.650000,1.650000,1.650000,1.650000,0,0.0
2017-01-06,1.650000,1.650000,1.650000,1.650000,1.650000,0,0.0
2017-01-09,1.650000,1.650000,1.650000,1.650000,1.650000,0,0.0
2017-01-10,1.650000,1.650000,1.650000,1.650000,1.650000,0,0.0
2017-01-11,1.650000,1.650000,1.650000,1.650000,1.650000,0,0.0
2017-01-12,1.700000,1.700000,1.700000,1.700000,1.700000,1000,0.0
2017-01-13,1.700000,1.700000,1.700000,1.700000,1.700000,0,0.0
2017-01-17,1.700000,1.700000,1.700000,1.700000,1.700000,0,0.0
2017-01-18,1.700000,1.700000,1.700000,1.700000,1.700000,0,0.0
2017-01-19,1.700000,1.700000,1.700000,1.700000,1.700000,0,0.0
2017-01-20,1.700000,1.700000,1.700000,1.700000,1.700000,0,0.0
2017-01-23,1.700000,1.700000,1.700000,1.700000,1.700000,0,0.0
2017-01-24,1.700000,1.700000,1.700000,1.700000,1.700000,0,0.0
2017-01-25,1.700000,1.700000,1.700000,1.700000,1.700000,0,0.0
2017-01-26,1.700000,1.700000,1.700000,1.700000,1.700000,0,0.0
2017-01-27,1.700000,1.700000,1.700000,1.700000,1.700000,0,0.0
2017-01-30,1.700000,1.700000,1.700000,1.700000,1.700000,0,0.0
2017-01-31,1.700000,1.700000,1.700000,1.700000,1.700000,0,0.0
2017-02-01,1.970000,1.970000,1.970000,1.970000,1.970000,500,0.0
2017-02-02,1.970000,1.970000,1.970000,1.970000,1.970000,0,0.0
2017-02-03,1.970000,1.970000,1.970000,1.970000,1.970000,0,0.0
2017-02-06,1.970000,1.970000,1.970000,1.970000,1.970000,0,0.0
2017-02-07,1.970000,1.970000,1.970000,1.970000,1.970000,0,0.0
2017-02-08,1.970000,1.970000,1.970000,1.970000,1.970000,0,0.0
2017-02-09,1.970000,1.970000,1.970000,1.970000,1.970000,0,0.0
2017-02-10,1.970000,1.970000,1.970000,1.970000,1.970000,0,0.0
2017-02-13,1.970000,1.970000,1.970000,1.970000,1.970000,0,0.0
2017-02-14,1.970000,1.970000,1.970000,1.970000,1.970000,0,0.0
2017-02-15,1.970000,1.970000,1.970000,1.970000,1.970000,0,0.0
2017-02-16,1.970000,1.970000,1.970000,1.970000,1.970000,4500,0.0
2017-02-17,1.970000,1.970000,1.970000,1.970000,1.970000,0,0.0
2017-02-21,1.970000,1.970000,1.970000,1.970000,1.970000,0,0.0
2017-02-22,1.970000,1.970000,1.970000,1.970000,1.970000,0,0.0
2017-02-23,1.970000,1.970000,1.970000,1.970000,1.970000,0,0.0
2017-02-24,1.970000,1.970000,1.970000,1.970000,1.970000,0,0.0
2017-02-27,1.970000,1.970000,1.970000,1.970000,1.970000,0,0.0
2017-02-28,1.970000,1.970000,1.970000,1.970000,1.970000,0,0.0
2017-03-01,1.970000,1.970000,1.970000,1.970000,1.970000,0,0.0
2017-03-02,1.970000,1.970000,1.970000,1.970000,1.970000,0,0.0
2017-03-03,1.970000,1.970000,1.970000,1.970000,1.970000,0,0.0
2017-03-06,1.970000,1.970000,1.970000,1.970000,1.970000,0,0.0
2017-03-07,1.970000,1.970000,1.970000,1.970000,1.970000,0,0.0
2017-03-08,1.970000,1.970000,1.970000,1.970000,1.970000,0,0.0
2017-03-09,1.970000,1.970000,1.970000,1.970000,1.970000,0,0.0
2017-03-10,1.970000,1.970000,1.970000,1.970000,1.970000,0,0.0
2017-03-13,2.000000,2.000000,2.000000,2.000000,2.000000,1000,0.0
2017-03-14,1.750000,1.750000,1.750000,1.750000,1.750000,1200,0.0
2017-03-15,1.750000,1.750000,1.750000,1.750000,1.750000,0,0.0
2017-03-16,1.750000,1.750000,1.750000,1.750000,1.750000,0,0.0
2017-03-17,1.750000,1.750000,1.750000,1.750000,1.750000,0,0.0
2017-03-20,1.750000,1.750000,1.750000,1.750000,1.750000,0,0.0
2017-03-21,1.750000,1.750000,1.750000,1.750000,1.750000,0,0.0
2017-03-22,1.750000,1.750000,1.750000,1.750000,1.750000,0,0.0
2017-03-23,1.750000,1.750000,1.750000,1.750000,1.750000,0,0.0
2017-03-24,1.750000,1.750000,1.750000,1.750000,1.750000,0,0.0
2017-03-27,1.750000,1.750000,1.750000,1.750000,1.750000,0,0.0
2017-03-28,1.750000,1.750000,1.750000,1.750000,1.750000,0,0.0
2017-03-29,1.750000,1.750000,1.750000,1.750000,1.750000,0,0.0
2017-03-30,1.750000,1.750000,1.750000,1.750000,1.750000,0,0.0
2017-03-31,1.750000,1.750000,1.750000,1.750000,1.750000,0,0.0
2017-04-03,1.750000,1.750000,1.750000,1.750000,1.750000,0,0.0
2017-04-04,1.750000,1.750000,1.750000,1.750000,1.750000,0,0.0
2017-04-05,1.750000,1.750000,1.750000,1.750000,1.750000,0,0.0
2017-04-06,1.750000,1.750000,1.750000,1.750000,1.750000,0,0.0
2017-04-07,1.750000,1.750000,1.750000,1.750000,1.750000,0,0.0
2017-04-10,1.750000,1.750000,1.750000,1.750000,1.750000,0,0.0
2017-04-11,1.750000,1.750000,1.750000,1.750000,1.750000,0,0.0
2017-04-12,1.750000,1.750000,1.750000,1.750000,1.750000,0,0.0
2017-04-13,1.750000,1.750000,1.750000,1.750000,1.750000,0,0.0
2017-04-17,1.750000,1.750000,1.750000,1.750000,1.750000,0,0.0
2017-04-18,1.750000,1.750000,1.750000,1.750000,1.750000,0,0.0
2017-04-19,1.750000,1.750000,1.750000,1.750000,1.750000,0,0.0
2017-04-20,1.750000,1.750000,1.750000,1.750000,1.750000,0,0.0
2017-04-21,1.750000,1.750000,1.750000,1.750000,1.750000,0,0.0
2017-04-24,1.750000,1.750000,1.750000,1.750000,1.750000,0,0.0
2017-04-25,1.750000,1.750000,1.750000,1.750000,1.750000,0,0.0
2017-04-26,1.750000,1.750000,1.750000,1.750000,1.750000,0,0.0
2017-04-27,1.750000,1.750000,1.750000,1.750000,1.750000,0,0.0
2017-04-28,1.860000,1.860000,1.860000,1.860000,1.860000,600,0.0
2017-05-01,2.000000,2.000000,2.000000,2.000000,2.000000,300,0.0
2017-05-02,2.000000,2.000000,2.000000,2.000000,2.000000,0,0.0
2017-05-03,2.000000,2.000000,2.000000,2.000000,2.000000,0,0.0
2017-05-04,2.000000,2.000000,2.000000,2.000000,2.000000,0,0.0
2017-05-05,2.000000,2.000000,2.000000,2.000000,2.000000,0,0.0
2017-05-08,2.000000,2.000000,2.000000,2.000000,2.000000,0,0.0
2017-05-09,2.000000,2.000000,2.000000,2.000000,2.000000,0,0.0
2017-05-10,2.000000,2.000000,2.000000,2.000000,2.000000,0,0.0
2017-05-11,2.000000,2.000000,2.000000,2.000000,2.000000,0,0.0
2017-05-12,2.000000,2.000000,2.000000,2.000000,2.000000,0,0.0
2017-05-15,2.000000,2.000000,2.000000,2.000000,2.000000,0,0.0
2017-05-16,2.000000,2.000000,2.000000,2.000000,2.000000,0,0.0
2017-05-17,2.000000,2.000000,2.000000,2.000000,2.000000,0,0.0
2017-05-18,2.000000,2.000000,2.000000,2.000000,2.000000,0,0.0
2017-05-19,2.000000,2.000000,2.000000,2.000000,2.000000,0,0.0
2017-05-22,2.000000,2.000000,2.000000,2.000000,2.000000,0,0.0
2017-05-23,2.000000,2.000000,2.000000,2.000000,2.000000,0,0.0
2017-05-24,2.000000,2.000000,2.000000,2.000000,2.000000,0,0.0
2017-05-25,2.000000,2.000000,2.000000,2.000000,2.000000,0,0.0
2017-05-26,2.000000,2.000000,2.000000,2.000000,2.000000,0,0.0
2017-05-30,2.000000,2.000000,2.000000,2.000000,2.000000,0,0.0
2017-05-31,2.000000,2.000000,2.000000,2.000000,2.000000,0,0.0
2017-06-01,2.000000,2.000000,2.000000,2.000000,2.000000,0,0.0
2017-06-02,2.000000,2.000000,2.000000,2.000000,2.000000,0,0.0
2017-06-05,2.000000,2.000000,2.000000,2.000000,2.000000,0,0.0
2017-06-06,2.000000,2.000000,2.000000,2.000000,2.000000,0,0.0
2017-06-07,2.000000,2.000000,2.000000,2.000000,2.000000,0,0.0
2017-06-08,2.000000,2.000000,2.000000,2.000000,2.000000,0,0.0
2017-06-09,2.000000,2.000000,2.000000,2.000000,2.000000,0,0.0
2017-06-12,2.000000,2.000000,2.000000,2.000000,2.000000,0,0.0
2017-06-13,2.000000,2.000000,2.000000,2.000000,2.000000,0,0.0
2017-06-14,2.000000,2.000000,2.000000,2.000000,2.000000,0,0.0
2017-06-15,2.000000,2.000000,2.000000,2.000000,2.000000,0,0.0
2017-06-16,2.000000,2.000000,2.000000,2.000000,2.000000,0,0.0
2017-06-19,2.000000,2.000000,2.000000,2.000000,2.000000,0,0.0
2017-06-20,2.000000,2.000000,2.000000,2.000000,2.000000,0,0.0
2017-06-21,2.000000,2.000000,2.000000,2.000000,2.000000,0,0.0
2017-06-22,2.000000,2.000000,2.000000,2.000000,2.000000,0,0.0
2017-06-23,2.000000,2.000000,2.000000,2.000000,2.000000,0,0.0
2017-06-26,2.000000,2.000000,2.000000,2.000000,2.000000,0,0.0
2017-06-27,2.000000,2.000000,2.000000,2.000000,2.000000,0,0.0
2017-06-28,2.000000,2.000000,2.000000,2.000000,2.000000,0,0.0
2017-06-29,2.000000,2.000000,2.000000,2.000000,2.000000,0,0.0
2017-06-30,2.000000,2.000000,2.000000,2.000000,2.000000,0,0.0
2017-07-03,2.000000,2.000000,2.000000,2.000000,2.000000,0,0.0
2017-07-05,2.000000,2.000000,2.000000,2.000000,2.000000,0,0.0
2017-07-06,2.000000,2.000000,2.000000,2.000000,2.000000,0,0.0
2017-07-07,2.000000,2.000000,2.000000,2.000000,2.000000,0,0.0
2017-07-10,2.000000,2.000000,2.000000,2.000000,2.000000,0,0.0
2017-07-11,2.000000,2.000000,2.000000,2.000000,2.000000,0,0.0
2017-07-12,2.000000,2.000000,2.000000,2.000000,2.000000,0,0.0
2017-07-13,2.000000,2.000000,2.000000,2.000000,2.000000,0,0.0
2017-07-14,2.000000,2.000000,2.000000,2.000000,2.000000,0,0.0
2017-07-17,2.000000,2.000000,2.000000,2.000000,2.000000,0,0.0
2017-07-18,2.000000,2.000000,2.000000,2.000000,2.000000,0,0.0
2017-07-19,2.000000,2.000000,2.000000,2.000000,2.000000,0,0.0
2017-07-20,2.000000,2.000000,2.000000,2.000000,2.000000,0,0.0
2017-07-21,2.000000,2.000000,2.000000,2.000000,2.000000,0,0.0
2017-07-24,2.000000,2.000000,2.000000,2.000000,2.000000,0,0.0
2017-07-25,2.000000,2.000000,2.000000,2.000000,2.000000,0,0.0
2017-07-26,2.000000,2.000000,2.000000,2.000000,2.000000,0,0.0
2017-07-27,2.000000,2.000000,2.000000,2.000000,2.000000,0,0.0
2017-07-28,2.000000,2.000000,2.000000,2.000000,2.000000,0,0.0
2017-07-31,2.000000,2.000000,2.000000,2.000000,2.000000,0,0.0
2017-08-01,2.000000,2.000000,2.000000,2.000000,2.000000,0,0.0
2017-08-02,2.000000,2.000000,2.000000,2.000000,2.000000,0,0.0
2017-08-03,2.000000,2.000000,2.000000,2.000000,2.000000,0,0.0
2017-08-04,2.000000,2.000000,2.000000,2.000000,2.000000,0,0.0
2017-08-07,2.000000,2.000000,2.000000,2.000000,2.000000,0,0.0
2017-08-08,2.000000,2.000000,2.000000,2.000000,2.000000,0,0.0
2017-08-09,2.000000,2.000000,2.000000,2.000000,2.000000,0,0.0
2017-08-10,2.000000,2.000000,2.000000,2.000000,2.000000,0,0.0
2017-08-11,2.150000,2.150000,2.000000,2.000000,2.000000,5900,-0.06976744186046507
2017-08-14,2.000000,2.000000,2.000000,2.000000,2.000000,0,0.0
2017-08-15,2.000000,2.000000,2.000000,2.000000,2.000000,0,0.0
2017-08-16,2.000000,2.000000,2.000000,2.000000,2.000000,0,0.0
2017-08-17,2.000000,2.000000,2.000000,2.000000,2.000000,0,0.0
2017-08-18,2.000000,2.000000,2.000000,2.000000,2.000000,0,0.0
2017-08-21,2.000000,2.000000,2.000000,2.000000,2.000000,0,0.0
2017-08-22,2.130000,2.130000,2.130000,2.130000,2.130000,1000,0.0
2017-08-23,2.130000,2.130000,2.130000,2.130000,2.130000,2300,0.0
2017-08-24,2.130000,2.130000,2.130000,2.130000,2.130000,0,0.0
2017-08-25,2.130000,2.130000,2.130000,2.130000,2.130000,0,0.0
2017-08-28,2.130000,2.130000,2.130000,2.130000,2.130000,0,0.0
2017-08-29,2.130000,2.130000,2.130000,2.130000,2.130000,0,0.0
2017-08-30,2.130000,2.130000,2.130000,2.130000,2.130000,0,0.0
2017-08-31,2.130000,2.130000,2.130000,2.130000,2.130000,0,0.0
2017-09-01,2.130000,2.130000,2.130000,2.130000,2.130000,0,0.0
2017-09-05,2.130000,2.130000,2.130000,2.130000,2.130000,0,0.0
2017-09-06,2.130000,2.130000,2.130000,2.130000,2.130000,0,0.0
2017-09-07,2.130000,2.130000,2.130000,2.130000,2.130000,0,0.0
2017-09-08,2.130000,2.130000,2.130000,2.130000,2.130000,0,0.0
2017-09-11,2.130000,2.130000,2.130000,2.130000,2.130000,0,0.0
2017-09-12,2.130000,2.130000,2.130000,2.130000,2.130000,0,0.0
2017-09-13,2.130000,2.130000,2.130000,2.130000,2.130000,0,0.0
2017-09-14,2.130000,2.130000,2.130000,2.130000,2.130000,0,0.0
2017-09-15,2.150000,2.150000,2.150000,2.150000,2.150000,100,0.0
2017-09-18,2.150000,2.150000,2.150000,2.150000,2.150000,0,0.0
2017-09-19,2.150000,2.150000,2.150000,2.150000,2.150000,0,0.0
2017-09-20,2.150000,2.150000,2.150000,2.150000,2.150000,0,0.0
2017-09-21,2.150000,2.150000,2.150000,2.150000,2.150000,100,0.0
2017-09-22,2.150000,2.150000,2.150000,2.150000,2.150000,0,0.0
2017-09-25,2.150000,2.150000,2.150000,2.150000,2.150000,0,0.0
2017-09-26,2.150000,2.150000,2.150000,2.150000,2.150000,0,0.0
2017-09-27,2.150000,2.150000,2.150000,2.150000,2.150000,0,0.0
2017-09-28,2.150000,2.150000,2.150000,2.150000,2.150000,0,0.0
2017-09-29,2.150000,2.150000,2.150000,2.150000,2.150000,0,0.0
2017-10-02,2.150000,2.150000,2.150000,2.150000,2.150000,0,0.0
2017-10-03,2.150000,2.150000,2.150000,2.150000,2.150000,0,0.0
2017-10-04,2.150000,2.150000,2.150000,2.150000,2.150000,5200,0.0
2017-10-05,2.150000,2.150000,2.150000,2.150000,2.150000,0,0.0
2017-10-06,2.150000,2.150000,2.150000,2.150000,2.150000,0,0.0
2017-10-09,2.150000,2.150000,2.150000,2.150000,2.150000,0,0.0
2017-10-10,2.150000,2.150000,2.150000,2.150000,2.150000,0,0.0
2017-10-11,2.150000,2.150000,2.150000,2.150000,2.150000,0,0.0
2017-10-12,2.150000,2.150000,2.150000,2.150000,2.150000,0,0.0
2017-10-13,2.150000,2.150000,2.150000,2.150000,2.150000,0,0.0
2017-10-16,2.150000,2.150000,2.150000,2.150000,2.150000,0,0.0
2017-10-17,2.150000,2.150000,2.150000,2.150000,2.150000,0,0.0
2017-10-18,2.150000,2.150000,2.150000,2.150000,2.150000,0,0.0
2017-10-19,2.150000,2.150000,2.150000,2.150000,2.150000,0,0.0
2017-10-20,2.150000,2.150000,2.150000,2.150000,2.150000,0,0.0
2017-10-23,2.150000,2.150000,2.150000,2.150000,2.150000,0,0.0
2017-10-24,2.150000,2.150000,2.150000,2.150000,2.150000,0,0.0
2017-10-25,2.150000,2.150000,2.150000,2.150000,2.150000,0,0.0
2017-10-26,2.150000,2.150000,2.150000,2.150000,2.150000,0,0.0
2017-10-27,2.150000,2.150000,2.150000,2.150000,2.150000,0,0.0
2017-10-30,2.150000,2.150000,2.150000,2.150000,2.150000,0,0.0
2017-10-31,2.150000,2.150000,2.150000,2.150000,2.150000,0,0.0
2017-11-01,2.150000,2.150000,2.150000,2.150000,2.150000,0,0.0
2017-11-02,2.150000,2.150000,2.150000,2.150000,2.150000,0,0.0
2017-11-03,2.150000,2.150000,2.150000,2.150000,2.150000,0,0.0
2017-11-06,2.150000,2.150000,2.150000,2.150000,2.150000,0,0.0
2017-11-07,2.150000,2.150000,2.150000,2.150000,2.150000,0,0.0
2017-11-08,2.150000,2.150000,2.150000,2.150000,2.150000,0,0.0
2017-11-09,2.150000,2.150000,2.150000,2.150000,2.150000,0,0.0
2017-11-10,2.150000,2.150000,2.150000,2.150000,2.150000,0,0.0
2017-11-13,2.150000,2.150000,2.150000,2.150000,2.150000,0,0.0
2017-11-14,2.150000,2.150000,2.150000,2.150000,2.150000,0,0.0
2017-11-15,2.150000,2.150000,2.150000,2.150000,2.150000,0,0.0
2017-11-16,2.150000,2.150000,2.150000,2.150000,2.150000,0,0.0
2017-11-17,2.150000,2.150000,2.150000,2.150000,2.150000,0,0.0
2017-11-20,2.150000,2.150000,2.150000,2.150000,2.150000,0,0.0
2017-11-21,2.150000,2.150000,2.150000,2.150000,2.150000,0,0.0
2017-11-22,2.150000,2.150000,2.150000,2.150000,2.150000,0,0.0
2017-11-24,2.190000,2.190000,2.190000,2.190000,2.190000,500,0.0
2017-11-27,2.180000,2.180000,2.180000,2.180000,2.180000,500,0.0
2017-11-28,2.180000,2.180000,2.180000,2.180000,2.180000,0,0.0
2017-11-29,2.180000,2.180000,2.180000,2.180000,2.180000,0,0.0
2017-11-30,2.180000,2.180000,2.180000,2.180000,2.180000,0,0.0
2017-12-01,2.180000,2.180000,2.180000,2.180000,2.180000,0,0.0
2017-12-04,2.180000,2.180000,2.180000,2.180000,2.180000,0,0.0
2017-12-05,2.180000,2.180000,2.180000,2.180000,2.180000,0,0.0
2017-12-06,2.180000,2.180000,2.180000,2.180000,2.180000,0,0.0
2017-12-07,2.180000,2.180000,2.180000,2.180000,2.180000,0,0.0
2017-12-08,2.180000,2.180000,2.180000,2.180000,2.180000,0,0.0
2017-12-11,2.180000,2.180000,2.180000,2.180000,2.180000,0,0.0
2017-12-12,0.500000,0.520000,0.500000,0.520000,0.520000,27700,0.040000000000000036
2017-12-13,0.520000,0.520000,0.520000,0.520000,0.520000,0,0.0
2017-12-14,0.520000,0.520000,0.520000,0.520000,0.520000,0,0.0
2017-12-15,0.520000,0.520000,0.520000,0.520000,0.520000,0,0.0
2017-12-18,0.520000,0.520000,0.520000,0.520000,0.520000,0,0.0
2017-12-19,0.520000,0.520000,0.520000,0.520000,0.520000,0,0.0
2017-12-20,0.520000,0.520000,0.520000,0.520000,0.520000,0,0.0
2017-12-21,0.520000,0.520000,0.520000,0.520000,0.520000,0,0.0
2017-12-22,0.490000,0.490000,0.490000,0.490000,0.490000,200,0.0
2017-12-26,0.500000,0.500000,0.500000,0.500000,0.500000,3000,0.0
2017-12-27,0.540000,0.540000,0.540000,0.540000,0.540000,1600,0.0
2017-12-28,0.540000,0.540000,0.540000,0.540000,0.540000,0,0.0
2017-12-29,0.540000,0.540000,0.540000,0.540000,0.540000,0,0.0
2018-01-02,0.540000,0.540000,0.540000,0.540000,0.540000,0,0.0
2018-01-03,0.540000,0.540000,0.540000,0.540000,0.540000,0,0.0
2018-01-04,0.540000,0.540000,0.540000,0.540000,0.540000,0,0.0
2018-01-05,0.540000,0.540000,0.540000,0.540000,0.540000,0,0.0
2018-01-08,0.540000,0.540000,0.540000,0.540000,0.540000,0,0.0
2018-01-09,0.660000,0.680000,0.660000,0.680000,0.680000,8800,0.030303030303030328
2018-01-10,0.680000,0.680000,0.680000,0.680000,0.680000,0,0.0
2018-01-11,0.680000,0.680000,0.680000,0.680000,0.680000,0,0.0
2018-01-12,0.690000,0.700000,0.690000,0.700000,0.700000,4800,0.01449275362318842
2018-01-16,0.700000,0.700000,0.700000,0.700000,0.700000,0,0.0
2018-01-17,0.700000,0.700000,0.700000,0.700000,0.700000,1400,0.0
2018-01-18,0.700000,0.700000,0.700000,0.700000,0.700000,0,0.0
2018-01-19,0.500000,0.500000,0.500000,0.500000,0.500000,300,0.0
2018-01-22,0.500000,0.500000,0.500000,0.500000,0.500000,0,0.0
2018-01-23,0.500000,0.500000,0.500000,0.500000,0.500000,0,0.0
2018-01-24,0.500000,0.500000,0.500000,0.500000,0.500000,0,0.0
2018-01-25,0.500000,0.500000,0.500000,0.500000,0.500000,0,0.0
2018-01-26,0.500000,0.500000,0.500000,0.500000,0.500000,0,0.0
2018-01-29,0.500000,0.500000,0.500000,0.500000,0.500000,0,0.0
2018-01-30,0.500000,0.500000,0.500000,0.500000,0.500000,0,0.0
2018-01-31,0.500000,0.500000,0.500000,0.500000,0.500000,0,0.0
2018-02-01,0.500000,0.500000,0.500000,0.500000,0.500000,0,0.0
2018-02-02,0.500000,0.500000,0.500000,0.500000,0.500000,0,0.0
2018-02-05,0.500000,0.500000,0.500000,0.500000,0.500000,0,0.0
2018-02-06,0.500000,0.500000,0.500000,0.500000,0.500000,0,0.0
2018-02-07,0.500000,0.500000,0.500000,0.500000,0.500000,0,0.0
2018-02-08,0.500000,0.500000,0.500000,0.500000,0.500000,0,0.0
2018-02-09,0.500000,0.500000,0.500000,0.500000,0.500000,0,0.0
2018-02-12,0.500000,0.500000,0.500000,0.500000,0.500000,0,0.0
2018-02-13,0.500000,0.500000,0.500000,0.500000,0.500000,0,0.0
2018-02-14,0.500000,0.500000,0.500000,0.500000,0.500000,0,0.0
2018-02-15,0.500000,0.500000,0.500000,0.500000,0.500000,0,0.0
2018-02-16,0.500000,0.500000,0.500000,0.500000,0.500000,0,0.0
2018-02-20,0.500000,0.500000,0.500000,0.500000,0.500000,0,0.0
2018-02-21,0.720000,0.720000,0.720000,0.720000,0.720000,100,0.0
2018-02-22,0.720000,0.720000,0.720000,0.720000,0.720000,0,0.0
2018-02-23,0.720000,0.720000,0.720000,0.720000,0.720000,0,0.0
2018-02-26,0.720000,0.720000,0.720000,0.720000,0.720000,0,0.0
2018-02-27,0.720000,0.720000,0.720000,0.720000,0.720000,0,0.0
2018-02-28,0.720000,0.720000,0.720000,0.720000,0.720000,0,0.0
2018-03-01,0.720000,0.720000,0.720000,0.720000,0.720000,0,0.0
2018-03-02,0.720000,0.720000,0.720000,0.720000,0.720000,0,0.0
2018-03-05,0.720000,0.720000,0.720000,0.720000,0.720000,0,0.0
2018-03-06,0.720000,0.720000,0.720000,0.720000,0.720000,0,0.0
2018-03-07,0.720000,0.720000,0.720000,0.720000,0.720000,0,0.0
2018-03-08,0.720000,0.720000,0.720000,0.720000,0.720000,0,0.0
2018-03-09,0.720000,0.720000,0.720000,0.720000,0.720000,0,0.0
2018-03-12,0.720000,0.720000,0.720000,0.720000,0.720000,0,0.0
2018-03-13,0.720000,0.720000,0.720000,0.720000,0.720000,0,0.0
2018-03-14,0.720000,0.720000,0.720000,0.720000,0.720000,0,0.0
2018-03-15,0.720000,0.720000,0.720000,0.720000,0.720000,0,0.0
2018-03-16,0.720000,0.720000,0.720000,0.720000,0.720000,0,0.0
2018-03-19,0.720000,0.720000,0.720000,0.720000,0.720000,0,0.0
2018-03-20,0.680000,0.680000,0.680000,0.680000,0.680000,1000,0.0
2018-03-21,0.680000,0.680000,0.680000,0.680000,0.680000,0,0.0
2018-03-22,0.660000,0.660000,0.660000,0.660000,0.660000,2000,0.0
2018-03-23,0.660000,0.660000,0.660000,0.660000,0.660000,0,0.0
2018-03-26,0.660000,0.660000,0.660000,0.660000,0.660000,0,0.0
2018-03-27,0.660000,0.660000,0.660000,0.660000,0.660000,0,0.0
2018-03-28,0.660000,0.660000,0.660000,0.660000,0.660000,0,0.0
2018-03-29,0.660000,0.660000,0.660000,0.660000,0.660000,0,0.0
2018-04-02,0.660000,0.660000,0.660000,0.660000,0.660000,0,0.0
2018-04-03,0.660000,0.660000,0.660000,0.660000,0.660000,0,0.0
2018-04-04,0.660000,0.660000,0.660000,0.660000,0.660000,0,0.0
2018-04-05,0.660000,0.660000,0.660000,0.660000,0.660000,0,0.0
2018-04-06,0.660000,0.660000,0.660000,0.660000,0.660000,300,0.0
2018-04-09,0.660000,0.660000,0.660000,0.660000,0.660000,0,0.0
2018-04-10,0.660000,0.660000,0.660000,0.660000,0.660000,0,0.0
2018-04-11,0.660000,0.660000,0.660000,0.660000,0.660000,0,0.0
2018-04-12,0.660000,0.660000,0.660000,0.660000,0.660000,0,0.0
2018-04-13,0.660000,0.660000,0.660000,0.660000,0.660000,0,0.0
2018-04-16,0.660000,0.660000,0.660000,0.660000,0.660000,0,0.0
2018-04-17,0.660000,0.660000,0.660000,0.660000,0.660000,0,0.0
2018-04-18,0.660000,0.660000,0.660000,0.660000,0.660000,0,0.0
2018-04-19,0.660000,0.660000,0.660000,0.660000,0.660000,0,0.0
2018-04-20,0.660000,0.660000,0.660000,0.660000,0.660000,0,0.0
2018-04-23,0.660000,0.660000,0.660000,0.660000,0.660000,0,0.0
2018-04-24,0.660000,0.660000,0.660000,0.660000,0.660000,0,0.0
2018-04-25,0.660000,0.660000,0.660000,0.660000,0.660000,0,0.0
2018-04-26,0.660000,0.660000,0.660000,0.660000,0.660000,0,0.0
2018-04-27,0.660000,0.660000,0.660000,0.660000,0.660000,0,0.0
2018-04-30,0.660000,0.660000,0.660000,0.660000,0.660000,700,0.0
2018-05-01,0.660000,0.660000,0.660000,0.660000,0.660000,0,0.0
2018-05-02,0.660000,0.660000,0.660000,0.660000,0.660000,0,0.0
2018-05-03,0.660000,0.660000,0.660000,0.660000,0.660000,0,0.0
2018-05-04,0.660000,0.660000,0.660000,0.660000,0.660000,0,0.0
2018-05-07,0.660000,0.660000,0.660000,0.660000,0.660000,0,0.0
2018-05-08,0.660000,0.660000,0.660000,0.660000,0.660000,0,0.0
2018-05-09,0.660000,0.660000,0.660000,0.660000,0.660000,0,0.0
2018-05-10,0.660000,0.660000,0.660000,0.660000,0.660000,0,0.0
2018-05-11,0.660000,0.660000,0.660000,0.660000,0.660000,0,0.0
2018-05-14,0.660000,0.660000,0.660000,0.660000,0.660000,0,0.0
2018-05-15,0.660000,0.660000,0.660000,0.660000,0.660000,0,0.0
2018-05-16,0.660000,0.660000,0.660000,0.660000,0.660000,0,0.0
2018-05-17,0.660000,0.660000,0.660000,0.660000,0.660000,0,0.0
2018-05-18,0.660000,0.660000,0.660000,0.660000,0.660000,0,0.0
2018-05-21,0.660000,0.660000,0.660000,0.660000,0.660000,0,0.0
2018-05-22,0.660000,0.660000,0.660000,0.660000,0.660000,0,0.0
2018-05-23,0.660000,0.660000,0.660000,0.660000,0.660000,0,0.0
2018-05-24,0.660000,0.660000,0.660000,0.660000,0.660000,0,0.0
2018-05-25,0.660000,0.660000,0.660000,0.660000,0.660000,0,0.0
2018-05-29,0.660000,0.660000,0.660000,0.660000,0.660000,0,0.0
2018-05-30,0.660000,0.660000,0.660000,0.660000,0.660000,0,0.0
2018-05-31,0.660000,0.660000,0.660000,0.660000,0.660000,0,0.0
2018-06-01,0.660000,0.660000,0.660000,0.660000,0.660000,0,0.0
2018-06-04,0.660000,0.660000,0.660000,0.660000,0.660000,0,0.0
2018-06-05,0.660000,0.660000,0.660000,0.660000,0.660000,0,0.0
2018-06-06,0.660000,0.660000,0.660000,0.660000,0.660000,0,0.0
2018-06-07,0.660000,0.660000,0.660000,0.660000,0.660000,0,0.0
2018-06-08,0.660000,0.660000,0.660000,0.660000,0.660000,0,0.0
2018-06-11,0.660000,0.660000,0.660000,0.660000,0.660000,0,0.0
2018-06-12,0.660000,0.660000,0.660000,0.660000,0.660000,0,0.0
2018-06-13,0.660000,0.660000,0.660000,0.660000,0.660000,0,0.0
2018-06-14,0.660000,0.660000,0.660000,0.660000,0.660000,0,0.0
2018-06-15,0.660000,0.660000,0.660000,0.660000,0.660000,0,0.0
2018-06-18,0.660000,0.660000,0.660000,0.660000,0.660000,0,0.0
2018-06-19,0.660000,0.660000,0.660000,0.660000,0.660000,0,0.0
2018-06-20,0.660000,0.660000,0.660000,0.660000,0.660000,0,0.0
2018-06-21,0.660000,0.660000,0.660000,0.660000,0.660000,0,0.0
2018-06-22,0.660000,0.660000,0.660000,0.660000,0.660000,0,0.0
2018-06-25,0.660000,0.660000,0.660000,0.660000,0.660000,0,0.0
2018-06-26,0.660000,0.660000,0.660000,0.660000,0.660000,0,0.0
2018-06-27,0.660000,0.660000,0.660000,0.660000,0.660000,0,0.0
2018-06-28,0.660000,0.660000,0.660000,0.660000,0.660000,0,0.0
2018-06-29,0.660000,0.660000,0.660000,0.660000,0.660000,0,0.0
2018-07-02,0.660000,0.660000,0.660000,0.660000,0.660000,0,0.0
2018-07-03,0.660000,0.660000,0.660000,0.660000,0.660000,0,0.0
2018-07-05,0.660000,0.660000,0.660000,0.660000,0.660000,0,0.0
2018-07-06,0.660000,0.660000,0.660000,0.660000,0.660000,3800,0.0
2018-07-09,0.660000,0.660000,0.660000,0.660000,0.660000,0,0.0
2018-07-10,0.660000,0.660000,0.660000,0.660000,0.660000,0,0.0
2018-07-11,0.660000,0.660000,0.660000,0.660000,0.660000,0,0.0
2018-07-12,0.660000,0.660000,0.660000,0.660000,0.660000,0,0.0
2018-07-13,0.660000,0.660000,0.660000,0.660000,0.660000,0,0.0
2018-07-16,0.660000,0.660000,0.660000,0.660000,0.660000,0,0.0
2018-07-17,0.660000,0.660000,0.660000,0.660000,0.660000,0,0.0
2018-07-18,0.660000,0.660000,0.660000,0.660000,0.660000,0,0.0
2018-07-19,0.660000,0.660000,0.660000,0.660000,0.660000,0,0.0
2018-07-20,0.660000,0.660000,0.660000,0.660000,0.660000,0,0.0
2018-07-23,0.660000,0.660000,0.660000,0.660000,0.660000,0,0.0
2018-07-24,0.660000,0.660000,0.660000,0.660000,0.660000,0,0.0
2018-07-25,0.660000,0.660000,0.660000,0.660000,0.660000,0,0.0
2018-07-26,0.660000,0.660000,0.660000,0.660000,0.660000,0,0.0
2018-07-27,0.660000,0.660000,0.660000,0.660000,0.660000,0,0.0
2018-07-30,0.660000,0.660000,0.660000,0.660000,0.660000,0,0.0
2018-07-31,0.660000,0.660000,0.660000,0.660000,0.660000,0,0.0
2018-08-01,0.660000,0.660000,0.660000,0.660000,0.660000,0,0.0
2018-08-02,0.650000,0.650000,0.650000,0.650000,0.650000,2300,0.0
2018-08-03,0.650000,0.650000,0.650000,0.650000,0.650000,2400,0.0
2018-08-06,0.650000,0.650000,0.650000,0.650000,0.650000,0,0.0
2018-08-07,0.650000,0.650000,0.650000,0.650000,0.650000,0,0.0
2018-08-08,0.650000,0.650000,0.650000,0.650000,0.650000,0,0.0
2018-08-09,0.650000,0.650000,0.650000,0.650000,0.650000,0,0.0
2018-08-10,0.650000,0.650000,0.650000,0.650000,0.650000,0,0.0
2018-08-13,0.650000,0.650000,0.650000,0.650000,0.650000,0,0.0
2018-08-14,0.650000,0.650000,0.650000,0.650000,0.650000,0,0.0
2018-08-15,0.650000,0.650000,0.650000,0.650000,0.650000,0,0.0
2018-08-16,0.650000,0.650000,0.650000,0.650000,0.650000,0,0.0
2018-08-17,0.650000,0.650000,0.650000,0.650000,0.650000,0,0.0
2018-08-20,0.650000,0.650000,0.650000,0.650000,0.650000,3200,0.0
2018-08-21,0.650000,0.650000,0.650000,0.650000,0.650000,0,0.0
2018-08-22,0.650000,0.650000,0.650000,0.650000,0.650000,0,0.0
2018-08-23,0.650000,0.650000,0.650000,0.650000,0.650000,0,0.0
2018-08-24,0.650000,0.650000,0.650000,0.650000,0.650000,0,0.0
2018-08-27,0.650000,0.650000,0.650000,0.650000,0.650000,0,0.0
2018-08-28,0.650000,0.650000,0.650000,0.650000,0.650000,0,0.0
2018-08-29,0.650000,0.650000,0.650000,0.650000,0.650000,0,0.0
2018-08-30,0.650000,0.650000,0.650000,0.650000,0.650000,0,0.0
2018-08-31,0.650000,0.650000,0.650000,0.650000,0.650000,0,0.0
2018-09-04,0.600000,0.600000,0.550000,0.550000,0.550000,4800,-0.08333333333333323
2018-09-05,0.550000,0.550000,0.550000,0.550000,0.550000,0,0.0
2018-09-06,0.550000,0.550000,0.550000,0.550000,0.550000,0,0.0
2018-09-07,0.550000,0.550000,0.550000,0.550000,0.550000,0,0.0
2018-09-10,0.640000,0.640000,0.640000,0.640000,0.640000,17000,0.0
